"transaction_id";"customer_id";"catagory";"quantity";"price_per_unit";"total_spend";"transaction_date"
1002182;"CUST_01";"Food";5;11;55.0;"2024-10-08"
1003865;"CUST_15";"Furniture";5;7;32.5;"2022-03-12"
1003940;"CUST_06";"Furniture";9;11;99.0;"2022-04-22"
1004091;"CUST_04";"Food";3;41;123.0;"2023-11-09"
1004124;"CUST_08";"Computers and electric accessories";5;14;70.0;"2022-03-02"
1004284;"CUST_15";"Milk Products";3;41;123.0;"2023-09-25"
1005543;"CUST_19";"Food";0;0;0.0;"2022-12-03"
1005750;"CUST_04";"Electric household essentials";6;22;129.0;"2022-11-26"
1006123;"CUST_04";"Electric household essentials";1;16;15.5;"2023-10-17"
1006129;"CUST_21";"Milk Products";8;29;232.0;"2024-11-05"
1006950;"CUST_06";"Food";5;19;92.5;"2023-08-03"
1007144;"CUST_20";"Beverages";4;7;26.0;"2022-03-05"
1007406;"CUST_13";"Beverages";6;22;129.0;"2022-05-08"
1007496;"CUST_01";"Butchers";10;16;155.0;"2024-02-05"
1007510;"CUST_14";"Beverages";5;35;175.0;"2022-10-03"
1009738;"CUST_06";"Computers and electric accessories";2;41;82.0;"2023-04-23"
1010570;"CUST_08";"Butchers";7;26;182.0;"2023-04-24"
1010976;"CUST_07";"Computers and electric accessories";5;22;107.5;"2022-06-30"
1011669;"CUST_14";"Food";8;23;184.0;"2025-01-17"
1011882;"CUST_16";"Patisserie";2;35;70.0;"2023-10-31"
1011892;"CUST_08";"Furniture";2;40;79.0;"2023-08-27"
1011915;"CUST_16";"Patisserie";10;32;320.0;"2023-03-25"
1012234;"CUST_15";"Computers and electric accessories";7;8;56.0;"2024-05-12"
1012276;"CUST_16";"Food";9;35;315.0;"2024-11-14"
1013045;"CUST_11";"Computers and electric accessories";4;32;128.0;"2023-07-11"
1014253;"CUST_01";"Furniture";9;25;220.5;"2023-01-15"
1014375;"CUST_17";"Food";3;29;87.0;"2023-09-28"
1015414;"CUST_18";"Butchers";10;38;380.0;"2022-12-13"
1016209;"CUST_06";"Food";4;41;164.0;"2024-11-09"
1016292;"CUST_11";"Electric household essentials";1;26;26.0;"2022-02-12"
1016655;"CUST_01";"Food";1;29;29.0;"2023-10-22"
1017087;"CUST_06";"Patisserie";4;19;74.0;"2023-05-22"
1017199;"CUST_02";"Electric household essentials";7;13;87.5;"2024-01-14"
1018578;"CUST_10";"Computers and electric accessories";3;19;55.5;"2023-01-17"
1019817;"CUST_16";"Electric household essentials";5;19;92.5;"2022-08-01"
1020775;"CUST_06";"Patisserie";3;28;82.5;"2023-04-08"
1020981;"CUST_19";"Electric household essentials";2;26;52.0;"2024-09-25"
1021697;"CUST_18";"Patisserie";6;38;228.0;"2022-08-18"
1021886;"CUST_04";"Butchers";5;16;77.5;"2022-02-26"
1021914;"CUST_25";"Electric household essentials";8;26;208.0;"2022-10-01"
1023937;"CUST_08";"Butchers";5;16;77.5;"2024-10-09"
1025805;"CUST_09";"Butchers";2;16;31.0;"2024-07-28"
1027160;"CUST_15";"Beverages";10;34;335.0;"2024-06-12"
1027353;"CUST_06";"Beverages";8;28;220.0;"2024-05-04"
1028025;"CUST_05";"Milk Products";5;20;100.0;"2023-05-18"
1028281;"CUST_20";"Beverages";10;34;335.0;"2022-02-27"
1029810;"CUST_23";"Butchers";4;5;20.0;"2022-08-02"
1030654;"CUST_20";"Milk Products";7;38;266.0;"2022-08-26"
1031335;"CUST_21";"Electric household essentials";6;13;75.0;"2024-11-19"
1031561;"CUST_14";"Patisserie";6;28;165.0;"2023-01-04"
1031651;"CUST_12";"Beverages";6;7;39.0;"2023-05-03"
1032287;"CUST_16";"Food";2;22;43.0;"2022-07-27"
1033656;"CUST_18";"Electric household essentials";5;26;130.0;"2024-04-29"
1034189;"CUST_25";"Beverages";2;28;55.0;"2022-02-08"
1036311;"CUST_16";"Electric household essentials";1;29;29.0;"2022-12-22"
1036563;"CUST_12";"Computers and electric accessories";8;22;172.0;"2023-09-12"
1037036;"CUST_18";"Beverages";10;40;395.0;"2024-03-22"
1038078;"CUST_05";"Patisserie";5;29;145.0;"2023-09-15"
1038808;"CUST_02";"Milk Products";1;14;14.0;"2024-02-29"
1038947;"CUST_14";"Milk Products";2;28;55.0;"2024-03-07"
1038979;"CUST_16";"Computers and electric accessories";3;11;33.0;"2024-02-06"
1039114;"CUST_08";"Patisserie";7;23;161.0;"2023-12-19"
1039611;"CUST_09";"Beverages";1;16;15.5;"2023-08-18"
1040270;"CUST_02";"Furniture";2;26;52.0;"2022-05-03"
1041483;"CUST_19";"Electric household essentials";0;0;0.0;"2024-03-19"
1041890;"CUST_03";"Furniture";0;0;0.0;"2022-07-02"
1041912;"CUST_18";"Beverages";4;22;86.0;"2023-11-12"
1042850;"CUST_16";"Beverages";2;17;34.0;"2024-10-19"
1042935;"CUST_18";"Patisserie";2;23;46.0;"2022-09-11"
1043899;"CUST_16";"Patisserie";2;28;55.0;"2024-09-02"
1044009;"CUST_05";"Milk Products";9;14;126.0;"2024-01-07"
1044590;"CUST_12";"Electric household essentials";4;14;56.0;"2024-05-07"
1045345;"CUST_24";"Electric household essentials";4;10;38.0;"2023-12-18"
1046262;"CUST_14";"Milk Products";5;14;70.0;"2022-11-19"
1046367;"CUST_21";"Computers and electric accessories";10;19;185.0;"2022-06-21"
1047304;"CUST_08";"Beverages";1;11;11.0;"2023-10-25"
1048755;"CUST_05";"Butchers";3;41;123.0;"2024-10-06"
1050160;"CUST_23";"Milk Products";6;23;138.0;"2023-11-06"
1051037;"CUST_14";"Patisserie";3;28;82.5;"2023-06-14"
1051223;"CUST_08";"Patisserie";9;5;45.0;"2023-10-25"
1051740;"CUST_24";"Milk Products";5;38;190.0;"2024-12-14"
1053050;"CUST_14";"Food";1;14;14.0;"2024-11-24"
1053131;"CUST_24";"Milk Products";7;8;56.0;"2024-08-04"
1054983;"CUST_15";"Milk Products";7;16;108.5;"2024-10-09"
1054994;"CUST_11";"Computers and electric accessories";10;14;140.0;"2023-09-05"
1055174;"CUST_12";"Computers and electric accessories";2;25;49.0;"2022-06-17"
1055966;"CUST_08";"Computers and electric accessories";5;11;55.0;"2024-12-22"
1056184;"CUST_16";"Beverages";5;25;122.5;"2024-11-30"
1056560;"CUST_22";"Furniture";6;13;75.0;"2024-03-06"
1057845;"CUST_18";"Beverages";7;34;234.5;"2024-04-03"
1058643;"CUST_23";"Food";2;10;19.0;"2024-10-01"
1058677;"CUST_22";"Computers and electric accessories";8;25;196.0;"2024-04-24"
1059221;"CUST_17";"Patisserie";2;28;55.0;"2022-09-11"
1060478;"CUST_06";"Butchers";3;38;114.0;"2024-05-29"
1060721;"CUST_24";"Milk Products";1;37;36.5;"2022-07-12"
1061030;"CUST_20";"Computers and electric accessories";4;37;146.0;"2024-07-14"
1061282;"CUST_06";"Furniture";2;28;55.0;"2024-03-28"
1063113;"CUST_14";"Patisserie";1;20;20.0;"2024-07-02"
1063182;"CUST_01";"Beverages";10;7;65.0;"2022-05-02"
1065130;"CUST_09";"Butchers";3;41;123.0;"2022-09-14"
1067274;"CUST_02";"Food";10;20;200.0;"2022-05-21"
1068083;"CUST_16";"Milk Products";8;5;40.0;"2023-10-11"
1068864;"CUST_13";"Computers and electric accessories";5;28;137.5;"2023-02-16"
1069163;"CUST_09";"Butchers";2;41;82.0;"2023-01-20"
1069238;"CUST_23";"Food";0;0;0.0;"2022-08-13"
1069677;"CUST_12";"Beverages";8;29;232.0;"2023-03-18"
1071181;"CUST_20";"Furniture";6;29;174.0;"2023-04-16"
1071655;"CUST_15";"Furniture";8;13;100.0;"2024-04-25"
1071762;"CUST_19";"Beverages";3;10;28.5;"2024-10-31"
1072609;"CUST_08";"Patisserie";10;5;50.0;"2023-01-31"
1073711;"CUST_24";"Furniture";6;7;39.0;"2024-01-02"
1074265;"CUST_17";"Patisserie";7;7;45.5;"2024-03-16"
1075229;"CUST_03";"Beverages";3;14;42.0;"2023-09-08"
1075886;"CUST_14";"Furniture";4;8;32.0;"2024-08-21"
1076536;"CUST_23";"Computers and electric accessories";7;16;108.5;"2023-05-24"
1076574;"CUST_16";"Computers and electric accessories";8;11;88.0;"2024-09-19"
1076822;"CUST_13";"Computers and electric accessories";2;28;55.0;"2022-10-06"
1076981;"CUST_06";"Milk Products";3;20;60.0;"2023-11-11"
1077412;"CUST_07";"Electric household essentials";3;17;51.0;"2024-06-02"
1078382;"CUST_15";"Butchers";6;38;228.0;"2022-07-08"
1078497;"CUST_03";"Furniture";9;40;355.5;"2024-01-21"
1078672;"CUST_16";"Patisserie";8;40;316.0;"2023-07-22"
1079752;"CUST_07";"Food";8;34;268.0;"2023-11-08"
1082353;"CUST_02";"Patisserie";2;38;76.0;"2023-01-05"
1083965;"CUST_15";"Patisserie";8;13;100.0;"2024-04-11"
1084358;"CUST_02";"Milk Products";10;5;50.0;"2022-01-23"
1085427;"CUST_24";"Patisserie";9;29;261.0;"2024-10-21"
1085751;"CUST_06";"Computers and electric accessories";10;13;125.0;"2024-08-27"
1086487;"CUST_07";"Beverages";1;28;27.5;"2025-01-05"
1086949;"CUST_03";"Furniture";3;11;33.0;"2023-12-07"
1087400;"CUST_08";"Food";2;29;58.0;"2023-07-14"
1089119;"CUST_05";"Food";9;20;180.0;"2024-08-18"
1089350;"CUST_06";"Computers and electric accessories";9;29;261.0;"2025-01-03"
1091462;"CUST_11";"Beverages";2;28;55.0;"2022-06-22"
1091806;"CUST_23";"Computers and electric accessories";7;17;119.0;"2024-11-04"
1091915;"CUST_01";"Patisserie";4;37;146.0;"2023-07-16"
1095198;"CUST_25";"Electric household essentials";2;32;64.0;"2022-11-04"
1095513;"CUST_03";"Food";1;40;39.5;"2022-08-04"
1095879;"CUST_15";"Beverages";10;7;65.0;"2023-02-04"
1096134;"CUST_06";"Food";8;10;76.0;"2022-06-11"
1096977;"CUST_07";"Food";9;23;207.0;"2024-12-07"
1097532;"CUST_02";"Beverages";3;22;64.5;"2022-03-01"
1099045;"CUST_21";"Patisserie";6;19;111.0;"2022-09-12"
1101287;"CUST_05";"Furniture";2;20;40.0;"2024-01-05"
1101297;"CUST_15";"Milk Products";2;14;28.0;"2022-03-24"
1102033;"CUST_01";"Computers and electric accessories";10;23;230.0;"2022-04-17"
1102128;"CUST_22";"Furniture";3;11;33.0;"2024-05-01"
1102582;"CUST_09";"Food";5;23;115.0;"2024-10-27"
1102675;"CUST_20";"Furniture";1;35;35.0;"2024-11-02"
1102901;"CUST_16";"Patisserie";10;25;245.0;"2022-03-17"
1105856;"CUST_08";"Furniture";2;40;79.0;"2022-04-17"
1107138;"CUST_16";"Beverages";2;19;37.0;"2023-07-08"
1107383;"CUST_15";"Milk Products";6;8;48.0;"2022-03-24"
1107812;"CUST_03";"Butchers";5;34;167.5;"2023-04-13"
1109670;"CUST_24";"Beverages";6;34;201.0;"2023-08-12"
1110407;"CUST_25";"Butchers";7;40;276.5;"2022-10-21"
1110932;"CUST_24";"Butchers";9;34;301.5;"2024-04-07"
1112365;"CUST_19";"Food";10;40;395.0;"2023-09-24"
1112486;"CUST_01";"Computers and electric accessories";5;38;190.0;"2022-01-22"
1112566;"CUST_22";"Beverages";2;29;58.0;"2022-07-19"
1113144;"CUST_01";"Electric household essentials";10;11;110.0;"2022-05-03"
1113295;"CUST_11";"Milk Products";10;41;410.0;"2022-08-23"
1116351;"CUST_13";"Computers and electric accessories";3;38;114.0;"2024-08-26"
1117354;"CUST_22";"Beverages";4;7;26.0;"2024-11-01"
1118794;"CUST_06";"Furniture";2;5;10.0;"2024-02-05"
1118935;"CUST_08";"Butchers";7;16;108.5;"2022-06-20"
1119796;"CUST_07";"Food";2;37;73.0;"2022-12-05"
1121761;"CUST_10";"Butchers";7;40;276.5;"2023-11-04"
1122145;"CUST_06";"Electric household essentials";5;13;62.5;"2022-11-14"
1122490;"CUST_06";"Butchers";6;13;75.0;"2023-11-30"
1123016;"CUST_14";"Computers and electric accessories";9;11;99.0;"2022-07-21"
1123240;"CUST_23";"Patisserie";10;37;365.0;"2022-06-29"
1123421;"CUST_25";"Milk Products";8;29;232.0;"2022-02-08"
1124993;"CUST_03";"Patisserie";10;29;290.0;"2023-06-09"
1125784;"CUST_05";"Furniture";9;14;126.0;"2023-07-29"
1126177;"CUST_05";"Patisserie";9;14;126.0;"2022-09-26"
1126918;"CUST_06";"Furniture";7;13;87.5;"2022-10-23"
1127104;"CUST_14";"Electric household essentials";9;35;315.0;"2023-09-23"
1127219;"CUST_05";"Electric household essentials";4;5;20.0;"2022-09-20"
1127482;"CUST_05";"Furniture";7;25;171.5;"2023-10-16"
1130015;"CUST_23";"Milk Products";0;0;0.0;"2024-03-27"
1130823;"CUST_13";"Computers and electric accessories";10;17;170.0;"2024-11-02"
1132097;"CUST_24";"Patisserie";9;20;180.0;"2023-05-18"
1132339;"CUST_01";"Beverages";4;20;80.0;"2023-07-12"
1132569;"CUST_19";"Computers and electric accessories";2;37;73.0;"2023-06-28"
1133322;"CUST_16";"Beverages";10;5;50.0;"2022-08-06"
1133577;"CUST_06";"Electric household essentials";6;10;57.0;"2022-08-13"
1134117;"CUST_18";"Beverages";1;34;33.5;"2024-12-30"
1134786;"CUST_18";"Electric household essentials";1;29;29.0;"2023-09-21"
1135069;"CUST_01";"Computers and electric accessories";2;19;37.0;"2024-12-15"
1135450;"CUST_03";"Food";8;34;268.0;"2024-10-03"
1135523;"CUST_04";"Electric household essentials";6;34;201.0;"2024-08-04"
1135577;"CUST_20";"Beverages";3;22;64.5;"2023-08-28"
1135615;"CUST_21";"Beverages";8;7;52.0;"2022-08-25"
1136214;"CUST_25";"Furniture";4;7;26.0;"2023-08-06"
1136695;"CUST_18";"Food";8;10;76.0;"2024-03-24"
1137120;"CUST_06";"Milk Products";1;32;32.0;"2024-10-17"
1137542;"CUST_21";"Electric household essentials";1;11;11.0;"2023-06-29"
1137690;"CUST_22";"Electric household essentials";9;38;342.0;"2023-01-18"
1138768;"CUST_12";"Computers and electric accessories";8;25;196.0;"2022-03-09"
1139198;"CUST_01";"Furniture";7;29;203.0;"2022-11-04"
1140136;"CUST_01";"Electric household essentials";10;22;215.0;"2022-06-04"
1140976;"CUST_06";"Computers and electric accessories";4;22;86.0;"2024-05-01"
1141770;"CUST_03";"Beverages";9;34;301.5;"2022-05-30"
1141808;"CUST_23";"Patisserie";2;16;31.0;"2022-03-14"
1142481;"CUST_02";"Beverages";6;37;219.0;"2023-02-07"
1143548;"CUST_12";"Furniture";4;35;140.0;"2022-01-04"
1143957;"CUST_06";"Milk Products";7;38;266.0;"2024-04-27"
1143989;"CUST_02";"Butchers";1;22;21.5;"2022-08-30"
1144228;"CUST_01";"Electric household essentials";1;38;38.0;"2024-11-19"
1147196;"CUST_13";"Food";5;34;167.5;"2023-02-09"
1148392;"CUST_14";"Computers and electric accessories";5;20;100.0;"2022-08-05"
1150006;"CUST_01";"Furniture";5;28;137.5;"2024-10-03"
1151406;"CUST_04";"Butchers";9;32;288.0;"2022-05-18"
1153259;"CUST_21";"Milk Products";7;28;192.5;"2024-10-13"
1153704;"CUST_10";"Patisserie";1;23;23.0;"2022-01-02"
1153995;"CUST_03";"Electric household essentials";0;0;0.0;"2022-02-12"
1154680;"CUST_25";"Furniture";0;0;0.0;"2022-12-18"
1155401;"CUST_06";"Milk Products";2;32;64.0;"2024-12-07"
1155771;"CUST_05";"Butchers";3;38;114.0;"2024-10-18"
1156192;"CUST_07";"Food";4;20;80.0;"2024-02-17"
1156632;"CUST_05";"Food";2;26;52.0;"2024-06-21"
1156896;"CUST_03";"Computers and electric accessories";5;38;190.0;"2024-06-07"
1157052;"CUST_24";"Butchers";4;23;92.0;"2022-11-02"
1157208;"CUST_04";"Butchers";5;41;205.0;"2022-07-07"
1158381;"CUST_24";"Butchers";0;0;0.0;"2022-12-26"
1158681;"CUST_23";"Food";8;34;268.0;"2022-02-22"
1159099;"CUST_11";"Computers and electric accessories";5;29;145.0;"2023-06-08"
1159514;"CUST_21";"Milk Products";4;14;56.0;"2023-03-19"
1160375;"CUST_14";"Electric household essentials";10;11;110.0;"2023-08-12"
1161003;"CUST_17";"Electric household essentials";4;38;152.0;"2022-03-24"
1162568;"CUST_15";"Electric household essentials";10;22;215.0;"2022-05-14"
1164094;"CUST_09";"Patisserie";3;11;33.0;"2024-07-29"
1164425;"CUST_05";"Beverages";3;7;19.5;"2023-09-25"
1164547;"CUST_10";"Computers and electric accessories";7;37;255.5;"2023-12-09"
1165342;"CUST_24";"Patisserie";7;14;98.0;"2023-02-01"
1166423;"CUST_08";"Beverages";1;29;29.0;"2024-08-12"
1166621;"CUST_23";"Beverages";6;37;219.0;"2022-04-30"
1168511;"CUST_05";"Food";2;20;40.0;"2022-05-03"
1170545;"CUST_19";"Electric household essentials";4;16;62.0;"2023-11-27"
1170854;"CUST_03";"Patisserie";7;19;129.5;"2022-04-04"
1172555;"CUST_08";"Beverages";10;41;410.0;"2023-04-01"
1172683;"CUST_10";"Food";8;22;172.0;"2023-07-10"
1173263;"CUST_13";"Electric household essentials";7;16;108.5;"2022-07-31"
1174385;"CUST_18";"Computers and electric accessories";1;32;32.0;"2024-03-12"
1174715;"CUST_17";"Patisserie";1;38;38.0;"2022-06-09"
1175007;"CUST_01";"Computers and electric accessories";6;34;201.0;"2024-07-10"
1175373;"CUST_13";"Milk Products";3;40;118.5;"2024-04-09"
1175726;"CUST_01";"Milk Products";2;20;40.0;"2024-07-08"
1175914;"CUST_13";"Butchers";0;0;0.0;"2023-05-19"
1176248;"CUST_16";"Beverages";6;10;57.0;"2022-12-06"
1177239;"CUST_21";"Electric household essentials";9;22;193.5;"2023-04-14"
1177301;"CUST_09";"Patisserie";6;34;201.0;"2022-04-08"
1178538;"CUST_22";"Milk Products";8;13;100.0;"2022-06-08"
1178688;"CUST_17";"Beverages";3;22;64.5;"2023-10-15"
1179280;"CUST_01";"Food";9;8;72.0;"2023-10-02"
1179909;"CUST_22";"Beverages";7;22;150.5;"2023-05-21"
1181808;"CUST_23";"Furniture";4;14;56.0;"2023-09-21"
1185443;"CUST_23";"Butchers";7;23;161.0;"2023-11-16"
1185788;"CUST_11";"Milk Products";7;13;87.5;"2023-09-07"
1186888;"CUST_10";"Patisserie";5;25;122.5;"2022-02-15"
1187419;"CUST_22";"Butchers";5;34;167.5;"2022-02-03"
1187836;"CUST_01";"Computers and electric accessories";0;0;0.0;"2022-12-20"
1188415;"CUST_18";"Electric household essentials";5;5;25.0;"2025-01-15"
1188617;"CUST_04";"Food";1;25;24.5;"2024-02-19"
1188804;"CUST_02";"Computers and electric accessories";7;32;224.0;"2024-01-27"
1188935;"CUST_17";"Electric household essentials";3;32;96.0;"2024-03-30"
1189082;"CUST_23";"Beverages";1;8;8.0;"2022-06-03"
1189571;"CUST_08";"Food";3;20;60.0;"2023-11-06"
1189728;"CUST_10";"Food";4;31;122.0;"2023-11-25"
1190407;"CUST_05";"Milk Products";9;20;180.0;"2022-09-21"
1190422;"CUST_03";"Patisserie";3;22;64.5;"2023-01-11"
1190560;"CUST_16";"Furniture";8;34;268.0;"2023-01-31"
1190991;"CUST_06";"Butchers";10;22;215.0;"2022-10-21"
1192429;"CUST_01";"Beverages";3;14;42.0;"2024-06-20"
1193062;"CUST_22";"Furniture";5;34;167.5;"2022-02-23"
1193688;"CUST_16";"Computers and electric accessories";8;5;40.0;"2024-04-21"
1194790;"CUST_07";"Computers and electric accessories";4;25;98.0;"2023-09-07"
1195231;"CUST_24";"Electric household essentials";8;5;40.0;"2022-11-28"
1196570;"CUST_22";"Beverages";8;13;100.0;"2024-02-09"
1197350;"CUST_22";"Butchers";1;34;33.5;"2024-06-10"
1197801;"CUST_14";"Patisserie";3;29;87.0;"2023-01-06"
1197864;"CUST_09";"Computers and electric accessories";6;31;183.0;"2022-01-06"
1198181;"CUST_25";"Food";5;22;107.5;"2024-04-28"
1198384;"CUST_12";"Furniture";1;26;26.0;"2024-11-13"
1198866;"CUST_11";"Patisserie";8;26;208.0;"2022-01-12"
1199362;"CUST_23";"Beverages";3;7;19.5;"2022-09-26"
1199408;"CUST_05";"Butchers";6;11;66.0;"2024-03-24"
1199916;"CUST_21";"Furniture";0;0;0.0;"2022-06-25"
1201215;"CUST_13";"Computers and electric accessories";6;16;93.0;"2022-10-03"
1201615;"CUST_25";"Patisserie";2;29;58.0;"2022-08-06"
1201718;"CUST_17";"Food";6;17;102.0;"2024-04-08"
1201757;"CUST_14";"Electric household essentials";9;13;112.5;"2024-12-16"
1201977;"CUST_08";"Furniture";10;5;50.0;"2023-04-27"
1202644;"CUST_01";"Food";5;41;205.0;"2023-04-02"
1202968;"CUST_11";"Electric household essentials";8;14;112.0;"2022-09-03"
1203139;"CUST_11";"Milk Products";7;37;255.5;"2024-09-06"
1203184;"CUST_03";"Patisserie";5;16;77.5;"2023-06-12"
1204007;"CUST_11";"Furniture";8;25;196.0;"2022-10-11"
1205286;"CUST_11";"Patisserie";4;29;116.0;"2022-11-02"
1205686;"CUST_09";"Computers and electric accessories";2;32;64.0;"2022-03-12"
1205880;"CUST_04";"Furniture";2;11;22.0;"2023-06-17"
1207317;"CUST_21";"Furniture";3;40;118.5;"2024-09-13"
1207537;"CUST_02";"Butchers";9;8;72.0;"2022-02-01"
1207822;"CUST_03";"Food";1;25;24.5;"2023-05-26"
1207984;"CUST_17";"Food";6;29;174.0;"2022-05-10"
1208593;"CUST_21";"Patisserie";0;0;0.0;"2022-11-19"
1208768;"CUST_24";"Beverages";2;14;28.0;"2023-02-28"
1209005;"CUST_10";"Beverages";5;8;40.0;"2022-12-31"
1209021;"CUST_18";"Milk Products";6;11;66.0;"2024-11-11"
1209495;"CUST_24";"Beverages";10;11;110.0;"2023-01-29"
1209700;"CUST_08";"Beverages";9;40;355.5;"2024-06-17"
1210437;"CUST_15";"Food";7;10;66.5;"2023-05-26"
1211345;"CUST_19";"Furniture";7;10;66.5;"2024-12-02"
1211734;"CUST_18";"Patisserie";2;13;25.0;"2023-06-15"
1212058;"CUST_07";"Electric household essentials";1;22;21.5;"2023-03-18"
1212399;"CUST_05";"Beverages";8;14;112.0;"2024-01-17"
1212420;"CUST_05";"Patisserie";2;23;46.0;"2022-06-21"
1213004;"CUST_19";"Food";2;22;43.0;"2022-03-18"
1213835;"CUST_02";"Beverages";4;37;146.0;"2022-07-06"
1217844;"CUST_03";"Computers and electric accessories";8;25;196.0;"2022-04-30"
1219422;"CUST_09";"Furniture";6;20;120.0;"2023-11-01"
1219590;"CUST_25";"Food";3;38;114.0;"2024-01-16"
1219680;"CUST_14";"Electric household essentials";3;11;33.0;"2024-09-04"
1220342;"CUST_04";"Patisserie";10;40;395.0;"2024-04-03"
1220541;"CUST_21";"Food";0;0;0.0;"2023-12-03"
1221709;"CUST_12";"Patisserie";4;16;62.0;"2022-12-23"
1221943;"CUST_12";"Furniture";10;19;185.0;"2024-10-02"
1222397;"CUST_01";"Electric household essentials";10;11;110.0;"2023-03-23"
1222659;"CUST_17";"Beverages";5;32;160.0;"2022-06-22"
1223061;"CUST_17";"Milk Products";10;35;350.0;"2022-09-05"
1223079;"CUST_06";"Patisserie";4;28;110.0;"2024-08-06"
1223128;"CUST_13";"Butchers";0;0;0.0;"2023-10-24"
1223573;"CUST_14";"Computers and electric accessories";3;13;37.5;"2024-04-06"
1224026;"CUST_01";"Food";10;7;65.0;"2022-10-17"
1224321;"CUST_05";"Computers and electric accessories";1;13;12.5;"2022-08-22"
1224414;"CUST_15";"Furniture";5;13;62.5;"2022-01-23"
1226245;"CUST_18";"Food";0;0;0.0;"2023-05-31"
1227978;"CUST_03";"Beverages";10;41;410.0;"2024-01-17"
1228408;"CUST_01";"Patisserie";0;0;0.0;"2023-12-19"
1229733;"CUST_01";"Food";6;8;48.0;"2024-04-17"
1230120;"CUST_22";"Patisserie";4;26;104.0;"2024-04-10"
1230793;"CUST_10";"Computers and electric accessories";4;14;56.0;"2024-06-28"
1231391;"CUST_07";"Patisserie";3;16;46.5;"2022-04-06"
1231953;"CUST_13";"Computers and electric accessories";8;17;136.0;"2024-02-16"
1232531;"CUST_12";"Beverages";3;7;19.5;"2024-05-27"
1234299;"CUST_15";"Butchers";10;32;320.0;"2022-02-17"
1235721;"CUST_20";"Electric household essentials";3;28;82.5;"2024-02-24"
1236974;"CUST_01";"Beverages";8;10;76.0;"2023-04-21"
1237218;"CUST_10";"Electric household essentials";3;26;78.0;"2022-11-21"
1238430;"CUST_10";"Milk Products";8;23;184.0;"2024-05-16"
1238908;"CUST_10";"Beverages";7;22;150.5;"2024-02-15"
1238927;"CUST_01";"Patisserie";1;14;14.0;"2022-12-23"
1239531;"CUST_08";"Beverages";10;37;365.0;"2023-02-18"
1243748;"CUST_25";"Computers and electric accessories";3;7;19.5;"2023-05-23"
1243810;"CUST_15";"Furniture";8;20;160.0;"2023-12-28"
1243903;"CUST_21";"Computers and electric accessories";8;14;112.0;"2023-07-25"
1244212;"CUST_24";"Milk Products";6;20;120.0;"2024-10-15"
1245067;"CUST_21";"Food";1;31;30.5;"2023-08-15"
1245088;"CUST_07";"Beverages";6;29;174.0;"2024-03-04"
1245154;"CUST_13";"Furniture";2;5;10.0;"2024-12-09"
1245404;"CUST_24";"Furniture";7;25;171.5;"2024-07-31"
1246620;"CUST_22";"Patisserie";6;20;120.0;"2024-06-23"
1247741;"CUST_01";"Butchers";10;10;95.0;"2024-08-18"
1248449;"CUST_03";"Beverages";8;35;280.0;"2023-05-28"
1248451;"CUST_06";"Beverages";2;40;79.0;"2024-11-26"
1248527;"CUST_02";"Furniture";6;11;66.0;"2024-03-02"
1248793;"CUST_20";"Patisserie";9;10;85.5;"2022-10-03"
1249020;"CUST_18";"Patisserie";6;17;102.0;"2022-02-27"
1249742;"CUST_05";"Milk Products";10;40;395.0;"2024-03-21"
1255024;"CUST_09";"Food";5;8;40.0;"2024-05-27"
1255913;"CUST_21";"Patisserie";1;38;38.0;"2024-01-18"
1256115;"CUST_20";"Computers and electric accessories";5;19;92.5;"2024-11-25"
1257071;"CUST_12";"Electric household essentials";5;20;100.0;"2024-01-29"
1257746;"CUST_14";"Beverages";1;29;29.0;"2022-09-29"
1258675;"CUST_06";"Electric household essentials";3;14;42.0;"2023-08-01"
1259242;"CUST_24";"Food";6;29;174.0;"2023-08-11"
1260450;"CUST_25";"Furniture";10;37;365.0;"2023-12-24"
1260673;"CUST_14";"Computers and electric accessories";3;37;109.5;"2022-05-30"
1263895;"CUST_15";"Electric household essentials";10;34;335.0;"2024-03-16"
1264844;"CUST_10";"Electric household essentials";8;35;280.0;"2022-08-19"
1265326;"CUST_17";"Furniture";9;16;139.5;"2024-04-22"
1265621;"CUST_03";"Electric household essentials";8;37;292.0;"2022-01-11"
1266241;"CUST_25";"Furniture";2;40;79.0;"2022-01-06"
1266761;"CUST_17";"Furniture";6;7;39.0;"2024-05-01"
1266935;"CUST_05";"Computers and electric accessories";1;32;32.0;"2023-10-26"
1269546;"CUST_13";"Beverages";6;20;120.0;"2022-10-19"
1271965;"CUST_12";"Patisserie";10;13;125.0;"2024-08-10"
1273334;"CUST_22";"Beverages";10;41;410.0;"2022-11-04"
1273571;"CUST_07";"Beverages";6;10;57.0;"2023-03-07"
1275290;"CUST_08";"Beverages";2;41;82.0;"2022-06-16"
1275355;"CUST_04";"Computers and electric accessories";2;22;43.0;"2022-01-10"
1276028;"CUST_16";"Milk Products";4;23;92.0;"2023-06-09"
1276885;"CUST_23";"Patisserie";0;0;0.0;"2024-12-30"
1277309;"CUST_24";"Computers and electric accessories";9;14;126.0;"2023-06-01"
1278400;"CUST_15";"Patisserie";5;40;197.5;"2024-04-08"
1278695;"CUST_02";"Beverages";6;16;93.0;"2023-03-11"
1278874;"CUST_24";"Food";1;14;14.0;"2024-09-21"
1282545;"CUST_19";"Butchers";1;28;27.5;"2022-08-17"
1283354;"CUST_06";"Furniture";10;26;260.0;"2023-08-17"
1284168;"CUST_01";"Beverages";1;5;5.0;"2023-04-21"
1284380;"CUST_06";"Electric household essentials";4;16;62.0;"2023-07-14"
1284624;"CUST_03";"Computers and electric accessories";6;22;129.0;"2024-05-17"
1284960;"CUST_01";"Furniture";1;5;5.0;"2024-08-17"
1285084;"CUST_05";"Computers and electric accessories";2;13;25.0;"2024-07-03"
1285469;"CUST_20";"Electric household essentials";7;16;108.5;"2022-06-17"
1285698;"CUST_12";"Furniture";7;35;245.0;"2022-10-18"
1286644;"CUST_17";"Furniture";8;5;40.0;"2022-06-24"
1287015;"CUST_05";"Beverages";6;10;57.0;"2022-04-20"
1289036;"CUST_06";"Milk Products";4;20;80.0;"2022-12-09"
1289184;"CUST_22";"Butchers";6;13;75.0;"2023-08-02"
1289422;"CUST_12";"Computers and electric accessories";6;7;39.0;"2022-10-28"
1289671;"CUST_18";"Butchers";9;14;126.0;"2022-12-25"
1291675;"CUST_22";"Computers and electric accessories";8;35;280.0;"2022-04-12"
1292523;"CUST_20";"Food";8;11;88.0;"2023-09-13"
1293012;"CUST_06";"Patisserie";4;29;116.0;"2022-03-30"
1293495;"CUST_03";"Butchers";6;5;30.0;"2023-11-10"
1294354;"CUST_10";"Electric household essentials";6;35;210.0;"2024-07-06"
1294411;"CUST_04";"Food";3;29;87.0;"2023-09-21"
1297128;"CUST_12";"Beverages";7;22;150.5;"2024-03-26"
1297496;"CUST_25";"Electric household essentials";6;32;192.0;"2022-01-03"
1297992;"CUST_11";"Milk Products";3;11;33.0;"2022-06-28"
1299663;"CUST_03";"Butchers";4;7;26.0;"2023-06-15"
1300257;"CUST_03";"Furniture";6;34;201.0;"2022-07-18"
1300271;"CUST_11";"Food";2;5;10.0;"2024-05-22"
1304201;"CUST_09";"Furniture";4;11;44.0;"2024-03-14"
1305706;"CUST_01";"Electric household essentials";6;38;228.0;"2022-01-26"
1305845;"CUST_01";"Beverages";6;7;39.0;"2024-12-17"
1305990;"CUST_22";"Computers and electric accessories";1;41;41.0;"2023-07-29"
1306295;"CUST_15";"Computers and electric accessories";5;7;32.5;"2022-09-13"
1309344;"CUST_03";"Food";4;40;158.0;"2024-01-30"
1310254;"CUST_20";"Milk Products";8;29;232.0;"2022-03-16"
1310355;"CUST_06";"Furniture";7;31;213.5;"2023-01-16"
1310419;"CUST_23";"Food";1;37;36.5;"2024-10-09"
1311532;"CUST_19";"Electric household essentials";4;14;56.0;"2022-04-24"
1311636;"CUST_14";"Food";1;28;27.5;"2022-02-09"
1311744;"CUST_24";"Food";1;8;8.0;"2022-06-22"
1312186;"CUST_17";"Computers and electric accessories";2;13;25.0;"2024-12-24"
1312767;"CUST_24";"Butchers";10;37;365.0;"2022-05-10"
1315418;"CUST_16";"Beverages";3;7;19.5;"2022-08-29"
1315967;"CUST_04";"Beverages";6;17;102.0;"2022-04-16"
1316715;"CUST_05";"Beverages";2;28;55.0;"2023-12-30"
1317207;"CUST_06";"Food";3;17;51.0;"2023-03-29"
1317296;"CUST_24";"Furniture";6;41;246.0;"2024-09-10"
1318100;"CUST_03";"Furniture";10;34;335.0;"2022-09-19"
1318784;"CUST_19";"Computers and electric accessories";1;25;24.5;"2024-03-11"
1319314;"CUST_09";"Butchers";6;37;219.0;"2025-01-13"
1319354;"CUST_06";"Milk Products";9;34;301.5;"2024-06-18"
1319394;"CUST_18";"Patisserie";6;22;129.0;"2022-09-20"
1320747;"CUST_11";"Milk Products";8;23;184.0;"2023-03-10"
1321193;"CUST_01";"Milk Products";5;32;160.0;"2022-03-17"
1321886;"CUST_21";"Electric household essentials";3;26;78.0;"2024-09-07"
1322913;"CUST_18";"Food";4;20;80.0;"2022-09-20"
1324362;"CUST_19";"Butchers";8;34;268.0;"2023-02-15"
1324813;"CUST_09";"Computers and electric accessories";8;16;124.0;"2023-09-22"
1325795;"CUST_10";"Computers and electric accessories";6;25;147.0;"2022-04-29"
1326495;"CUST_16";"Furniture";2;35;70.0;"2024-06-26"
1328851;"CUST_25";"Electric household essentials";7;28;192.5;"2023-02-21"
1329247;"CUST_03";"Electric household essentials";4;26;104.0;"2023-05-11"
1331679;"CUST_20";"Butchers";1;11;11.0;"2022-11-17"
1332543;"CUST_08";"Milk Products";8;22;172.0;"2022-05-28"
1334354;"CUST_02";"Milk Products";10;32;320.0;"2024-09-10"
1334483;"CUST_17";"Computers and electric accessories";3;20;60.0;"2023-07-17"
1334624;"CUST_19";"Patisserie";2;22;43.0;"2022-05-21"
1334745;"CUST_05";"Patisserie";4;41;164.0;"2022-06-24"
1336269;"CUST_19";"Beverages";6;14;84.0;"2024-12-25"
1337454;"CUST_09";"Food";0;0;0.0;"2022-11-05"
1338239;"CUST_17";"Milk Products";5;14;70.0;"2024-01-11"
1338572;"CUST_18";"Electric household essentials";8;29;232.0;"2023-02-26"
1340752;"CUST_10";"Butchers";5;23;115.0;"2024-01-24"
1341677;"CUST_18";"Furniture";1;41;41.0;"2024-07-25"
1341944;"CUST_05";"Furniture";9;13;112.5;"2023-05-24"
1342283;"CUST_06";"Food";7;41;287.0;"2022-03-17"
1342762;"CUST_01";"Furniture";5;20;100.0;"2023-03-09"
1345478;"CUST_12";"Furniture";5;25;122.5;"2023-07-23"
1346220;"CUST_05";"Food";6;34;201.0;"2024-02-17"
1346294;"CUST_02";"Beverages";5;14;70.0;"2023-09-18"
1349740;"CUST_24";"Electric household essentials";3;23;69.0;"2024-07-16"
1350230;"CUST_15";"Butchers";4;26;104.0;"2022-11-18"
1350410;"CUST_01";"Furniture";3;19;55.5;"2024-09-11"
1350756;"CUST_24";"Beverages";2;16;31.0;"2023-10-07"
1351465;"CUST_24";"Patisserie";9;16;139.5;"2024-08-16"
1352194;"CUST_17";"Electric household essentials";4;22;86.0;"2023-02-26"
1352831;"CUST_04";"Food";3;37;109.5;"2023-10-31"
1353484;"CUST_16";"Butchers";2;34;67.0;"2024-02-05"
1353717;"CUST_03";"Furniture";7;14;98.0;"2024-02-04"
1354152;"CUST_17";"Food";2;13;25.0;"2024-06-06"
1354667;"CUST_08";"Beverages";5;16;77.5;"2022-04-04"
1354704;"CUST_07";"Butchers";8;31;244.0;"2022-12-03"
1356368;"CUST_17";"Milk Products";4;32;128.0;"2022-01-25"
1358739;"CUST_25";"Computers and electric accessories";4;5;20.0;"2023-01-03"
1358761;"CUST_10";"Food";3;13;37.5;"2024-05-15"
1358906;"CUST_16";"Beverages";10;26;260.0;"2024-02-28"
1359765;"CUST_20";"Food";3;23;69.0;"2022-04-13"
1360187;"CUST_08";"Beverages";1;29;29.0;"2023-09-05"
1360556;"CUST_01";"Patisserie";8;34;268.0;"2024-01-12"
1361319;"CUST_11";"Butchers";9;40;355.5;"2022-02-10"
1361359;"CUST_12";"Furniture";9;35;315.0;"2022-03-19"
1362426;"CUST_20";"Beverages";3;7;19.5;"2024-07-14"
1363255;"CUST_23";"Patisserie";1;5;5.0;"2023-09-27"
1363454;"CUST_08";"Butchers";2;35;70.0;"2024-08-31"
1365343;"CUST_16";"Food";10;26;260.0;"2024-11-28"
1365756;"CUST_18";"Beverages";9;14;126.0;"2024-08-01"
1366514;"CUST_18";"Patisserie";3;34;100.5;"2024-06-21"
1366912;"CUST_17";"Butchers";9;14;126.0;"2023-05-19"
1367634;"CUST_20";"Beverages";8;10;76.0;"2022-08-25"
1367723;"CUST_01";"Beverages";3;10;28.5;"2022-09-26"
1367829;"CUST_07";"Patisserie";5;34;167.5;"2024-01-01"
1369755;"CUST_21";"Computers and electric accessories";5;7;32.5;"2023-06-16"
1370562;"CUST_25";"Computers and electric accessories";7;20;140.0;"2022-09-01"
1370678;"CUST_17";"Butchers";5;8;40.0;"2023-02-14"
1371395;"CUST_19";"Food";3;41;123.0;"2024-07-12"
1372376;"CUST_03";"Electric household essentials";3;41;123.0;"2023-10-26"
1372787;"CUST_24";"Patisserie";10;20;200.0;"2022-06-02"
1372952;"CUST_21";"Furniture";0;0;0.0;"2024-04-02"
1373042;"CUST_22";"Electric household essentials";4;37;146.0;"2023-12-11"
1373649;"CUST_09";"Electric household essentials";6;37;219.0;"2023-05-07"
1374187;"CUST_01";"Beverages";5;20;100.0;"2024-05-03"
1374421;"CUST_22";"Beverages";5;35;175.0;"2023-05-19"
1374547;"CUST_22";"Furniture";6;5;30.0;"2022-04-13"
1375118;"CUST_13";"Food";4;5;20.0;"2022-07-05"
1375185;"CUST_01";"Patisserie";2;13;25.0;"2022-03-02"
1375347;"CUST_03";"Food";1;22;21.5;"2025-01-11"
1375951;"CUST_14";"Patisserie";2;37;73.0;"2023-04-15"
1376742;"CUST_24";"Patisserie";0;0;0.0;"2024-10-20"
1377253;"CUST_20";"Electric household essentials";10;31;305.0;"2022-06-18"
1377584;"CUST_19";"Food";4;29;116.0;"2022-09-29"
1379436;"CUST_23";"Furniture";9;13;112.5;"2025-01-03"
1380719;"CUST_18";"Electric household essentials";7;41;287.0;"2024-05-07"
1382113;"CUST_23";"Beverages";1;34;33.5;"2022-03-28"
1382421;"CUST_14";"Beverages";0;0;0.0;"2024-07-12"
1382423;"CUST_02";"Butchers";4;37;146.0;"2024-10-03"
1383259;"CUST_22";"Food";2;29;58.0;"2022-10-06"
1383402;"CUST_04";"Butchers";7;37;255.5;"2024-08-28"
1383415;"CUST_01";"Beverages";9;5;45.0;"2022-12-30"
1383780;"CUST_19";"Milk Products";4;28;110.0;"2024-06-12"
1384004;"CUST_25";"Butchers";3;29;87.0;"2023-07-15"
1384378;"CUST_05";"Computers and electric accessories";7;31;213.5;"2023-09-24"
1384717;"CUST_07";"Computers and electric accessories";6;22;129.0;"2024-05-10"
1384868;"CUST_10";"Furniture";1;7;6.5;"2023-09-27"
1385062;"CUST_16";"Food";10;31;305.0;"2022-07-02"
1385443;"CUST_08";"Furniture";8;26;208.0;"2023-02-16"
1386229;"CUST_08";"Computers and electric accessories";4;20;80.0;"2023-04-02"
1386646;"CUST_24";"Patisserie";6;20;120.0;"2022-12-07"
1387633;"CUST_02";"Patisserie";6;20;120.0;"2024-01-01"
1387779;"CUST_16";"Food";8;35;280.0;"2024-02-01"
1388437;"CUST_07";"Butchers";10;34;335.0;"2022-12-05"
1389066;"CUST_01";"Milk Products";5;38;190.0;"2024-05-06"
1390866;"CUST_09";"Patisserie";2;13;25.0;"2024-03-30"
1390989;"CUST_12";"Patisserie";2;20;40.0;"2023-11-29"
1392217;"CUST_23";"Patisserie";9;16;139.5;"2024-09-11"
1392412;"CUST_23";"Butchers";7;28;192.5;"2022-06-13"
1392572;"CUST_23";"Food";10;20;200.0;"2024-12-10"
1393018;"CUST_01";"Computers and electric accessories";4;11;44.0;"2023-02-20"
1394876;"CUST_20";"Furniture";3;41;123.0;"2022-12-30"
1394949;"CUST_13";"Patisserie";4;17;68.0;"2023-10-10"
1395136;"CUST_07";"Patisserie";6;22;129.0;"2022-04-17"
1395838;"CUST_05";"Butchers";1;16;15.5;"2022-03-21"
1396472;"CUST_18";"Milk Products";5;38;190.0;"2023-10-30"
1396754;"CUST_18";"Milk Products";4;16;62.0;"2022-05-07"
1398307;"CUST_25";"Butchers";6;25;147.0;"2025-01-03"
1398946;"CUST_18";"Patisserie";3;22;64.5;"2022-11-04"
1399723;"CUST_01";"Computers and electric accessories";6;19;111.0;"2024-02-26"
1400422;"CUST_25";"Beverages";7;29;203.0;"2022-12-16"
1400912;"CUST_16";"Milk Products";8;20;160.0;"2022-01-23"
1400981;"CUST_10";"Milk Products";7;16;108.5;"2023-07-15"
1401211;"CUST_16";"Patisserie";5;26;130.0;"2023-01-02"
1402493;"CUST_24";"Furniture";5;40;197.5;"2024-11-27"
1402550;"CUST_15";"Patisserie";0;0;0.0;"2024-05-01"
1402864;"CUST_25";"Patisserie";4;34;134.0;"2023-12-16"
1403662;"CUST_13";"Food";8;34;268.0;"2024-11-16"
1404576;"CUST_01";"Butchers";5;29;145.0;"2023-03-26"
1404623;"CUST_01";"Electric household essentials";10;17;170.0;"2024-05-03"
1405939;"CUST_22";"Beverages";7;8;56.0;"2022-04-02"
1407421;"CUST_15";"Electric household essentials";1;16;15.5;"2023-05-14"
1407563;"CUST_23";"Electric household essentials";1;26;26.0;"2024-09-12"
1408645;"CUST_18";"Beverages";5;16;77.5;"2024-07-19"
1408851;"CUST_20";"Computers and electric accessories";1;23;23.0;"2024-08-13"
1409260;"CUST_08";"Electric household essentials";1;16;15.5;"2022-09-21"
1410689;"CUST_18";"Electric household essentials";4;13;50.0;"2024-12-09"
1411096;"CUST_07";"Patisserie";1;10;9.5;"2024-06-14"
1411456;"CUST_23";"Computers and electric accessories";1;31;30.5;"2022-11-30"
1411832;"CUST_13";"Food";10;8;80.0;"2022-11-23"
1413741;"CUST_13";"Beverages";3;31;91.5;"2023-04-14"
1414376;"CUST_12";"Food";6;10;57.0;"2022-12-26"
1415403;"CUST_22";"Patisserie";0;0;0.0;"2022-08-23"
1417703;"CUST_17";"Milk Products";8;5;40.0;"2024-06-07"
1417704;"CUST_12";"Patisserie";7;40;276.5;"2024-02-02"
1419872;"CUST_11";"Furniture";0;0;0.0;"2022-06-04"
1420094;"CUST_19";"Butchers";4;13;50.0;"2023-01-09"
1421247;"CUST_23";"Patisserie";1;16;15.5;"2022-09-03"
1421687;"CUST_19";"Beverages";7;38;266.0;"2022-09-14"
1422045;"CUST_09";"Beverages";7;34;234.5;"2024-08-17"
1422139;"CUST_12";"Butchers";6;10;57.0;"2023-02-01"
1422215;"CUST_08";"Furniture";8;41;328.0;"2024-08-16"
1422416;"CUST_03";"Furniture";2;10;19.0;"2022-01-21"
1423104;"CUST_19";"Food";9;16;139.5;"2024-11-24"
1423789;"CUST_18";"Food";10;29;290.0;"2023-11-03"
1424166;"CUST_22";"Food";7;34;234.5;"2022-05-16"
1425560;"CUST_23";"Patisserie";10;32;320.0;"2023-02-02"
1426923;"CUST_07";"Food";5;31;152.5;"2022-04-10"
1428000;"CUST_18";"Beverages";5;25;122.5;"2022-01-16"
1428733;"CUST_08";"Milk Products";10;37;365.0;"2024-08-21"
1429617;"CUST_12";"Milk Products";8;13;100.0;"2022-07-14"
1430909;"CUST_20";"Food";3;8;24.0;"2023-02-23"
1431325;"CUST_08";"Electric household essentials";10;38;380.0;"2024-04-16"
1432078;"CUST_09";"Computers and electric accessories";8;19;148.0;"2022-12-07"
1432445;"CUST_01";"Food";9;20;180.0;"2023-08-01"
1432829;"CUST_21";"Milk Products";9;26;234.0;"2023-08-16"
1432870;"CUST_14";"Milk Products";6;11;66.0;"2024-05-22"
1433054;"CUST_13";"Butchers";0;0;0.0;"2023-01-25"
1433405;"CUST_20";"Beverages";5;14;70.0;"2023-07-20"
1434202;"CUST_18";"Food";10;19;185.0;"2023-12-22"
1434329;"CUST_10";"Beverages";2;25;49.0;"2024-08-19"
1434766;"CUST_22";"Furniture";3;11;33.0;"2022-07-14"
1435751;"CUST_19";"Butchers";8;13;100.0;"2024-10-11"
1436725;"CUST_05";"Patisserie";7;23;161.0;"2025-01-14"
1438632;"CUST_09";"Milk Products";9;17;153.0;"2022-10-25"
1440154;"CUST_08";"Computers and electric accessories";7;34;234.5;"2024-02-25"
1440274;"CUST_01";"Furniture";6;34;201.0;"2023-11-24"
1440439;"CUST_09";"Butchers";9;31;274.5;"2023-06-12"
1440593;"CUST_07";"Computers and electric accessories";6;29;174.0;"2022-05-09"
1441328;"CUST_12";"Computers and electric accessories";2;38;76.0;"2023-04-07"
1441889;"CUST_16";"Electric household essentials";3;37;109.5;"2024-06-29"
1442308;"CUST_11";"Electric household essentials";0;0;0.0;"2024-01-31"
1443259;"CUST_25";"Furniture";7;8;56.0;"2023-11-08"
1443512;"CUST_19";"Patisserie";0;0;0.0;"2022-11-20"
1445554;"CUST_15";"Butchers";2;41;82.0;"2023-04-23"
1445725;"CUST_17";"Furniture";5;41;205.0;"2022-02-02"
1446103;"CUST_20";"Butchers";0;0;0.0;"2022-07-29"
1446414;"CUST_10";"Furniture";7;34;234.5;"2022-04-09"
1446635;"CUST_01";"Furniture";1;38;38.0;"2023-02-09"
1448205;"CUST_21";"Electric household essentials";5;5;25.0;"2024-12-08"
1448231;"CUST_24";"Furniture";8;40;316.0;"2023-08-30"
1448668;"CUST_24";"Milk Products";4;17;68.0;"2023-11-14"
1449007;"CUST_09";"Milk Products";5;28;137.5;"2023-06-20"
1449888;"CUST_24";"Electric household essentials";5;23;115.0;"2024-11-24"
1450262;"CUST_23";"Computers and electric accessories";4;26;104.0;"2024-02-20"
1451533;"CUST_07";"Computers and electric accessories";9;11;99.0;"2023-02-15"
1451562;"CUST_04";"Food";7;25;171.5;"2022-07-24"
1453676;"CUST_16";"Computers and electric accessories";8;13;100.0;"2024-12-27"
1453723;"CUST_14";"Butchers";6;26;156.0;"2022-07-31"
1453840;"CUST_24";"Food";4;28;110.0;"2024-02-03"
1454886;"CUST_06";"Milk Products";7;8;56.0;"2022-05-16"
1456033;"CUST_12";"Milk Products";6;10;57.0;"2023-08-18"
1456329;"CUST_01";"Milk Products";1;5;5.0;"2023-12-21"
1456719;"CUST_03";"Furniture";2;32;64.0;"2022-10-25"
1457601;"CUST_07";"Computers and electric accessories";1;22;21.5;"2023-03-19"
1459286;"CUST_03";"Furniture";1;34;33.5;"2024-11-18"
1460040;"CUST_06";"Milk Products";5;7;32.5;"2022-10-23"
1460673;"CUST_06";"Furniture";6;11;66.0;"2023-04-14"
1463588;"CUST_21";"Furniture";5;40;197.5;"2024-12-10"
1463899;"CUST_01";"Electric household essentials";5;32;160.0;"2022-11-04"
1464198;"CUST_07";"Computers and electric accessories";10;37;365.0;"2022-04-09"
1464828;"CUST_02";"Electric household essentials";7;22;150.5;"2022-09-19"
1465531;"CUST_20";"Milk Products";10;7;65.0;"2024-07-03"
1466235;"CUST_18";"Patisserie";6;41;246.0;"2022-12-25"
1466500;"CUST_12";"Food";3;22;64.5;"2022-11-13"
1467177;"CUST_10";"Computers and electric accessories";3;19;55.5;"2022-10-13"
1467305;"CUST_09";"Patisserie";2;20;40.0;"2024-06-05"
1468469;"CUST_15";"Food";5;16;77.5;"2022-01-25"
1469385;"CUST_11";"Food";6;37;219.0;"2023-09-08"
1470677;"CUST_24";"Milk Products";6;7;39.0;"2023-07-31"
1470767;"CUST_02";"Computers and electric accessories";6;16;93.0;"2022-10-11"
1471121;"CUST_03";"Milk Products";7;20;140.0;"2022-09-06"
1471432;"CUST_17";"Furniture";10;34;335.0;"2022-03-01"
1471510;"CUST_16";"Electric household essentials";7;29;203.0;"2023-02-17"
1471597;"CUST_16";"Furniture";1;40;39.5;"2023-10-21"
1472126;"CUST_19";"Food";5;35;175.0;"2023-07-10"
1474478;"CUST_14";"Electric household essentials";7;17;119.0;"2023-10-05"
1474758;"CUST_16";"Furniture";4;40;158.0;"2023-04-08"
1475185;"CUST_04";"Furniture";9;40;355.5;"2023-05-28"
1475212;"CUST_11";"Beverages";6;20;120.0;"2023-10-14"
1476186;"CUST_21";"Electric household essentials";6;35;210.0;"2022-11-18"
1476715;"CUST_11";"Beverages";8;29;232.0;"2022-02-08"
1479443;"CUST_14";"Milk Products";9;40;355.5;"2023-06-04"
1479772;"CUST_13";"Electric household essentials";6;29;174.0;"2023-07-22"
1481062;"CUST_16";"Beverages";4;34;134.0;"2023-05-22"
1481263;"CUST_13";"Patisserie";8;17;136.0;"2022-12-04"
1481272;"CUST_24";"Electric household essentials";1;13;12.5;"2022-05-19"
1481703;"CUST_04";"Food";5;11;55.0;"2022-01-20"
1481798;"CUST_21";"Electric household essentials";1;23;23.0;"2023-05-09"
1482356;"CUST_01";"Patisserie";7;17;119.0;"2022-10-24"
1482435;"CUST_19";"Patisserie";10;22;215.0;"2024-08-09"
1483524;"CUST_22";"Electric household essentials";4;20;80.0;"2023-03-11"
1484334;"CUST_01";"Butchers";3;14;42.0;"2023-03-19"
1484633;"CUST_20";"Butchers";3;28;82.5;"2024-03-23"
1487869;"CUST_12";"Butchers";6;32;192.0;"2022-01-30"
1489200;"CUST_12";"Furniture";3;19;55.5;"2022-09-03"
1489487;"CUST_09";"Milk Products";10;13;125.0;"2023-08-09"
1489896;"CUST_24";"Electric household essentials";3;31;91.5;"2022-09-21"
1490052;"CUST_18";"Furniture";2;40;79.0;"2024-01-20"
1490410;"CUST_20";"Patisserie";6;14;84.0;"2022-08-22"
1490623;"CUST_19";"Butchers";0;0;0.0;"2023-09-05"
1490733;"CUST_21";"Furniture";6;7;39.0;"2023-08-16"
1491000;"CUST_11";"Butchers";2;41;82.0;"2022-02-19"
1491657;"CUST_07";"Beverages";0;0;0.0;"2022-09-26"
1491959;"CUST_09";"Milk Products";9;7;58.5;"2024-08-09"
1492407;"CUST_05";"Milk Products";10;32;320.0;"2022-02-04"
1492514;"CUST_09";"Furniture";4;7;26.0;"2022-02-06"
1494063;"CUST_11";"Butchers";4;13;50.0;"2024-01-16"
1494700;"CUST_12";"Electric household essentials";9;35;315.0;"2024-03-07"
1495288;"CUST_05";"Electric household essentials";10;26;260.0;"2024-05-12"
1495409;"CUST_04";"Food";9;29;261.0;"2022-12-08"
1495462;"CUST_25";"Milk Products";7;14;98.0;"2022-12-17"
1495602;"CUST_17";"Patisserie";10;25;245.0;"2024-12-27"
1495979;"CUST_05";"Patisserie";3;22;64.5;"2023-01-16"
1497345;"CUST_15";"Furniture";8;25;196.0;"2022-01-05"
1498100;"CUST_17";"Electric household essentials";6;17;102.0;"2023-01-28"
1498944;"CUST_24";"Electric household essentials";8;19;148.0;"2023-04-01"
1499023;"CUST_18";"Milk Products";4;20;80.0;"2024-05-04"
1499569;"CUST_13";"Food";0;0;0.0;"2025-01-02"
1499774;"CUST_07";"Butchers";5;8;40.0;"2022-12-15"
1500347;"CUST_10";"Furniture";5;28;137.5;"2023-01-22"
1500424;"CUST_06";"Butchers";9;40;355.5;"2022-02-19"
1500879;"CUST_07";"Furniture";9;41;369.0;"2024-11-12"
1502529;"CUST_01";"Milk Products";2;34;67.0;"2024-02-24"
1503085;"CUST_09";"Furniture";7;7;45.5;"2022-11-06"
1503110;"CUST_07";"Computers and electric accessories";1;16;15.5;"2024-08-09"
1505264;"CUST_11";"Beverages";4;22;86.0;"2024-01-30"
1505429;"CUST_12";"Patisserie";1;20;20.0;"2022-05-22"
1505827;"CUST_13";"Computers and electric accessories";3;37;109.5;"2025-01-18"
1505937;"CUST_06";"Electric household essentials";1;29;29.0;"2023-06-04"
1505983;"CUST_12";"Food";2;17;34.0;"2022-04-06"
1507506;"CUST_01";"Food";7;7;45.5;"2023-03-31"
1508098;"CUST_17";"Electric household essentials";9;34;301.5;"2024-04-25"
1508429;"CUST_09";"Butchers";5;8;40.0;"2022-12-10"
1508547;"CUST_24";"Computers and electric accessories";5;19;92.5;"2023-06-21"
1509297;"CUST_04";"Beverages";1;25;24.5;"2023-07-16"
1510369;"CUST_14";"Beverages";6;35;210.0;"2024-01-24"
1510555;"CUST_10";"Computers and electric accessories";6;10;57.0;"2024-10-18"
1511195;"CUST_17";"Food";1;23;23.0;"2024-09-16"
1511916;"CUST_08";"Furniture";10;40;395.0;"2023-01-19"
1512224;"CUST_21";"Electric household essentials";8;7;52.0;"2023-11-26"
1512299;"CUST_21";"Furniture";8;35;280.0;"2023-06-16"
1512582;"CUST_06";"Butchers";9;7;58.5;"2024-12-02"
1512841;"CUST_15";"Food";1;23;23.0;"2023-09-12"
1512993;"CUST_07";"Computers and electric accessories";8;28;220.0;"2023-03-03"
1513426;"CUST_13";"Beverages";6;11;66.0;"2023-07-30"
1513521;"CUST_18";"Furniture";5;7;32.5;"2024-10-25"
1513546;"CUST_21";"Patisserie";3;34;100.5;"2024-07-27"
1514117;"CUST_22";"Computers and electric accessories";3;23;69.0;"2022-12-08"
1514499;"CUST_06";"Food";8;23;184.0;"2022-08-09"
1514611;"CUST_07";"Food";7;37;255.5;"2023-07-24"
1514654;"CUST_07";"Electric household essentials";2;10;19.0;"2022-02-27"
1515270;"CUST_19";"Butchers";8;13;100.0;"2023-03-10"
1516336;"CUST_09";"Beverages";8;8;64.0;"2024-08-07"
1516498;"CUST_21";"Computers and electric accessories";2;5;10.0;"2023-01-29"
1516520;"CUST_18";"Food";2;8;16.0;"2024-12-19"
1516640;"CUST_05";"Beverages";10;25;245.0;"2023-12-22"
1517466;"CUST_23";"Computers and electric accessories";5;28;137.5;"2023-07-08"
1517860;"CUST_14";"Milk Products";4;29;116.0;"2023-07-01"
1518090;"CUST_15";"Milk Products";4;29;116.0;"2022-03-06"
1518573;"CUST_11";"Furniture";4;40;158.0;"2024-08-28"
1519299;"CUST_21";"Food";10;17;170.0;"2024-07-16"
1519431;"CUST_05";"Electric household essentials";2;22;43.0;"2023-11-09"
1519499;"CUST_15";"Computers and electric accessories";6;13;75.0;"2022-01-01"
1520722;"CUST_16";"Patisserie";4;23;92.0;"2024-01-29"
1521020;"CUST_03";"Computers and electric accessories";6;26;156.0;"2022-01-30"
1521156;"CUST_08";"Computers and electric accessories";9;28;247.5;"2024-10-11"
1521269;"CUST_19";"Computers and electric accessories";7;38;266.0;"2022-09-11"
1521429;"CUST_10";"Electric household essentials";3;16;46.5;"2024-02-29"
1522116;"CUST_11";"Patisserie";5;14;70.0;"2022-05-30"
1523065;"CUST_18";"Food";2;10;19.0;"2022-08-15"
1523076;"CUST_14";"Milk Products";7;29;203.0;"2022-09-18"
1523559;"CUST_21";"Electric household essentials";4;32;128.0;"2022-06-16"
1524234;"CUST_16";"Electric household essentials";10;14;140.0;"2022-11-12"
1524960;"CUST_22";"Food";3;7;19.5;"2025-01-01"
1525535;"CUST_03";"Electric household essentials";5;11;55.0;"2024-01-05"
1525936;"CUST_20";"Computers and electric accessories";8;14;112.0;"2025-01-15"
1528585;"CUST_15";"Electric household essentials";1;13;12.5;"2024-09-17"
1528866;"CUST_25";"Computers and electric accessories";6;17;102.0;"2022-02-14"
1530750;"CUST_08";"Milk Products";2;5;10.0;"2022-11-12"
1531616;"CUST_04";"Food";4;23;92.0;"2023-03-08"
1532181;"CUST_23";"Patisserie";2;19;37.0;"2022-06-06"
1532460;"CUST_09";"Furniture";0;0;0.0;"2023-05-06"
1532731;"CUST_21";"Patisserie";6;29;174.0;"2023-12-12"
1534522;"CUST_05";"Butchers";6;7;39.0;"2024-09-25"
1534681;"CUST_08";"Food";0;0;0.0;"2023-01-11"
1534876;"CUST_12";"Milk Products";4;8;32.0;"2024-06-18"
1534987;"CUST_04";"Food";3;13;37.5;"2022-07-03"
1535436;"CUST_12";"Computers and electric accessories";8;41;328.0;"2022-07-09"
1535908;"CUST_10";"Milk Products";10;34;335.0;"2022-01-04"
1535917;"CUST_18";"Beverages";6;25;147.0;"2024-08-28"
1536301;"CUST_14";"Food";7;19;129.5;"2023-06-12"
1537039;"CUST_05";"Computers and electric accessories";5;26;130.0;"2022-06-06"
1537702;"CUST_25";"Furniture";1;34;33.5;"2022-06-05"
1537955;"CUST_01";"Butchers";9;40;355.5;"2022-03-23"
1538849;"CUST_21";"Furniture";6;16;93.0;"2022-11-26"
1539096;"CUST_21";"Butchers";9;19;166.5;"2022-02-19"
1539113;"CUST_02";"Beverages";4;25;98.0;"2022-12-08"
1539411;"CUST_07";"Beverages";0;0;0.0;"2024-08-08"
1540116;"CUST_21";"Furniture";7;5;35.0;"2024-11-01"
1540504;"CUST_25";"Patisserie";3;29;87.0;"2024-02-18"
1540809;"CUST_17";"Butchers";6;7;39.0;"2022-08-19"
1541024;"CUST_22";"Beverages";5;20;100.0;"2024-05-13"
1543244;"CUST_20";"Food";8;25;196.0;"2024-10-25"
1543500;"CUST_20";"Patisserie";1;38;38.0;"2022-10-17"
1543544;"CUST_23";"Butchers";2;29;58.0;"2023-01-05"
1543853;"CUST_13";"Patisserie";1;29;29.0;"2022-05-07"
1543932;"CUST_24";"Electric household essentials";1;16;15.5;"2022-07-19"
1544024;"CUST_20";"Patisserie";8;29;232.0;"2024-11-16"
1545404;"CUST_14";"Beverages";4;26;104.0;"2024-05-19"
1545490;"CUST_08";"Patisserie";8;14;112.0;"2023-05-26"
1547338;"CUST_14";"Patisserie";3;20;60.0;"2023-03-21"
1550220;"CUST_13";"Food";10;13;125.0;"2023-02-03"
1550222;"CUST_10";"Beverages";8;40;316.0;"2023-02-03"
1551058;"CUST_14";"Food";0;0;0.0;"2022-03-16"
1551643;"CUST_23";"Computers and electric accessories";3;22;64.5;"2023-11-09"
1552772;"CUST_06";"Furniture";1;20;20.0;"2024-03-22"
1555216;"CUST_17";"Butchers";8;8;64.0;"2023-01-03"
1558197;"CUST_01";"Food";6;34;201.0;"2024-04-23"
1558304;"CUST_22";"Milk Products";8;20;160.0;"2024-03-10"
1558480;"CUST_10";"Electric household essentials";3;38;114.0;"2023-03-09"
1558530;"CUST_09";"Beverages";4;37;146.0;"2022-04-06"
1559058;"CUST_24";"Computers and electric accessories";4;37;146.0;"2022-07-04"
1560951;"CUST_23";"Patisserie";4;22;86.0;"2024-05-02"
1563614;"CUST_11";"Butchers";5;5;25.0;"2022-01-13"
1564062;"CUST_17";"Computers and electric accessories";5;26;130.0;"2023-04-28"
1564693;"CUST_13";"Beverages";6;29;174.0;"2024-01-02"
1565398;"CUST_25";"Food";8;19;148.0;"2022-06-15"
1565598;"CUST_03";"Butchers";3;19;55.5;"2023-01-18"
1565839;"CUST_23";"Milk Products";2;37;73.0;"2022-01-12"
1565935;"CUST_21";"Milk Products";3;28;82.5;"2023-06-29"
1570444;"CUST_11";"Butchers";7;31;213.5;"2023-06-29"
1571058;"CUST_06";"Patisserie";10;19;185.0;"2022-06-06"
1573513;"CUST_05";"Patisserie";5;26;130.0;"2024-12-28"
1574191;"CUST_15";"Beverages";0;0;0.0;"2024-02-24"
1574874;"CUST_09";"Electric household essentials";8;16;124.0;"2023-06-29"
1574964;"CUST_06";"Food";1;17;17.0;"2023-10-26"
1575064;"CUST_06";"Beverages";6;41;246.0;"2022-12-30"
1575700;"CUST_15";"Electric household essentials";6;11;66.0;"2023-08-30"
1575979;"CUST_14";"Furniture";5;25;122.5;"2024-01-23"
1576195;"CUST_15";"Milk Products";5;23;115.0;"2022-09-15"
1576813;"CUST_01";"Milk Products";8;38;304.0;"2024-12-13"
1578157;"CUST_09";"Food";2;32;64.0;"2023-07-29"
1579155;"CUST_22";"Butchers";0;0;0.0;"2023-12-29"
1580488;"CUST_13";"Beverages";9;41;369.0;"2024-08-20"
1581204;"CUST_01";"Food";3;25;73.5;"2023-11-25"
1581970;"CUST_08";"Food";6;41;246.0;"2024-04-09"
1583003;"CUST_24";"Food";8;22;172.0;"2024-10-04"
1583510;"CUST_11";"Computers and electric accessories";10;11;110.0;"2024-01-29"
1585008;"CUST_15";"Electric household essentials";8;5;40.0;"2024-11-04"
1585530;"CUST_11";"Milk Products";4;5;20.0;"2023-04-04"
1585678;"CUST_24";"Milk Products";2;5;10.0;"2022-12-03"
1586094;"CUST_24";"Computers and electric accessories";6;22;129.0;"2024-09-06"
1586746;"CUST_01";"Furniture";3;25;73.5;"2022-08-06"
1587044;"CUST_11";"Food";6;20;120.0;"2024-12-01"
1587097;"CUST_03";"Computers and electric accessories";10;28;275.0;"2024-02-25"
1588276;"CUST_20";"Butchers";3;16;46.5;"2022-10-08"
1588521;"CUST_23";"Patisserie";3;22;64.5;"2023-07-09"
1588681;"CUST_06";"Furniture";5;7;32.5;"2023-01-13"
1589489;"CUST_01";"Furniture";3;20;60.0;"2023-05-18"
1591772;"CUST_18";"Computers and electric accessories";8;23;184.0;"2024-06-09"
1593038;"CUST_10";"Patisserie";8;20;160.0;"2023-02-27"
1593463;"CUST_08";"Electric household essentials";7;35;245.0;"2022-11-27"
1594555;"CUST_24";"Patisserie";6;37;219.0;"2022-04-29"
1595061;"CUST_14";"Milk Products";3;38;114.0;"2022-09-24"
1595090;"CUST_19";"Patisserie";6;41;246.0;"2024-07-11"
1595881;"CUST_12";"Butchers";10;8;80.0;"2023-02-22"
1596330;"CUST_03";"Patisserie";4;34;134.0;"2025-01-06"
1597817;"CUST_01";"Furniture";9;40;355.5;"2023-08-07"
1597974;"CUST_08";"Milk Products";2;31;61.0;"2023-10-20"
1598304;"CUST_22";"Electric household essentials";9;32;288.0;"2023-04-22"
1598860;"CUST_08";"Food";10;25;245.0;"2022-10-23"
1598935;"CUST_11";"Computers and electric accessories";10;13;125.0;"2024-04-06"
1599706;"CUST_14";"Furniture";10;41;410.0;"2024-03-24"
1601678;"CUST_13";"Furniture";7;34;234.5;"2023-10-12"
1602301;"CUST_21";"Computers and electric accessories";6;14;84.0;"2023-08-26"
1603699;"CUST_17";"Computers and electric accessories";2;7;13.0;"2023-10-23"
1604681;"CUST_18";"Furniture";9;31;274.5;"2022-02-07"
1606266;"CUST_23";"Food";1;11;11.0;"2023-10-16"
1606488;"CUST_12";"Butchers";5;22;107.5;"2023-09-12"
1607995;"CUST_23";"Electric household essentials";6;32;192.0;"2023-12-24"
1608080;"CUST_23";"Butchers";2;7;13.0;"2023-05-01"
1608137;"CUST_20";"Beverages";8;20;160.0;"2022-03-13"
1609606;"CUST_17";"Butchers";6;37;219.0;"2022-02-28"
1609763;"CUST_25";"Electric household essentials";0;0;0.0;"2023-03-23"
1610493;"CUST_11";"Electric household essentials";1;19;18.5;"2023-01-26"
1610590;"CUST_03";"Butchers";10;37;365.0;"2023-01-14"
1610953;"CUST_08";"Computers and electric accessories";8;23;184.0;"2023-10-30"
1611004;"CUST_05";"Patisserie";10;5;50.0;"2023-08-04"
1611046;"CUST_19";"Milk Products";2;38;76.0;"2023-02-02"
1611531;"CUST_13";"Electric household essentials";3;29;87.0;"2024-06-29"
1611768;"CUST_03";"Patisserie";5;34;167.5;"2022-07-26"
1611841;"CUST_04";"Food";7;5;35.0;"2022-07-28"
1613328;"CUST_19";"Furniture";8;41;328.0;"2022-09-26"
1613779;"CUST_25";"Food";7;37;255.5;"2022-07-27"
1614186;"CUST_05";"Computers and electric accessories";5;26;130.0;"2024-09-19"
1614532;"CUST_05";"Milk Products";3;31;91.5;"2023-07-17"
1617887;"CUST_19";"Furniture";4;19;74.0;"2023-10-29"
1618066;"CUST_15";"Food";3;11;33.0;"2022-11-14"
1618504;"CUST_17";"Beverages";1;17;17.0;"2023-12-28"
1619388;"CUST_01";"Computers and electric accessories";1;26;26.0;"2024-05-23"
1619861;"CUST_19";"Butchers";8;14;112.0;"2023-04-07"
1619948;"CUST_09";"Beverages";1;16;15.5;"2022-06-08"
1621497;"CUST_06";"Patisserie";0;0;0.0;"2023-02-18"
1621579;"CUST_09";"Computers and electric accessories";0;0;0.0;"2022-11-18"
1622017;"CUST_03";"Food";2;22;43.0;"2023-07-05"
1622050;"CUST_13";"Butchers";3;8;24.0;"2023-11-01"
1623171;"CUST_15";"Furniture";2;35;70.0;"2024-05-04"
1623314;"CUST_20";"Patisserie";8;10;76.0;"2024-12-26"
1624195;"CUST_13";"Furniture";4;22;86.0;"2024-12-31"
1624367;"CUST_01";"Furniture";3;26;78.0;"2023-09-07"
1624550;"CUST_19";"Electric household essentials";2;41;82.0;"2024-07-28"
1625647;"CUST_22";"Computers and electric accessories";3;8;24.0;"2024-01-23"
1629752;"CUST_17";"Butchers";10;26;260.0;"2024-01-01"
1629845;"CUST_04";"Furniture";7;26;182.0;"2022-10-02"
1630063;"CUST_02";"Butchers";1;11;11.0;"2024-04-15"
1630509;"CUST_22";"Beverages";8;29;232.0;"2023-07-08"
1631345;"CUST_07";"Furniture";10;13;125.0;"2023-09-10"
1631883;"CUST_22";"Food";9;17;153.0;"2022-09-09"
1632041;"CUST_02";"Furniture";1;38;38.0;"2022-05-10"
1632221;"CUST_18";"Furniture";1;10;9.5;"2022-09-04"
1632854;"CUST_22";"Milk Products";9;38;342.0;"2023-04-25"
1633301;"CUST_02";"Computers and electric accessories";1;14;14.0;"2024-11-05"
1634027;"CUST_05";"Milk Products";1;23;23.0;"2023-02-03"
1634206;"CUST_17";"Butchers";8;34;268.0;"2024-11-21"
1635054;"CUST_10";"Food";4;8;32.0;"2024-01-17"
1636017;"CUST_02";"Butchers";5;22;107.5;"2022-02-01"
1636626;"CUST_22";"Patisserie";5;23;115.0;"2022-03-27"
1637239;"CUST_18";"Computers and electric accessories";2;20;40.0;"2023-05-01"
1638586;"CUST_06";"Food";6;13;75.0;"2023-05-19"
1639005;"CUST_07";"Butchers";10;37;365.0;"2022-04-19"
1640128;"CUST_16";"Food";3;25;73.5;"2024-10-28"
1640857;"CUST_10";"Beverages";4;41;164.0;"2024-03-16"
1641449;"CUST_13";"Food";3;10;28.5;"2024-01-19"
1642674;"CUST_14";"Beverages";10;29;290.0;"2022-11-22"
1642953;"CUST_18";"Electric household essentials";5;28;137.5;"2022-10-30"
1643393;"CUST_01";"Milk Products";8;5;40.0;"2022-03-09"
1644496;"CUST_25";"Butchers";6;35;210.0;"2022-06-30"
1645781;"CUST_15";"Butchers";6;37;219.0;"2025-01-12"
1647479;"CUST_14";"Computers and electric accessories";3;26;78.0;"2022-11-03"
1648427;"CUST_04";"Butchers";7;35;245.0;"2024-12-12"
1648617;"CUST_05";"Electric household essentials";9;37;328.5;"2023-01-11"
1649045;"CUST_21";"Computers and electric accessories";0;0;0.0;"2023-01-18"
1650989;"CUST_19";"Butchers";1;41;41.0;"2024-05-13"
1653522;"CUST_02";"Furniture";8;16;124.0;"2022-12-08"
1654267;"CUST_03";"Milk Products";10;41;410.0;"2024-03-23"
1655146;"CUST_09";"Beverages";10;28;275.0;"2024-07-06"
1656330;"CUST_08";"Electric household essentials";2;13;25.0;"2023-08-02"
1656528;"CUST_12";"Computers and electric accessories";3;32;96.0;"2024-07-08"
1657130;"CUST_16";"Electric household essentials";10;41;410.0;"2022-03-02"
1657303;"CUST_16";"Beverages";5;28;137.5;"2022-11-25"
1658095;"CUST_15";"Beverages";1;38;38.0;"2022-10-05"
1659323;"CUST_20";"Patisserie";2;29;58.0;"2023-12-10"
1659899;"CUST_05";"Milk Products";5;38;190.0;"2024-04-10"
1661404;"CUST_09";"Computers and electric accessories";3;7;19.5;"2024-08-09"
1661883;"CUST_04";"Beverages";9;29;261.0;"2025-01-18"
1662299;"CUST_04";"Beverages";7;10;66.5;"2023-01-09"
1662766;"CUST_18";"Milk Products";2;28;55.0;"2024-05-19"
1664534;"CUST_13";"Milk Products";3;10;28.5;"2023-04-04"
1665071;"CUST_15";"Beverages";8;10;76.0;"2024-05-15"
1666199;"CUST_09";"Electric household essentials";7;22;150.5;"2023-02-24"
1667308;"CUST_04";"Patisserie";1;32;32.0;"2024-12-26"
1668933;"CUST_02";"Beverages";2;22;43.0;"2022-05-14"
1669239;"CUST_14";"Food";3;28;82.5;"2024-03-14"
1669866;"CUST_21";"Food";2;23;46.0;"2022-05-03"
1669980;"CUST_12";"Computers and electric accessories";4;34;134.0;"2024-01-26"
1670050;"CUST_05";"Food";6;37;219.0;"2022-10-30"
1671487;"CUST_22";"Electric household essentials";0;0;0.0;"2023-12-03"
1671850;"CUST_20";"Furniture";9;20;180.0;"2023-04-19"
1673118;"CUST_15";"Patisserie";9;40;355.5;"2024-12-24"
1673701;"CUST_16";"Furniture";2;34;67.0;"2023-05-19"
1673915;"CUST_16";"Furniture";8;26;208.0;"2023-02-15"
1674139;"CUST_05";"Milk Products";10;29;290.0;"2023-03-21"
1674512;"CUST_21";"Electric household essentials";1;38;38.0;"2024-01-04"
1675317;"CUST_16";"Patisserie";5;22;107.5;"2023-06-14"
1676564;"CUST_12";"Furniture";6;7;39.0;"2024-06-18"
1676610;"CUST_03";"Patisserie";10;28;275.0;"2022-05-02"
1676641;"CUST_04";"Patisserie";2;38;76.0;"2023-02-14"
1679032;"CUST_01";"Electric household essentials";6;7;39.0;"2023-01-07"
1679439;"CUST_10";"Milk Products";0;0;0.0;"2023-11-01"
1680196;"CUST_21";"Milk Products";7;28;192.5;"2023-08-07"
1680727;"CUST_24";"Milk Products";2;11;22.0;"2024-06-08"
1681078;"CUST_19";"Food";5;23;115.0;"2022-11-03"
1681196;"CUST_18";"Food";4;29;116.0;"2022-08-06"
1681837;"CUST_13";"Patisserie";5;16;77.5;"2024-02-08"
1681838;"CUST_16";"Electric household essentials";7;26;182.0;"2022-04-20"
1683620;"CUST_19";"Beverages";1;10;9.5;"2022-12-04"
1684657;"CUST_22";"Milk Products";7;13;87.5;"2024-07-10"
1685964;"CUST_04";"Beverages";5;26;130.0;"2024-12-23"
1686564;"CUST_25";"Butchers";7;34;234.5;"2023-09-13"
1686639;"CUST_04";"Electric household essentials";9;35;315.0;"2023-05-23"
1686913;"CUST_05";"Computers and electric accessories";3;8;24.0;"2023-07-02"
1688534;"CUST_22";"Beverages";9;22;193.5;"2022-03-20"
1688684;"CUST_20";"Food";10;20;200.0;"2022-08-30"
1688767;"CUST_13";"Furniture";2;34;67.0;"2023-12-31"
1689950;"CUST_17";"Furniture";8;13;100.0;"2023-07-23"
1690344;"CUST_11";"Milk Products";9;8;72.0;"2025-01-09"
1691068;"CUST_23";"Patisserie";9;7;58.5;"2022-08-11"
1691436;"CUST_21";"Electric household essentials";2;28;55.0;"2024-02-02"
1692396;"CUST_03";"Electric household essentials";5;17;85.0;"2024-12-04"
1693429;"CUST_01";"Milk Products";10;8;80.0;"2024-08-06"
1693687;"CUST_25";"Computers and electric accessories";2;7;13.0;"2023-08-31"
1694123;"CUST_06";"Beverages";10;17;170.0;"2023-08-06"
1694461;"CUST_17";"Butchers";10;22;215.0;"2022-07-13"
1694877;"CUST_05";"Beverages";6;16;93.0;"2023-08-22"
1695036;"CUST_02";"Electric household essentials";1;10;9.5;"2024-08-18"
1695790;"CUST_09";"Furniture";8;22;172.0;"2024-05-04"
1696105;"CUST_15";"Computers and electric accessories";3;35;105.0;"2022-01-30"
1696678;"CUST_22";"Milk Products";9;37;328.5;"2024-03-11"
1699208;"CUST_09";"Furniture";7;5;35.0;"2022-04-06"
1701445;"CUST_22";"Butchers";5;28;137.5;"2022-05-26"
1701594;"CUST_01";"Milk Products";6;13;75.0;"2022-01-15"
1701855;"CUST_09";"Electric household essentials";8;38;304.0;"2022-02-03"
1702935;"CUST_04";"Electric household essentials";9;11;99.0;"2023-05-28"
1702959;"CUST_03";"Butchers";10;38;380.0;"2022-02-22"
1704261;"CUST_19";"Butchers";7;11;77.0;"2023-08-01"
1704457;"CUST_18";"Furniture";5;29;145.0;"2024-04-01"
1705335;"CUST_23";"Electric household essentials";10;20;200.0;"2024-05-07"
1707962;"CUST_12";"Computers and electric accessories";8;11;88.0;"2022-08-20"
1708128;"CUST_25";"Computers and electric accessories";1;17;17.0;"2022-10-19"
1709660;"CUST_18";"Electric household essentials";1;16;15.5;"2024-06-19"
1709795;"CUST_21";"Butchers";5;8;40.0;"2024-10-17"
1709998;"CUST_21";"Beverages";10;25;245.0;"2022-07-26"
1712389;"CUST_16";"Beverages";8;35;280.0;"2022-10-27"
1712455;"CUST_25";"Butchers";9;11;99.0;"2024-03-11"
1712895;"CUST_07";"Computers and electric accessories";5;7;32.5;"2024-09-06"
1713611;"CUST_24";"Electric household essentials";1;28;27.5;"2024-09-14"
1714851;"CUST_14";"Milk Products";5;31;152.5;"2024-09-24"
1714958;"CUST_10";"Beverages";5;29;145.0;"2023-05-17"
1715848;"CUST_08";"Computers and electric accessories";5;22;107.5;"2024-09-15"
1716471;"CUST_04";"Milk Products";3;10;28.5;"2022-03-02"
1716938;"CUST_15";"Milk Products";7;32;224.0;"2023-12-24"
1720372;"CUST_20";"Food";0;0;0.0;"2023-10-23"
1720595;"CUST_23";"Patisserie";4;29;116.0;"2023-03-11"
1721597;"CUST_22";"Computers and electric accessories";1;20;20.0;"2023-04-20"
1722933;"CUST_20";"Computers and electric accessories";7;35;245.0;"2023-08-12"
1724677;"CUST_18";"Patisserie";8;10;76.0;"2022-03-31"
1725123;"CUST_19";"Beverages";7;14;98.0;"2023-05-26"
1725454;"CUST_07";"Electric household essentials";8;13;100.0;"2023-11-15"
1726200;"CUST_20";"Milk Products";9;8;72.0;"2024-08-05"
1726888;"CUST_03";"Patisserie";8;38;304.0;"2022-06-21"
1727861;"CUST_08";"Food";8;35;280.0;"2022-12-31"
1729525;"CUST_08";"Beverages";7;38;266.0;"2022-11-10"
1731329;"CUST_16";"Computers and electric accessories";2;22;43.0;"2022-01-16"
1732114;"CUST_11";"Milk Products";5;23;115.0;"2022-06-14"
1733096;"CUST_10";"Furniture";8;20;160.0;"2023-06-11"
1733313;"CUST_13";"Computers and electric accessories";2;10;19.0;"2024-09-27"
1734171;"CUST_04";"Furniture";2;31;61.0;"2024-09-29"
1735701;"CUST_24";"Electric household essentials";5;41;205.0;"2023-07-21"
1736098;"CUST_23";"Patisserie";3;5;15.0;"2022-10-18"
1738308;"CUST_21";"Computers and electric accessories";7;28;192.5;"2024-06-28"
1738321;"CUST_07";"Electric household essentials";7;34;234.5;"2024-08-04"
1738657;"CUST_04";"Furniture";10;40;395.0;"2023-07-13"
1738985;"CUST_22";"Food";5;11;55.0;"2022-01-14"
1741161;"CUST_14";"Beverages";8;5;40.0;"2024-10-28"
1741913;"CUST_03";"Computers and electric accessories";3;14;42.0;"2022-12-11"
1742095;"CUST_13";"Patisserie";5;23;115.0;"2024-08-22"
1742336;"CUST_08";"Patisserie";4;23;92.0;"2022-03-08"
1743677;"CUST_06";"Food";6;17;102.0;"2024-12-21"
1743700;"CUST_04";"Butchers";8;35;280.0;"2023-12-06"
1744322;"CUST_07";"Patisserie";4;22;86.0;"2023-06-07"
1744579;"CUST_17";"Beverages";5;41;205.0;"2024-12-16"
1744774;"CUST_22";"Milk Products";8;31;244.0;"2022-05-19"
1745042;"CUST_17";"Butchers";4;37;146.0;"2022-10-13"
1745446;"CUST_02";"Computers and electric accessories";1;29;29.0;"2022-12-11"
1745928;"CUST_17";"Computers and electric accessories";1;5;5.0;"2024-10-11"
1746192;"CUST_24";"Electric household essentials";0;0;0.0;"2022-07-30"
1746209;"CUST_20";"Furniture";8;16;124.0;"2022-08-18"
1746228;"CUST_07";"Beverages";9;41;369.0;"2024-06-16"
1746795;"CUST_18";"Electric household essentials";0;0;0.0;"2024-01-15"
1747548;"CUST_04";"Beverages";2;41;82.0;"2024-11-06"
1748782;"CUST_22";"Food";4;31;122.0;"2022-11-23"
1749831;"CUST_12";"Beverages";8;32;256.0;"2023-09-06"
1750091;"CUST_01";"Milk Products";1;10;9.5;"2023-06-19"
1751349;"CUST_22";"Furniture";3;7;19.5;"2024-02-26"
1752239;"CUST_06";"Furniture";10;35;350.0;"2023-12-05"
1753380;"CUST_11";"Butchers";6;8;48.0;"2022-04-03"
1753755;"CUST_04";"Electric household essentials";10;22;215.0;"2022-11-22"
1756302;"CUST_04";"Electric household essentials";10;11;110.0;"2022-08-26"
1757347;"CUST_06";"Butchers";3;41;123.0;"2022-02-21"
1757980;"CUST_02";"Food";7;25;171.5;"2023-12-10"
1758528;"CUST_21";"Food";4;41;164.0;"2023-11-28"
1759177;"CUST_20";"Beverages";0;0;0.0;"2023-05-17"
1759826;"CUST_05";"Beverages";5;28;137.5;"2022-01-04"
1762272;"CUST_13";"Patisserie";10;28;275.0;"2022-04-27"
1763054;"CUST_15";"Milk Products";5;28;137.5;"2023-01-03"
1763880;"CUST_25";"Beverages";7;32;224.0;"2024-08-08"
1765249;"CUST_10";"Computers and electric accessories";4;37;146.0;"2024-02-27"
1766741;"CUST_08";"Food";2;41;82.0;"2022-06-22"
1767448;"CUST_07";"Beverages";3;41;123.0;"2024-11-18"
1767820;"CUST_18";"Beverages";7;41;287.0;"2025-01-17"
1768505;"CUST_21";"Food";0;0;0.0;"2024-08-24"
1768732;"CUST_06";"Beverages";7;8;56.0;"2024-10-20"
1770062;"CUST_05";"Furniture";2;41;82.0;"2023-02-28"
1770364;"CUST_10";"Food";10;11;110.0;"2023-12-10"
1770449;"CUST_25";"Electric household essentials";0;0;0.0;"2024-02-01"
1771404;"CUST_10";"Patisserie";2;16;31.0;"2023-12-09"
1772393;"CUST_18";"Furniture";3;11;33.0;"2024-03-29"
1772473;"CUST_02";"Milk Products";2;10;19.0;"2023-03-26"
1772882;"CUST_15";"Butchers";9;20;180.0;"2023-12-18"
1772948;"CUST_11";"Food";9;35;315.0;"2024-11-29"
1775219;"CUST_25";"Food";7;34;234.5;"2024-10-27"
1775377;"CUST_07";"Butchers";2;37;73.0;"2024-01-17"
1776674;"CUST_07";"Beverages";5;34;167.5;"2024-08-20"
1777125;"CUST_21";"Food";9;20;180.0;"2024-08-23"
1777313;"CUST_07";"Milk Products";0;0;0.0;"2025-01-18"
1777447;"CUST_08";"Patisserie";6;26;156.0;"2022-03-22"
1777543;"CUST_15";"Beverages";10;28;275.0;"2022-09-27"
1778326;"CUST_20";"Computers and electric accessories";9;25;220.5;"2023-09-01"
1778676;"CUST_22";"Electric household essentials";6;41;246.0;"2022-09-21"
1780099;"CUST_18";"Beverages";8;14;112.0;"2024-11-22"
1780276;"CUST_04";"Computers and electric accessories";8;32;256.0;"2022-05-05"
1780281;"CUST_16";"Food";2;38;76.0;"2024-12-07"
1781013;"CUST_06";"Beverages";4;29;116.0;"2023-09-24"
1781058;"CUST_15";"Computers and electric accessories";5;35;175.0;"2024-10-14"
1781066;"CUST_15";"Computers and electric accessories";10;20;200.0;"2023-04-17"
1782376;"CUST_17";"Butchers";6;22;129.0;"2022-03-24"
1782733;"CUST_13";"Butchers";3;5;15.0;"2022-01-05"
1783309;"CUST_08";"Patisserie";9;26;234.0;"2023-01-17"
1785816;"CUST_01";"Milk Products";6;40;237.0;"2024-01-16"
1787703;"CUST_13";"Beverages";5;29;145.0;"2024-09-02"
1787892;"CUST_20";"Food";6;19;111.0;"2022-11-10"
1788104;"CUST_22";"Furniture";8;26;208.0;"2024-11-18"
1788744;"CUST_05";"Patisserie";6;23;138.0;"2023-07-16"
1788956;"CUST_01";"Patisserie";2;28;55.0;"2023-06-19"
1790105;"CUST_25";"Furniture";7;20;140.0;"2022-08-10"
1791231;"CUST_16";"Furniture";5;11;55.0;"2024-04-21"
1791391;"CUST_08";"Food";9;22;193.5;"2023-02-10"
1792761;"CUST_11";"Food";7;11;77.0;"2022-01-26"
1792802;"CUST_02";"Furniture";6;5;30.0;"2023-06-20"
1793827;"CUST_01";"Electric household essentials";6;34;201.0;"2022-02-15"
1794054;"CUST_24";"Butchers";3;13;37.5;"2024-11-22"
1794604;"CUST_16";"Milk Products";1;8;8.0;"2023-07-03"
1794661;"CUST_20";"Milk Products";5;28;137.5;"2022-03-21"
1795154;"CUST_23";"Computers and electric accessories";7;19;129.5;"2023-06-14"
1795312;"CUST_20";"Electric household essentials";7;13;87.5;"2024-01-13"
1795531;"CUST_19";"Electric household essentials";5;19;92.5;"2022-01-11"
1795555;"CUST_07";"Butchers";5;22;107.5;"2022-03-21"
1795726;"CUST_05";"Electric household essentials";4;41;164.0;"2022-05-01"
1796174;"CUST_14";"Computers and electric accessories";3;13;37.5;"2024-11-22"
1796772;"CUST_09";"Milk Products";6;38;228.0;"2023-07-13"
1799201;"CUST_03";"Beverages";5;17;85.0;"2023-01-15"
1799662;"CUST_23";"Food";0;0;0.0;"2022-01-09"
1801245;"CUST_19";"Furniture";4;20;80.0;"2024-09-09"
1802987;"CUST_14";"Food";9;34;301.5;"2024-10-17"
1803617;"CUST_07";"Furniture";1;38;38.0;"2024-11-15"
1803828;"CUST_03";"Food";7;41;287.0;"2022-11-20"
1803855;"CUST_11";"Electric household essentials";5;16;77.5;"2024-11-05"
1804192;"CUST_20";"Furniture";9;16;139.5;"2024-06-07"
1806496;"CUST_23";"Furniture";8;26;208.0;"2024-05-09"
1806675;"CUST_19";"Food";3;11;33.0;"2022-01-09"
1806809;"CUST_18";"Computers and electric accessories";9;16;139.5;"2024-07-08"
1807679;"CUST_04";"Patisserie";1;23;23.0;"2024-12-15"
1808071;"CUST_25";"Food";2;23;46.0;"2022-10-14"
1809144;"CUST_10";"Patisserie";6;7;39.0;"2024-11-13"
1809291;"CUST_16";"Computers and electric accessories";5;32;160.0;"2024-05-13"
1809602;"CUST_21";"Butchers";2;23;46.0;"2023-09-06"
1809665;"CUST_14";"Beverages";0;0;0.0;"2022-05-11"
1809957;"CUST_04";"Milk Products";9;40;355.5;"2022-10-12"
1809996;"CUST_04";"Butchers";6;38;228.0;"2025-01-10"
1810111;"CUST_16";"Milk Products";5;20;100.0;"2022-03-06"
1810288;"CUST_01";"Food";10;23;230.0;"2024-12-07"
1811555;"CUST_15";"Food";0;0;0.0;"2023-07-31"
1812590;"CUST_17";"Furniture";3;41;123.0;"2023-07-23"
1813718;"CUST_03";"Butchers";1;31;30.5;"2023-06-08"
1814138;"CUST_06";"Beverages";10;41;410.0;"2024-11-16"
1814218;"CUST_21";"Beverages";6;28;165.0;"2023-05-23"
1814333;"CUST_23";"Butchers";1;31;30.5;"2024-07-27"
1814602;"CUST_15";"Patisserie";2;20;40.0;"2023-11-17"
1814757;"CUST_01";"Patisserie";0;0;0.0;"2024-08-18"
1814977;"CUST_13";"Furniture";10;7;65.0;"2022-04-30"
1815089;"CUST_18";"Milk Products";7;16;108.5;"2022-07-16"
1818008;"CUST_19";"Electric household essentials";1;14;14.0;"2022-03-29"
1818334;"CUST_08";"Milk Products";1;26;26.0;"2022-01-08"
1818683;"CUST_10";"Milk Products";5;5;25.0;"2022-07-12"
1819682;"CUST_17";"Food";8;35;280.0;"2024-06-11"
1820052;"CUST_09";"Beverages";6;31;183.0;"2023-09-05"
1820377;"CUST_15";"Patisserie";7;20;140.0;"2024-01-03"
1821104;"CUST_22";"Food";1;8;8.0;"2024-06-08"
1821423;"CUST_22";"Furniture";2;41;82.0;"2022-01-13"
1821468;"CUST_14";"Electric household essentials";5;14;70.0;"2023-04-15"
1822926;"CUST_25";"Beverages";1;10;9.5;"2022-03-25"
1823886;"CUST_02";"Electric household essentials";6;10;57.0;"2022-07-20"
1825577;"CUST_16";"Beverages";6;31;183.0;"2022-07-10"
1826372;"CUST_22";"Patisserie";3;31;91.5;"2024-08-07"
1826446;"CUST_21";"Butchers";9;31;274.5;"2022-06-13"
1826818;"CUST_12";"Patisserie";5;20;100.0;"2024-07-04"
1827392;"CUST_08";"Butchers";5;7;32.5;"2023-05-20"
1827718;"CUST_17";"Computers and electric accessories";2;32;64.0;"2024-02-15"
1828172;"CUST_06";"Computers and electric accessories";6;40;237.0;"2024-11-14"
1829770;"CUST_22";"Milk Products";2;14;28.0;"2022-06-29"
1829811;"CUST_04";"Patisserie";7;20;140.0;"2022-12-20"
1830813;"CUST_15";"Milk Products";8;37;292.0;"2023-11-05"
1833446;"CUST_13";"Beverages";5;40;197.5;"2023-12-11"
1833505;"CUST_23";"Computers and electric accessories";5;26;130.0;"2022-12-27"
1833797;"CUST_08";"Food";10;13;125.0;"2022-03-29"
1834624;"CUST_25";"Patisserie";0;0;0.0;"2023-07-22"
1834791;"CUST_08";"Electric household essentials";6;10;57.0;"2024-05-31"
1836591;"CUST_21";"Electric household essentials";3;34;100.5;"2022-11-20"
1836595;"CUST_08";"Beverages";3;40;118.5;"2023-07-01"
1838613;"CUST_19";"Milk Products";7;16;108.5;"2024-06-27"
1838690;"CUST_20";"Furniture";8;35;280.0;"2024-09-20"
1839621;"CUST_01";"Butchers";1;16;15.5;"2024-04-07"
1840133;"CUST_07";"Beverages";9;20;180.0;"2023-06-25"
1840200;"CUST_09";"Electric household essentials";7;22;150.5;"2024-01-06"
1841098;"CUST_11";"Food";2;34;67.0;"2023-10-22"
1842699;"CUST_16";"Electric household essentials";3;34;100.5;"2022-06-04"
1843848;"CUST_05";"Patisserie";8;23;184.0;"2022-10-13"
1845043;"CUST_12";"Food";8;23;184.0;"2024-11-21"
1845915;"CUST_02";"Furniture";2;11;22.0;"2022-06-27"
1846459;"CUST_11";"Beverages";10;14;140.0;"2024-05-29"
1846815;"CUST_14";"Butchers";6;34;201.0;"2023-12-22"
1847064;"CUST_03";"Furniture";1;41;41.0;"2024-01-13"
1847488;"CUST_08";"Food";10;8;80.0;"2022-03-10"
1848524;"CUST_11";"Food";3;20;60.0;"2024-12-27"
1848720;"CUST_03";"Milk Products";8;41;328.0;"2022-03-31"
1849169;"CUST_06";"Milk Products";3;17;51.0;"2023-03-15"
1851007;"CUST_10";"Computers and electric accessories";8;31;244.0;"2022-11-20"
1851161;"CUST_11";"Computers and electric accessories";7;19;129.5;"2024-11-24"
1851169;"CUST_18";"Beverages";2;16;31.0;"2022-10-24"
1851428;"CUST_22";"Electric household essentials";5;38;190.0;"2024-05-18"
1851869;"CUST_20";"Electric household essentials";0;0;0.0;"2023-12-17"
1852878;"CUST_07";"Patisserie";10;40;395.0;"2023-06-19"
1853686;"CUST_07";"Computers and electric accessories";9;17;153.0;"2024-04-20"
1854685;"CUST_18";"Computers and electric accessories";10;13;125.0;"2024-02-19"
1854833;"CUST_05";"Computers and electric accessories";9;26;234.0;"2023-04-24"
1855175;"CUST_02";"Computers and electric accessories";4;23;92.0;"2022-04-20"
1857275;"CUST_04";"Furniture";2;41;82.0;"2023-11-14"
1857948;"CUST_12";"Beverages";9;40;355.5;"2022-07-04"
1858867;"CUST_16";"Food";10;10;95.0;"2022-07-20"
1858997;"CUST_08";"Patisserie";6;23;138.0;"2022-10-01"
1859382;"CUST_14";"Food";6;22;129.0;"2022-03-22"
1859813;"CUST_05";"Electric household essentials";5;31;152.5;"2023-08-29"
1860120;"CUST_01";"Furniture";10;41;410.0;"2022-01-19"
1860632;"CUST_18";"Computers and electric accessories";8;25;196.0;"2022-11-30"
1860779;"CUST_13";"Butchers";10;10;95.0;"2023-09-01"
1862542;"CUST_18";"Butchers";8;17;136.0;"2024-08-25"
1862637;"CUST_08";"Electric household essentials";3;35;105.0;"2024-03-27"
1862964;"CUST_01";"Computers and electric accessories";3;28;82.5;"2023-02-23"
1864016;"CUST_08";"Furniture";0;0;0.0;"2024-03-15"
1865240;"CUST_13";"Computers and electric accessories";2;29;58.0;"2022-08-21"
1865764;"CUST_08";"Computers and electric accessories";8;35;280.0;"2024-12-10"
1866665;"CUST_09";"Food";4;7;26.0;"2024-08-22"
1868656;"CUST_24";"Computers and electric accessories";6;31;183.0;"2024-01-19"
1869028;"CUST_09";"Food";5;11;55.0;"2023-11-01"
1869204;"CUST_07";"Butchers";5;35;175.0;"2023-10-25"
1869739;"CUST_21";"Computers and electric accessories";8;26;208.0;"2024-12-16"
1870009;"CUST_02";"Food";10;35;350.0;"2023-07-30"
1870890;"CUST_13";"Electric household essentials";9;11;99.0;"2024-04-02"
1870960;"CUST_06";"Milk Products";5;23;115.0;"2024-07-08"
1871707;"CUST_10";"Electric household essentials";1;34;33.5;"2022-04-01"
1871813;"CUST_10";"Beverages";1;14;14.0;"2022-08-09"
1873507;"CUST_24";"Beverages";3;7;19.5;"2022-06-24"
1874387;"CUST_12";"Electric household essentials";10;23;230.0;"2024-12-04"
1876426;"CUST_09";"Furniture";1;7;6.5;"2022-05-27"
1877006;"CUST_15";"Electric household essentials";10;32;320.0;"2024-05-19"
1877280;"CUST_25";"Patisserie";8;17;136.0;"2023-09-01"
1877555;"CUST_18";"Butchers";9;41;369.0;"2024-03-03"
1877576;"CUST_17";"Furniture";3;26;78.0;"2022-01-13"
1880096;"CUST_12";"Butchers";5;38;190.0;"2022-03-20"
1880682;"CUST_22";"Computers and electric accessories";10;25;245.0;"2024-05-28"
1881631;"CUST_07";"Electric household essentials";2;38;76.0;"2022-01-05"
1881857;"CUST_04";"Milk Products";5;8;40.0;"2024-12-20"
1882040;"CUST_21";"Food";7;34;234.5;"2022-09-08"
1882050;"CUST_06";"Patisserie";0;0;0.0;"2023-01-28"
1882210;"CUST_13";"Food";4;25;98.0;"2022-03-02"
1884089;"CUST_14";"Butchers";5;13;62.5;"2025-01-03"
1884808;"CUST_03";"Beverages";1;16;15.5;"2023-01-26"
1886375;"CUST_12";"Furniture";5;10;47.5;"2023-01-01"
1888268;"CUST_14";"Milk Products";6;10;57.0;"2023-07-29"
1890352;"CUST_25";"Computers and electric accessories";6;35;210.0;"2022-03-07"
1891225;"CUST_08";"Furniture";10;35;350.0;"2023-08-14"
1891321;"CUST_09";"Beverages";4;7;26.0;"2023-07-05"
1892062;"CUST_25";"Patisserie";5;26;130.0;"2024-03-15"
1892483;"CUST_22";"Milk Products";9;26;234.0;"2023-08-31"
1892600;"CUST_04";"Furniture";9;19;166.5;"2024-04-22"
1892944;"CUST_18";"Beverages";3;34;100.5;"2022-03-29"
1894434;"CUST_20";"Food";4;25;98.0;"2023-03-10"
1896794;"CUST_18";"Furniture";7;32;224.0;"2023-10-23"
1897015;"CUST_25";"Food";2;10;19.0;"2022-07-04"
1897179;"CUST_19";"Beverages";5;7;32.5;"2022-03-27"
1898388;"CUST_17";"Milk Products";8;32;256.0;"2023-09-22"
1898727;"CUST_20";"Beverages";1;28;27.5;"2023-12-21"
1899099;"CUST_06";"Food";3;5;15.0;"2022-08-06"
1899145;"CUST_11";"Butchers";8;26;208.0;"2022-01-11"
1899712;"CUST_08";"Electric household essentials";9;38;342.0;"2022-12-10"
1900258;"CUST_16";"Food";2;8;16.0;"2022-06-16"
1900392;"CUST_17";"Electric household essentials";1;8;8.0;"2023-02-07"
1901259;"CUST_13";"Milk Products";9;26;234.0;"2024-09-05"
1901951;"CUST_23";"Milk Products";4;38;152.0;"2023-08-17"
1901981;"CUST_07";"Butchers";5;35;175.0;"2024-04-28"
1903317;"CUST_11";"Furniture";9;38;342.0;"2024-04-10"
1904037;"CUST_25";"Electric household essentials";1;34;33.5;"2023-12-25"
1904464;"CUST_10";"Electric household essentials";7;31;213.5;"2023-09-17"
1904948;"CUST_18";"Beverages";4;20;80.0;"2024-01-13"
1906467;"CUST_10";"Patisserie";10;7;65.0;"2022-10-23"
1906808;"CUST_22";"Beverages";7;22;150.5;"2024-10-12"
1906850;"CUST_06";"Milk Products";5;5;25.0;"2023-04-20"
1906985;"CUST_06";"Patisserie";2;10;19.0;"2023-02-02"
1907425;"CUST_05";"Beverages";4;40;158.0;"2024-07-28"
1908528;"CUST_20";"Patisserie";4;22;86.0;"2024-02-25"
1908642;"CUST_05";"Patisserie";2;26;52.0;"2024-03-08"
1909279;"CUST_10";"Electric household essentials";0;0;0.0;"2024-06-12"
1909410;"CUST_14";"Patisserie";1;35;35.0;"2023-09-06"
1909877;"CUST_13";"Milk Products";10;32;320.0;"2024-06-08"
1910146;"CUST_02";"Milk Products";7;22;150.5;"2022-12-03"
1910565;"CUST_18";"Furniture";9;17;153.0;"2024-03-26"
1913469;"CUST_20";"Electric household essentials";2;34;67.0;"2022-09-19"
1913617;"CUST_10";"Patisserie";1;22;21.5;"2023-12-04"
1914649;"CUST_22";"Furniture";2;13;25.0;"2023-11-03"
1915866;"CUST_14";"Patisserie";5;38;190.0;"2024-08-15"
1916676;"CUST_11";"Electric household essentials";8;37;292.0;"2023-06-06"
1916761;"CUST_16";"Electric household essentials";3;16;46.5;"2022-08-26"
1917119;"CUST_23";"Computers and electric accessories";9;22;193.5;"2023-06-12"
1917155;"CUST_10";"Furniture";5;38;190.0;"2024-10-01"
1919020;"CUST_20";"Butchers";10;37;365.0;"2022-03-18"
1919804;"CUST_20";"Butchers";7;40;276.5;"2022-01-11"
1919855;"CUST_14";"Food";5;31;152.5;"2022-07-09"
1920349;"CUST_22";"Computers and electric accessories";10;29;290.0;"2024-01-06"
1921846;"CUST_04";"Milk Products";3;8;24.0;"2024-12-12"
1923790;"CUST_17";"Patisserie";7;16;108.5;"2024-07-25"
1924304;"CUST_09";"Beverages";6;19;111.0;"2023-09-19"
1926362;"CUST_13";"Computers and electric accessories";8;11;88.0;"2022-11-27"
1926590;"CUST_13";"Computers and electric accessories";9;13;112.5;"2022-10-12"
1927605;"CUST_13";"Food";10;25;245.0;"2023-02-22"
1927624;"CUST_12";"Electric household essentials";10;32;320.0;"2022-03-02"
1927837;"CUST_14";"Electric household essentials";4;7;26.0;"2023-05-27"
1928195;"CUST_09";"Butchers";2;26;52.0;"2023-07-13"
1928442;"CUST_20";"Patisserie";8;23;184.0;"2024-01-24"
1928530;"CUST_06";"Butchers";4;41;164.0;"2024-02-08"
1929355;"CUST_14";"Patisserie";5;38;190.0;"2024-10-22"
1929540;"CUST_16";"Beverages";2;14;28.0;"2023-05-18"
1929919;"CUST_21";"Butchers";6;14;84.0;"2023-07-27"
1930172;"CUST_06";"Patisserie";6;16;93.0;"2022-08-03"
1930560;"CUST_15";"Furniture";2;26;52.0;"2022-09-09"
1931355;"CUST_15";"Furniture";3;25;73.5;"2022-09-30"
1931392;"CUST_20";"Milk Products";2;10;19.0;"2022-10-10"
1931979;"CUST_25";"Beverages";6;26;156.0;"2024-10-21"
1933506;"CUST_13";"Food";2;13;25.0;"2024-12-17"
1933813;"CUST_12";"Electric household essentials";6;5;30.0;"2024-03-16"
1935246;"CUST_20";"Beverages";3;8;24.0;"2024-01-19"
1935654;"CUST_20";"Computers and electric accessories";7;26;182.0;"2023-04-19"
1936106;"CUST_17";"Patisserie";2;13;25.0;"2022-09-15"
1938135;"CUST_17";"Butchers";10;41;410.0;"2023-12-20"
1938762;"CUST_25";"Computers and electric accessories";2;34;67.0;"2024-04-12"
1940400;"CUST_04";"Electric household essentials";3;34;100.5;"2023-05-25"
1941756;"CUST_13";"Patisserie";1;13;12.5;"2023-06-29"
1942110;"CUST_09";"Computers and electric accessories";3;16;46.5;"2024-04-09"
1942225;"CUST_04";"Beverages";2;29;58.0;"2022-06-11"
1943582;"CUST_04";"Computers and electric accessories";2;34;67.0;"2023-02-21"
1943695;"CUST_09";"Milk Products";8;32;256.0;"2023-04-04"
1943990;"CUST_14";"Butchers";3;34;100.5;"2024-03-10"
1945001;"CUST_19";"Beverages";0;0;0.0;"2022-06-27"
1945960;"CUST_09";"Butchers";10;16;155.0;"2023-04-06"
1946735;"CUST_25";"Food";4;11;44.0;"2023-08-08"
1947569;"CUST_09";"Food";10;37;365.0;"2023-10-21"
1949455;"CUST_25";"Furniture";3;41;123.0;"2022-01-23"
1949980;"CUST_22";"Beverages";3;29;87.0;"2024-03-03"
1950133;"CUST_05";"Food";3;23;69.0;"2023-11-11"
1950187;"CUST_05";"Patisserie";2;13;25.0;"2022-02-02"
1950227;"CUST_01";"Food";7;11;77.0;"2023-09-04"
1951562;"CUST_07";"Butchers";3;41;123.0;"2022-02-02"
1953026;"CUST_03";"Furniture";4;26;104.0;"2024-11-19"
1954548;"CUST_25";"Electric household essentials";10;23;230.0;"2022-05-13"
1955780;"CUST_18";"Milk Products";0;0;0.0;"2023-07-12"
1957321;"CUST_17";"Milk Products";10;34;335.0;"2023-07-21"
1958345;"CUST_08";"Electric household essentials";8;10;76.0;"2024-06-28"
1960454;"CUST_10";"Electric household essentials";10;26;260.0;"2022-04-01"
1960835;"CUST_15";"Electric household essentials";2;16;31.0;"2022-03-22"
1961400;"CUST_01";"Computers and electric accessories";7;16;108.5;"2023-04-24"
1961640;"CUST_10";"Electric household essentials";2;23;46.0;"2023-12-12"
1962372;"CUST_21";"Patisserie";2;41;82.0;"2023-07-25"
1962487;"CUST_10";"Milk Products";3;26;78.0;"2024-01-21"
1962874;"CUST_03";"Food";9;10;85.5;"2023-07-27"
1965640;"CUST_21";"Food";3;8;24.0;"2023-05-05"
1965778;"CUST_25";"Milk Products";3;16;46.5;"2024-09-01"
1966034;"CUST_13";"Beverages";4;34;134.0;"2024-08-26"
1966346;"CUST_23";"Patisserie";10;20;200.0;"2022-11-29"
1966350;"CUST_09";"Butchers";9;16;139.5;"2023-05-31"
1966846;"CUST_10";"Beverages";5;32;160.0;"2022-09-10"
1967088;"CUST_07";"Patisserie";4;19;74.0;"2022-01-18"
1967870;"CUST_20";"Food";8;14;112.0;"2024-07-25"
1971043;"CUST_25";"Furniture";9;34;301.5;"2022-09-05"
1972203;"CUST_04";"Beverages";5;41;205.0;"2023-10-08"
1972506;"CUST_09";"Computers and electric accessories";8;13;100.0;"2024-12-14"
1972761;"CUST_23";"Patisserie";10;8;80.0;"2024-10-24"
1972818;"CUST_01";"Beverages";4;37;146.0;"2023-10-18"
1974758;"CUST_04";"Beverages";2;22;43.0;"2022-07-31"
1976524;"CUST_05";"Beverages";6;22;129.0;"2023-08-11"
1977173;"CUST_23";"Butchers";0;0;0.0;"2022-06-14"
1978173;"CUST_18";"Computers and electric accessories";6;11;66.0;"2022-09-02"
1978587;"CUST_12";"Patisserie";6;25;147.0;"2022-03-05"
1978638;"CUST_23";"Food";4;17;68.0;"2022-12-21"
1978695;"CUST_22";"Patisserie";9;38;342.0;"2022-09-23"
1980053;"CUST_13";"Milk Products";10;29;290.0;"2022-09-26"
1980146;"CUST_18";"Furniture";8;31;244.0;"2022-05-15"
1980623;"CUST_05";"Food";3;19;55.5;"2022-02-28"
1981233;"CUST_05";"Furniture";5;34;167.5;"2023-08-06"
1981490;"CUST_17";"Beverages";4;41;164.0;"2022-12-12"
1983263;"CUST_06";"Electric household essentials";2;7;13.0;"2022-10-12"
1985138;"CUST_12";"Patisserie";0;0;0.0;"2023-01-31"
1986816;"CUST_16";"Patisserie";4;38;152.0;"2023-01-17"
1986874;"CUST_09";"Milk Products";3;16;46.5;"2022-11-03"
1987133;"CUST_09";"Furniture";3;20;60.0;"2022-06-07"
1990804;"CUST_23";"Food";9;34;301.5;"2022-06-08"
1990907;"CUST_18";"Furniture";6;16;93.0;"2023-08-02"
1990927;"CUST_05";"Milk Products";8;14;112.0;"2022-03-19"
1991165;"CUST_13";"Computers and electric accessories";3;25;73.5;"2023-05-16"
1991242;"CUST_15";"Milk Products";4;34;134.0;"2022-08-03"
1991377;"CUST_16";"Food";7;25;171.5;"2024-11-23"
1992177;"CUST_23";"Patisserie";7;29;203.0;"2022-06-24"
1992937;"CUST_20";"Butchers";6;41;246.0;"2025-01-08"
1992997;"CUST_09";"Beverages";2;7;13.0;"2023-06-12"
1993111;"CUST_06";"Milk Products";5;28;137.5;"2023-09-18"
1993899;"CUST_05";"Furniture";4;38;152.0;"2024-10-09"
1995025;"CUST_18";"Beverages";9;29;261.0;"2022-07-10"
1995311;"CUST_23";"Patisserie";0;0;0.0;"2024-05-16"
1996371;"CUST_10";"Milk Products";2;32;64.0;"2022-01-19"
1996894;"CUST_02";"Food";2;20;40.0;"2022-04-03"
1997401;"CUST_18";"Patisserie";7;23;161.0;"2022-02-22"
1998771;"CUST_25";"Milk Products";3;28;82.5;"2024-11-07"
1999080;"CUST_08";"Food";3;23;69.0;"2024-12-02"
1999095;"CUST_13";"Furniture";1;40;39.5;"2024-01-12"
1999133;"CUST_23";"Milk Products";8;10;76.0;"2022-11-21"
2002942;"CUST_02";"Milk Products";3;31;91.5;"2023-01-19"
2004814;"CUST_16";"Computers and electric accessories";5;32;160.0;"2023-05-14"
2006169;"CUST_23";"Beverages";1;5;5.0;"2024-09-09"
2007985;"CUST_13";"Patisserie";6;41;246.0;"2023-09-20"
2009395;"CUST_13";"Food";6;20;120.0;"2024-08-12"
2009520;"CUST_06";"Patisserie";8;16;124.0;"2024-03-10"
2010040;"CUST_10";"Beverages";8;32;256.0;"2024-02-01"
2010228;"CUST_17";"Food";4;8;32.0;"2025-01-06"
2010518;"CUST_22";"Electric household essentials";2;41;82.0;"2023-04-21"
2012246;"CUST_17";"Furniture";8;20;160.0;"2023-08-28"
2012777;"CUST_12";"Furniture";6;19;111.0;"2023-04-05"
2014213;"CUST_24";"Food";3;29;87.0;"2023-01-05"
2014914;"CUST_07";"Patisserie";8;29;232.0;"2023-09-14"
2016060;"CUST_08";"Beverages";4;28;110.0;"2023-03-24"
2016332;"CUST_17";"Patisserie";6;5;30.0;"2022-12-17"
2017094;"CUST_11";"Patisserie";7;29;203.0;"2022-02-20"
2017195;"CUST_19";"Patisserie";4;8;32.0;"2023-03-27"
2017512;"CUST_25";"Computers and electric accessories";4;25;98.0;"2023-09-07"
2018105;"CUST_13";"Computers and electric accessories";10;8;80.0;"2023-10-07"
2018154;"CUST_21";"Food";4;23;92.0;"2022-11-09"
2019445;"CUST_15";"Milk Products";10;5;50.0;"2023-11-13"
2020984;"CUST_15";"Butchers";5;14;70.0;"2023-11-25"
2021252;"CUST_09";"Food";1;31;30.5;"2025-01-15"
2023399;"CUST_19";"Milk Products";7;20;140.0;"2024-09-12"
2023468;"CUST_07";"Electric household essentials";2;26;52.0;"2022-08-15"
2024171;"CUST_05";"Butchers";7;23;161.0;"2025-01-12"
2024330;"CUST_02";"Patisserie";9;38;342.0;"2024-06-29"
2024709;"CUST_20";"Milk Products";8;32;256.0;"2022-05-17"
2024907;"CUST_24";"Milk Products";4;28;110.0;"2025-01-10"
2025713;"CUST_06";"Computers and electric accessories";5;32;160.0;"2024-11-21"
2025936;"CUST_01";"Beverages";2;29;58.0;"2023-07-26"
2026101;"CUST_10";"Patisserie";0;0;0.0;"2023-05-14"
2026129;"CUST_06";"Computers and electric accessories";2;22;43.0;"2022-11-10"
2027461;"CUST_15";"Electric household essentials";7;20;140.0;"2022-11-24"
2027533;"CUST_19";"Furniture";6;20;120.0;"2022-11-15"
2028203;"CUST_03";"Beverages";2;31;61.0;"2023-06-05"
2028333;"CUST_18";"Milk Products";4;28;110.0;"2024-07-28"
2028406;"CUST_15";"Butchers";2;7;13.0;"2022-10-30"
2029127;"CUST_12";"Beverages";4;16;62.0;"2024-01-12"
2029167;"CUST_22";"Food";10;7;65.0;"2024-05-22"
2029611;"CUST_15";"Patisserie";8;23;184.0;"2024-05-27"
2029816;"CUST_09";"Food";6;29;174.0;"2023-12-12"
2030685;"CUST_08";"Butchers";10;38;380.0;"2023-07-16"
2031274;"CUST_05";"Electric household essentials";7;34;234.5;"2023-07-12"
2031813;"CUST_12";"Butchers";1;7;6.5;"2024-07-11"
2032102;"CUST_03";"Patisserie";7;38;266.0;"2024-06-08"
2032489;"CUST_14";"Butchers";8;38;304.0;"2023-09-24"
2032621;"CUST_05";"Electric household essentials";9;23;207.0;"2024-08-12"
2033155;"CUST_21";"Food";3;29;87.0;"2023-05-29"
2034268;"CUST_11";"Computers and electric accessories";1;7;6.5;"2024-11-28"
2035015;"CUST_23";"Butchers";9;41;369.0;"2022-12-08"
2035086;"CUST_17";"Furniture";10;11;110.0;"2022-06-12"
2035106;"CUST_20";"Furniture";10;7;65.0;"2022-02-24"
2035161;"CUST_02";"Electric household essentials";10;10;95.0;"2023-06-18"
2035248;"CUST_17";"Furniture";8;20;160.0;"2024-01-01"
2035631;"CUST_14";"Milk Products";7;37;255.5;"2024-02-27"
2037577;"CUST_24";"Food";7;29;203.0;"2023-02-20"
2038385;"CUST_07";"Milk Products";9;38;342.0;"2023-05-25"
2038677;"CUST_23";"Butchers";7;26;182.0;"2022-12-28"
2039131;"CUST_15";"Furniture";3;13;37.5;"2024-11-04"
2039959;"CUST_05";"Computers and electric accessories";8;28;220.0;"2023-03-07"
2040809;"CUST_08";"Butchers";10;37;365.0;"2024-05-23"
2041111;"CUST_17";"Furniture";6;41;246.0;"2023-02-12"
2041673;"CUST_10";"Furniture";7;29;203.0;"2023-05-27"
2042782;"CUST_24";"Milk Products";1;13;12.5;"2022-08-22"
2043131;"CUST_14";"Food";4;40;158.0;"2022-06-24"
2043452;"CUST_17";"Patisserie";5;16;77.5;"2022-02-23"
2045418;"CUST_14";"Food";1;25;24.5;"2023-11-18"
2045668;"CUST_15";"Computers and electric accessories";5;37;182.5;"2024-09-29"
2046485;"CUST_10";"Patisserie";3;25;73.5;"2024-12-09"
2046922;"CUST_21";"Milk Products";5;8;40.0;"2023-11-26"
2046951;"CUST_11";"Butchers";8;7;52.0;"2024-11-18"
2049292;"CUST_23";"Beverages";9;17;153.0;"2022-04-17"
2049510;"CUST_20";"Beverages";1;20;20.0;"2024-09-04"
2052776;"CUST_17";"Patisserie";8;14;112.0;"2024-11-01"
2052834;"CUST_17";"Butchers";9;28;247.5;"2024-02-28"
2054145;"CUST_06";"Electric household essentials";7;35;245.0;"2023-05-28"
2055325;"CUST_12";"Milk Products";7;20;140.0;"2023-07-25"
2055464;"CUST_08";"Electric household essentials";1;13;12.5;"2024-07-18"
2056215;"CUST_24";"Food";3;31;91.5;"2023-02-13"
2056623;"CUST_01";"Beverages";2;16;31.0;"2023-02-19"
2057102;"CUST_22";"Furniture";8;11;88.0;"2022-08-26"
2057150;"CUST_11";"Beverages";8;26;208.0;"2024-03-26"
2057291;"CUST_24";"Patisserie";4;28;110.0;"2022-05-10"
2058333;"CUST_25";"Beverages";10;41;410.0;"2023-01-17"
2059003;"CUST_13";"Computers and electric accessories";4;26;104.0;"2024-04-28"
2059202;"CUST_24";"Milk Products";3;8;24.0;"2024-01-20"
2059563;"CUST_15";"Computers and electric accessories";5;22;107.5;"2024-07-23"
2059946;"CUST_18";"Electric household essentials";6;19;111.0;"2023-11-11"
2060703;"CUST_08";"Electric household essentials";6;11;66.0;"2023-06-25"
2060935;"CUST_14";"Electric household essentials";9;11;99.0;"2023-07-08"
2061240;"CUST_09";"Electric household essentials";9;8;72.0;"2023-03-01"
2061484;"CUST_01";"Food";7;14;98.0;"2024-07-22"
2062102;"CUST_23";"Butchers";10;38;380.0;"2024-04-09"
2065846;"CUST_19";"Milk Products";1;32;32.0;"2024-02-12"
2069336;"CUST_21";"Food";3;14;42.0;"2024-07-22"
2069389;"CUST_01";"Beverages";2;40;79.0;"2024-02-29"
2070726;"CUST_22";"Milk Products";5;13;62.5;"2022-01-01"
2071777;"CUST_08";"Beverages";3;7;19.5;"2024-10-21"
2072018;"CUST_05";"Food";6;25;147.0;"2024-01-29"
2073385;"CUST_17";"Furniture";5;13;62.5;"2023-04-25"
2073907;"CUST_25";"Furniture";7;35;245.0;"2024-05-13"
2074223;"CUST_16";"Beverages";5;5;25.0;"2023-09-15"
2075432;"CUST_03";"Furniture";8;26;208.0;"2023-03-29"
2075749;"CUST_04";"Milk Products";5;10;47.5;"2024-11-07"
2076721;"CUST_09";"Butchers";9;8;72.0;"2023-11-14"
2077907;"CUST_16";"Furniture";1;25;24.5;"2022-06-20"
2078144;"CUST_25";"Food";2;41;82.0;"2022-01-20"
2078236;"CUST_15";"Patisserie";2;14;28.0;"2022-05-11"
2078336;"CUST_15";"Butchers";6;35;210.0;"2024-07-28"
2078985;"CUST_01";"Patisserie";8;17;136.0;"2023-11-07"
2079721;"CUST_12";"Butchers";1;35;35.0;"2023-12-14"
2080115;"CUST_18";"Butchers";7;40;276.5;"2024-01-05"
2080372;"CUST_08";"Electric household essentials";5;38;190.0;"2022-09-21"
2080604;"CUST_23";"Computers and electric accessories";3;20;60.0;"2024-06-18"
2081389;"CUST_05";"Milk Products";6;38;228.0;"2024-03-18"
2082664;"CUST_06";"Beverages";0;0;0.0;"2024-05-30"
2082706;"CUST_17";"Furniture";8;22;172.0;"2024-10-10"
2083689;"CUST_18";"Food";0;0;0.0;"2022-11-07"
2084124;"CUST_09";"Electric household essentials";4;20;80.0;"2024-02-05"
2084330;"CUST_04";"Furniture";9;13;112.5;"2023-10-05"
2084347;"CUST_07";"Milk Products";7;13;87.5;"2022-11-22"
2084835;"CUST_17";"Butchers";6;8;48.0;"2022-06-06"
2085114;"CUST_15";"Beverages";3;37;109.5;"2025-01-01"
2085328;"CUST_18";"Patisserie";2;28;55.0;"2023-08-22"
2085906;"CUST_09";"Patisserie";10;14;140.0;"2024-02-19"
2086962;"CUST_13";"Food";5;13;62.5;"2022-04-06"
2087965;"CUST_25";"Milk Products";2;20;40.0;"2022-06-15"
2088735;"CUST_12";"Butchers";2;34;67.0;"2022-10-24"
2090388;"CUST_10";"Patisserie";7;37;255.5;"2023-11-26"
2090456;"CUST_05";"Butchers";10;40;395.0;"2023-12-15"
2090888;"CUST_18";"Beverages";4;25;98.0;"2023-03-12"
2092141;"CUST_06";"Butchers";7;38;266.0;"2022-11-05"
2092821;"CUST_21";"Electric household essentials";6;14;84.0;"2023-11-23"
2092827;"CUST_25";"Milk Products";1;31;30.5;"2023-10-01"
2093784;"CUST_13";"Patisserie";5;16;77.5;"2023-06-13"
2094611;"CUST_03";"Butchers";8;34;268.0;"2022-03-01"
2095657;"CUST_16";"Furniture";6;41;246.0;"2023-09-26"
2097083;"CUST_02";"Milk Products";8;23;184.0;"2024-10-13"
2098200;"CUST_18";"Computers and electric accessories";5;14;70.0;"2022-11-13"
2099825;"CUST_05";"Patisserie";7;31;213.5;"2024-12-11"
2100342;"CUST_21";"Beverages";3;8;24.0;"2024-11-23"
2100495;"CUST_19";"Computers and electric accessories";7;35;245.0;"2022-06-23"
2100964;"CUST_23";"Computers and electric accessories";1;11;11.0;"2022-09-12"
2102336;"CUST_02";"Milk Products";10;11;110.0;"2022-07-07"
2102550;"CUST_03";"Beverages";9;25;220.5;"2022-06-21"
2105562;"CUST_09";"Milk Products";10;10;95.0;"2024-04-25"
2107105;"CUST_03";"Food";5;41;205.0;"2023-08-08"
2107305;"CUST_20";"Furniture";2;14;28.0;"2024-10-08"
2107995;"CUST_19";"Butchers";7;7;45.5;"2023-05-16"
2108164;"CUST_18";"Food";9;10;85.5;"2022-06-27"
2108505;"CUST_01";"Milk Products";3;10;28.5;"2022-11-29"
2109158;"CUST_19";"Milk Products";3;16;46.5;"2022-08-08"
2109847;"CUST_21";"Computers and electric accessories";1;19;18.5;"2024-12-25"
2110881;"CUST_15";"Patisserie";1;40;39.5;"2022-05-24"
2111257;"CUST_11";"Furniture";5;16;77.5;"2022-08-03"
2111400;"CUST_15";"Beverages";10;10;95.0;"2024-01-12"
2112426;"CUST_13";"Patisserie";3;41;123.0;"2024-11-25"
2112709;"CUST_24";"Beverages";3;35;105.0;"2022-11-07"
2114492;"CUST_23";"Patisserie";6;26;156.0;"2022-12-02"
2114614;"CUST_12";"Beverages";0;0;0.0;"2023-09-02"
2116815;"CUST_17";"Butchers";6;8;48.0;"2023-09-19"
2118429;"CUST_21";"Butchers";5;11;55.0;"2022-10-17"
2118875;"CUST_12";"Patisserie";0;0;0.0;"2023-07-13"
2119388;"CUST_17";"Butchers";7;28;192.5;"2022-09-13"
2119863;"CUST_24";"Patisserie";10;37;365.0;"2024-12-24"
2120609;"CUST_01";"Patisserie";1;40;39.5;"2024-09-03"
2121764;"CUST_16";"Computers and electric accessories";9;11;99.0;"2022-02-14"
2122125;"CUST_12";"Electric household essentials";1;22;21.5;"2024-08-24"
2122383;"CUST_23";"Patisserie";8;25;196.0;"2023-10-07"
2122406;"CUST_18";"Beverages";9;14;126.0;"2024-08-17"
2123484;"CUST_17";"Electric household essentials";8;7;52.0;"2022-12-13"
2124123;"CUST_12";"Electric household essentials";10;26;260.0;"2024-01-23"
2124243;"CUST_23";"Computers and electric accessories";7;11;77.0;"2022-06-10"
2126258;"CUST_06";"Milk Products";9;32;288.0;"2023-11-17"
2126674;"CUST_16";"Milk Products";0;0;0.0;"2024-10-29"
2127584;"CUST_02";"Furniture";1;13;12.5;"2023-02-04"
2128173;"CUST_22";"Electric household essentials";5;17;85.0;"2022-09-17"
2128361;"CUST_08";"Furniture";1;31;30.5;"2023-07-18"
2128482;"CUST_19";"Computers and electric accessories";7;25;171.5;"2022-03-09"
2128705;"CUST_01";"Beverages";1;16;15.5;"2024-05-14"
2130078;"CUST_05";"Food";4;20;80.0;"2022-10-21"
2131741;"CUST_09";"Patisserie";3;34;100.5;"2022-08-12"
2133071;"CUST_21";"Butchers";5;8;40.0;"2024-06-28"
2135357;"CUST_05";"Butchers";1;35;35.0;"2023-07-21"
2137243;"CUST_07";"Beverages";6;32;192.0;"2023-08-13"
2138629;"CUST_12";"Beverages";1;16;15.5;"2022-01-30"
2138636;"CUST_03";"Electric household essentials";6;16;93.0;"2023-06-16"
2138805;"CUST_07";"Computers and electric accessories";4;17;68.0;"2022-06-24"
2139409;"CUST_23";"Food";9;23;207.0;"2022-05-21"
2139981;"CUST_25";"Food";3;25;73.5;"2023-02-17"
2140589;"CUST_08";"Beverages";7;14;98.0;"2022-07-14"
2141766;"CUST_07";"Electric household essentials";7;41;287.0;"2023-03-03"
2142826;"CUST_11";"Electric household essentials";10;37;365.0;"2024-08-18"
2143497;"CUST_13";"Electric household essentials";10;31;305.0;"2023-10-28"
2143826;"CUST_05";"Milk Products";5;32;160.0;"2024-08-14"
2144983;"CUST_10";"Patisserie";5;14;70.0;"2024-02-02"
2145753;"CUST_05";"Electric household essentials";9;38;342.0;"2022-03-18"
2147697;"CUST_04";"Milk Products";0;0;0.0;"2022-03-19"
2151215;"CUST_02";"Butchers";4;11;44.0;"2023-11-24"
2153066;"CUST_17";"Electric household essentials";0;0;0.0;"2024-03-28"
2154714;"CUST_21";"Furniture";2;26;52.0;"2025-01-15"
2154827;"CUST_11";"Butchers";0;0;0.0;"2024-08-04"
2155063;"CUST_15";"Electric household essentials";9;37;328.5;"2024-09-18"
2156079;"CUST_07";"Milk Products";10;28;275.0;"2022-10-16"
2156507;"CUST_10";"Beverages";10;37;365.0;"2024-06-06"
2156878;"CUST_12";"Patisserie";8;31;244.0;"2023-07-09"
2157334;"CUST_15";"Milk Products";10;38;380.0;"2022-11-24"
2157640;"CUST_25";"Food";3;5;15.0;"2023-06-12"
2157777;"CUST_05";"Beverages";7;25;171.5;"2024-01-07"
2158665;"CUST_19";"Electric household essentials";0;0;0.0;"2022-07-27"
2158875;"CUST_07";"Milk Products";3;14;42.0;"2023-01-03"
2159886;"CUST_23";"Butchers";3;28;82.5;"2024-04-19"
2159908;"CUST_09";"Butchers";4;34;134.0;"2024-08-15"
2160657;"CUST_16";"Electric household essentials";0;0;0.0;"2023-12-23"
2161304;"CUST_25";"Beverages";9;29;261.0;"2023-10-12"
2163190;"CUST_20";"Patisserie";2;28;55.0;"2022-05-30"
2163300;"CUST_12";"Food";6;5;30.0;"2024-02-07"
2163566;"CUST_24";"Butchers";6;35;210.0;"2022-02-09"
2163609;"CUST_25";"Milk Products";6;14;84.0;"2023-09-18"
2163627;"CUST_18";"Milk Products";6;38;228.0;"2022-08-07"
2164614;"CUST_07";"Furniture";0;0;0.0;"2023-05-18"
2164616;"CUST_18";"Food";1;17;17.0;"2024-02-15"
2165107;"CUST_17";"Electric household essentials";10;29;290.0;"2023-11-10"
2165118;"CUST_11";"Food";6;29;174.0;"2023-11-28"
2165479;"CUST_11";"Electric household essentials";0;0;0.0;"2024-06-08"
2166078;"CUST_19";"Milk Products";7;40;276.5;"2024-03-22"
2167229;"CUST_19";"Electric household essentials";3;7;19.5;"2023-06-11"
2167451;"CUST_23";"Milk Products";2;31;61.0;"2023-11-10"
2168164;"CUST_05";"Milk Products";5;8;40.0;"2024-08-26"
2168513;"CUST_07";"Furniture";7;28;192.5;"2025-01-04"
2168603;"CUST_16";"Electric household essentials";2;11;22.0;"2023-07-23"
2168738;"CUST_15";"Milk Products";9;29;261.0;"2023-10-17"
2169323;"CUST_25";"Milk Products";9;23;207.0;"2024-05-22"
2169574;"CUST_03";"Computers and electric accessories";10;32;320.0;"2024-04-23"
2169979;"CUST_13";"Computers and electric accessories";1;13;12.5;"2022-01-25"
2171581;"CUST_15";"Electric household essentials";1;34;33.5;"2024-05-31"
2172498;"CUST_08";"Computers and electric accessories";7;28;192.5;"2023-10-13"
2172684;"CUST_14";"Milk Products";3;8;24.0;"2023-07-28"
2173572;"CUST_07";"Beverages";4;35;140.0;"2024-09-30"
2173693;"CUST_23";"Food";8;34;268.0;"2024-10-28"
2174591;"CUST_11";"Electric household essentials";8;26;208.0;"2022-09-12"
2175264;"CUST_19";"Butchers";3;26;78.0;"2022-07-19"
2175503;"CUST_20";"Electric household essentials";6;35;210.0;"2024-01-02"
2176750;"CUST_18";"Computers and electric accessories";3;7;19.5;"2022-12-21"
2177659;"CUST_14";"Electric household essentials";1;20;20.0;"2024-07-03"
2179469;"CUST_23";"Patisserie";5;29;145.0;"2023-12-01"
2181378;"CUST_04";"Electric household essentials";6;34;201.0;"2022-10-13"
2182474;"CUST_22";"Butchers";7;20;140.0;"2023-11-20"
2182761;"CUST_16";"Electric household essentials";2;41;82.0;"2023-08-05"
2183449;"CUST_16";"Beverages";7;31;213.5;"2023-07-31"
2183871;"CUST_06";"Patisserie";3;22;64.5;"2023-07-07"
2184078;"CUST_07";"Butchers";3;22;64.5;"2023-11-10"
2186627;"CUST_13";"Computers and electric accessories";3;25;73.5;"2022-09-23"
2190232;"CUST_06";"Furniture";7;32;224.0;"2024-02-16"
2190866;"CUST_03";"Butchers";5;38;190.0;"2024-01-26"
2191926;"CUST_19";"Butchers";0;0;0.0;"2022-10-18"
2192117;"CUST_03";"Butchers";1;38;38.0;"2023-06-01"
2192262;"CUST_24";"Electric household essentials";1;7;6.5;"2024-08-17"
2192964;"CUST_17";"Food";7;17;119.0;"2022-01-29"
2193584;"CUST_15";"Electric household essentials";9;20;180.0;"2023-02-17"
2193873;"CUST_21";"Food";5;20;100.0;"2024-02-08"
2194494;"CUST_13";"Food";3;28;82.5;"2024-05-05"
2196056;"CUST_02";"Milk Products";3;5;15.0;"2024-02-09"
2196324;"CUST_11";"Butchers";9;35;315.0;"2024-02-08"
2196992;"CUST_17";"Electric household essentials";10;5;50.0;"2024-08-24"
2197774;"CUST_04";"Food";5;34;167.5;"2023-07-25"
2198875;"CUST_09";"Patisserie";2;10;19.0;"2023-05-31"
2198957;"CUST_09";"Beverages";1;25;24.5;"2024-08-24"
2199268;"CUST_15";"Patisserie";2;17;34.0;"2024-10-06"
2201759;"CUST_15";"Butchers";2;35;70.0;"2023-11-15"
2201869;"CUST_03";"Beverages";9;22;193.5;"2022-07-26"
2202231;"CUST_05";"Electric household essentials";1;16;15.5;"2024-03-19"
2202698;"CUST_16";"Milk Products";6;16;93.0;"2022-08-18"
2203983;"CUST_18";"Electric household essentials";9;20;180.0;"2022-02-14"
2204860;"CUST_10";"Beverages";7;32;224.0;"2023-07-17"
2205066;"CUST_11";"Food";2;13;25.0;"2024-06-23"
2205807;"CUST_13";"Electric household essentials";2;10;19.0;"2022-08-13"
2206004;"CUST_10";"Beverages";3;5;15.0;"2024-11-18"
2206258;"CUST_14";"Butchers";1;10;9.5;"2022-07-08"
2206422;"CUST_21";"Computers and electric accessories";10;38;380.0;"2024-03-24"
2206834;"CUST_25";"Milk Products";1;8;8.0;"2022-01-07"
2207487;"CUST_16";"Milk Products";9;31;274.5;"2023-06-01"
2207845;"CUST_02";"Computers and electric accessories";1;28;27.5;"2022-07-20"
2208386;"CUST_22";"Food";2;40;79.0;"2023-08-30"
2208547;"CUST_05";"Beverages";10;41;410.0;"2022-02-23"
2209308;"CUST_15";"Electric household essentials";9;29;261.0;"2023-05-23"
2209765;"CUST_21";"Computers and electric accessories";3;7;19.5;"2022-07-06"
2210266;"CUST_11";"Furniture";2;10;19.0;"2024-02-08"
2210332;"CUST_23";"Food";4;16;62.0;"2024-11-08"
2211428;"CUST_04";"Electric household essentials";8;41;328.0;"2024-11-29"
2211997;"CUST_11";"Food";10;31;305.0;"2023-05-27"
2212643;"CUST_09";"Food";4;8;32.0;"2022-12-29"
2215196;"CUST_03";"Beverages";6;17;102.0;"2022-02-04"
2215651;"CUST_13";"Beverages";5;28;137.5;"2024-01-20"
2215668;"CUST_03";"Food";3;41;123.0;"2023-06-28"
2216540;"CUST_16";"Electric household essentials";10;38;380.0;"2024-06-01"
2216840;"CUST_25";"Electric household essentials";7;26;182.0;"2024-05-15"
2217778;"CUST_12";"Furniture";8;31;244.0;"2024-12-19"
2217907;"CUST_07";"Beverages";2;25;49.0;"2022-05-15"
2218629;"CUST_10";"Computers and electric accessories";3;32;96.0;"2022-03-21"
2219704;"CUST_25";"Electric household essentials";6;13;75.0;"2024-10-24"
2219980;"CUST_05";"Patisserie";5;25;122.5;"2024-12-05"
2220459;"CUST_14";"Electric household essentials";7;22;150.5;"2024-09-28"
2221021;"CUST_11";"Beverages";5;37;182.5;"2022-01-09"
2221233;"CUST_24";"Patisserie";10;40;395.0;"2022-01-05"
2221521;"CUST_08";"Furniture";3;41;123.0;"2024-07-14"
2221764;"CUST_20";"Patisserie";1;11;11.0;"2023-11-17"
2222267;"CUST_02";"Butchers";9;31;274.5;"2024-02-20"
2222797;"CUST_18";"Electric household essentials";4;17;68.0;"2023-05-06"
2223571;"CUST_24";"Patisserie";9;32;288.0;"2022-11-14"
2225065;"CUST_16";"Food";7;37;255.5;"2024-01-16"
2226385;"CUST_20";"Butchers";4;5;20.0;"2023-06-08"
2226551;"CUST_24";"Electric household essentials";4;34;134.0;"2022-08-27"
2226741;"CUST_11";"Electric household essentials";3;31;91.5;"2024-03-09"
2226766;"CUST_01";"Computers and electric accessories";10;35;350.0;"2024-04-28"
2227872;"CUST_03";"Furniture";7;40;276.5;"2024-05-27"
2228445;"CUST_08";"Milk Products";8;40;316.0;"2023-05-02"
2228646;"CUST_12";"Computers and electric accessories";9;31;274.5;"2022-02-12"
2228877;"CUST_20";"Patisserie";7;38;266.0;"2022-04-21"
2229400;"CUST_08";"Food";7;31;213.5;"2023-12-29"
2231201;"CUST_04";"Electric household essentials";5;26;130.0;"2024-05-23"
2231855;"CUST_07";"Milk Products";5;22;107.5;"2024-04-01"
2231888;"CUST_24";"Patisserie";6;38;228.0;"2024-10-07"
2232017;"CUST_11";"Food";8;23;184.0;"2023-04-18"
2232201;"CUST_13";"Computers and electric accessories";9;37;328.5;"2022-09-29"
2232291;"CUST_18";"Furniture";8;41;328.0;"2024-04-01"
2232426;"CUST_22";"Patisserie";6;41;246.0;"2022-05-12"
2232621;"CUST_07";"Butchers";7;7;45.5;"2024-05-27"
2232768;"CUST_02";"Food";9;34;301.5;"2024-09-29"
2233028;"CUST_05";"Patisserie";1;14;14.0;"2023-08-06"
2234088;"CUST_12";"Milk Products";7;7;45.5;"2023-06-07"
2234093;"CUST_24";"Food";1;29;29.0;"2024-12-16"
2234221;"CUST_04";"Beverages";9;7;58.5;"2022-07-23"
2234295;"CUST_04";"Patisserie";7;19;129.5;"2024-05-06"
2235191;"CUST_03";"Beverages";6;29;174.0;"2023-06-05"
2235747;"CUST_12";"Computers and electric accessories";10;19;185.0;"2022-03-11"
2237944;"CUST_21";"Butchers";6;26;156.0;"2022-11-07"
2238366;"CUST_03";"Food";6;29;174.0;"2024-04-24"
2238459;"CUST_10";"Beverages";5;28;137.5;"2023-01-10"
2238924;"CUST_08";"Beverages";4;14;56.0;"2022-07-29"
2239008;"CUST_17";"Milk Products";4;31;122.0;"2024-12-24"
2239968;"CUST_01";"Butchers";1;23;23.0;"2023-09-14"
2239985;"CUST_24";"Furniture";10;11;110.0;"2024-06-22"
2241242;"CUST_25";"Furniture";5;40;197.5;"2024-03-16"
2242368;"CUST_06";"Food";6;40;237.0;"2024-09-18"
2242671;"CUST_08";"Milk Products";3;16;46.5;"2024-07-29"
2243096;"CUST_18";"Patisserie";9;34;301.5;"2024-04-08"
2243532;"CUST_23";"Food";3;10;28.5;"2023-05-11"
2244499;"CUST_10";"Beverages";3;25;73.5;"2024-09-30"
2245624;"CUST_12";"Computers and electric accessories";4;16;62.0;"2022-07-10"
2245991;"CUST_16";"Electric household essentials";7;5;35.0;"2022-03-23"
2246570;"CUST_21";"Patisserie";9;38;342.0;"2022-06-11"
2246737;"CUST_23";"Computers and electric accessories";3;35;105.0;"2022-06-05"
2248111;"CUST_20";"Furniture";10;8;80.0;"2024-05-25"
2250059;"CUST_07";"Butchers";2;11;22.0;"2023-10-30"
2250165;"CUST_20";"Butchers";3;38;114.0;"2022-09-21"
2251132;"CUST_20";"Food";4;13;50.0;"2024-07-15"
2251815;"CUST_08";"Food";6;40;237.0;"2023-10-22"
2251911;"CUST_08";"Furniture";9;34;301.5;"2024-09-28"
2252793;"CUST_09";"Furniture";3;16;46.5;"2022-11-12"
2252968;"CUST_17";"Patisserie";0;0;0.0;"2022-12-11"
2253495;"CUST_21";"Butchers";5;32;160.0;"2024-06-25"
2254132;"CUST_25";"Furniture";7;35;245.0;"2024-05-07"
2254730;"CUST_17";"Computers and electric accessories";3;20;60.0;"2023-09-16"
2256249;"CUST_22";"Computers and electric accessories";10;22;215.0;"2023-04-24"
2256322;"CUST_09";"Electric household essentials";7;23;161.0;"2022-05-19"
2256792;"CUST_08";"Furniture";8;16;124.0;"2022-04-14"
2256891;"CUST_08";"Milk Products";4;23;92.0;"2022-03-26"
2257428;"CUST_13";"Milk Products";0;0;0.0;"2024-05-16"
2258558;"CUST_17";"Beverages";0;0;0.0;"2023-11-23"
2258785;"CUST_16";"Butchers";10;8;80.0;"2023-01-13"
2259360;"CUST_25";"Electric household essentials";6;22;129.0;"2022-02-17"
2260125;"CUST_07";"Butchers";6;35;210.0;"2024-08-07"
2260411;"CUST_12";"Furniture";9;5;45.0;"2024-10-02"
2260801;"CUST_03";"Food";8;31;244.0;"2022-02-19"
2261000;"CUST_09";"Computers and electric accessories";10;25;245.0;"2024-06-03"
2261622;"CUST_02";"Beverages";9;20;180.0;"2022-09-27"
2262639;"CUST_23";"Furniture";7;41;287.0;"2023-12-13"
2263002;"CUST_09";"Patisserie";9;28;247.5;"2022-06-10"
2266101;"CUST_15";"Patisserie";2;32;64.0;"2024-01-29"
2266891;"CUST_09";"Electric household essentials";1;35;35.0;"2023-12-31"
2267175;"CUST_11";"Computers and electric accessories";6;23;138.0;"2023-03-01"
2267230;"CUST_21";"Beverages";4;29;116.0;"2022-11-01"
2268464;"CUST_15";"Food";5;34;167.5;"2022-08-17"
2269494;"CUST_11";"Computers and electric accessories";10;32;320.0;"2023-11-30"
2270219;"CUST_19";"Milk Products";4;16;62.0;"2023-01-25"
2270221;"CUST_01";"Patisserie";10;29;290.0;"2022-09-01"
2271263;"CUST_25";"Milk Products";9;32;288.0;"2022-09-13"
2271740;"CUST_01";"Furniture";4;20;80.0;"2023-01-06"
2272691;"CUST_05";"Food";8;35;280.0;"2022-08-16"
2274356;"CUST_03";"Food";2;8;16.0;"2024-05-13"
2275327;"CUST_08";"Patisserie";3;23;69.0;"2022-08-13"
2275670;"CUST_09";"Beverages";3;14;42.0;"2023-04-01"
2275962;"CUST_25";"Furniture";4;26;104.0;"2023-07-06"
2276275;"CUST_13";"Milk Products";9;37;328.5;"2022-04-29"
2277445;"CUST_20";"Milk Products";3;40;118.5;"2022-05-14"
2277463;"CUST_04";"Butchers";7;40;276.5;"2022-03-31"
2279017;"CUST_09";"Furniture";8;7;52.0;"2024-02-18"
2279408;"CUST_22";"Computers and electric accessories";9;22;193.5;"2024-08-25"
2279728;"CUST_07";"Beverages";1;8;8.0;"2024-11-12"
2279824;"CUST_10";"Beverages";2;31;61.0;"2023-10-08"
2281381;"CUST_02";"Food";8;37;292.0;"2024-12-15"
2283214;"CUST_02";"Butchers";10;14;140.0;"2023-12-02"
2283732;"CUST_19";"Patisserie";2;5;10.0;"2022-11-21"
2284295;"CUST_04";"Food";3;23;69.0;"2022-10-24"
2284344;"CUST_20";"Butchers";7;28;192.5;"2022-01-21"
2284744;"CUST_11";"Furniture";7;11;77.0;"2024-09-30"
2285773;"CUST_04";"Computers and electric accessories";4;11;44.0;"2024-05-26"
2285948;"CUST_19";"Electric household essentials";9;10;85.5;"2022-07-02"
2287146;"CUST_03";"Electric household essentials";10;32;320.0;"2022-06-10"
2287892;"CUST_19";"Beverages";2;13;25.0;"2022-08-31"
2288041;"CUST_24";"Food";10;41;410.0;"2023-09-02"
2289344;"CUST_07";"Computers and electric accessories";3;31;91.5;"2024-07-27"
2291678;"CUST_21";"Milk Products";10;28;275.0;"2024-12-22"
2292675;"CUST_22";"Furniture";1;7;6.5;"2024-06-23"
2294115;"CUST_05";"Beverages";10;22;215.0;"2024-01-07"
2294583;"CUST_08";"Butchers";3;26;78.0;"2023-02-12"
2294670;"CUST_04";"Computers and electric accessories";3;25;73.5;"2023-01-18"
2296900;"CUST_17";"Milk Products";1;23;23.0;"2022-05-05"
2297342;"CUST_07";"Computers and electric accessories";10;32;320.0;"2022-08-01"
2298172;"CUST_23";"Computers and electric accessories";9;7;58.5;"2023-11-10"
2298440;"CUST_09";"Electric household essentials";8;23;184.0;"2022-01-20"
2299437;"CUST_10";"Computers and electric accessories";10;11;110.0;"2023-12-16"
2299451;"CUST_17";"Electric household essentials";4;16;62.0;"2024-11-20"
2300142;"CUST_18";"Patisserie";9;10;85.5;"2024-07-16"
2300485;"CUST_01";"Furniture";10;20;200.0;"2024-12-23"
2301934;"CUST_20";"Food";3;34;100.5;"2022-09-07"
2303813;"CUST_16";"Milk Products";9;20;180.0;"2022-12-08"
2305142;"CUST_03";"Patisserie";1;26;26.0;"2024-08-06"
2305144;"CUST_24";"Food";0;0;0.0;"2022-06-15"
2306040;"CUST_08";"Electric household essentials";8;11;88.0;"2023-11-27"
2306841;"CUST_04";"Furniture";2;38;76.0;"2023-05-06"
2308456;"CUST_02";"Furniture";9;26;234.0;"2023-08-13"
2310718;"CUST_02";"Beverages";7;28;192.5;"2023-02-28"
2311938;"CUST_01";"Food";9;7;58.5;"2024-10-19"
2312836;"CUST_09";"Butchers";5;38;190.0;"2023-12-14"
2313239;"CUST_07";"Milk Products";5;37;182.5;"2023-02-28"
2313390;"CUST_21";"Patisserie";4;11;44.0;"2022-02-08"
2314426;"CUST_23";"Electric household essentials";9;5;45.0;"2023-07-21"
2314713;"CUST_20";"Patisserie";9;22;193.5;"2024-08-14"
2314837;"CUST_08";"Food";10;34;335.0;"2024-06-21"
2315468;"CUST_24";"Furniture";2;40;79.0;"2023-06-23"
2315839;"CUST_06";"Food";6;10;57.0;"2023-07-27"
2316382;"CUST_20";"Beverages";10;29;290.0;"2023-02-18"
2316809;"CUST_02";"Furniture";7;11;77.0;"2023-04-02"
2318174;"CUST_18";"Patisserie";9;5;45.0;"2024-05-13"
2320393;"CUST_13";"Patisserie";4;10;38.0;"2024-01-02"
2320854;"CUST_15";"Food";9;16;139.5;"2022-07-15"
2321189;"CUST_16";"Butchers";10;37;365.0;"2023-09-21"
2322791;"CUST_03";"Furniture";4;26;104.0;"2023-01-15"
2324066;"CUST_12";"Beverages";0;0;0.0;"2023-09-28"
2324094;"CUST_18";"Computers and electric accessories";0;0;0.0;"2024-12-07"
2324445;"CUST_13";"Computers and electric accessories";10;28;275.0;"2024-04-25"
2325343;"CUST_09";"Furniture";8;32;256.0;"2023-12-23"
2325423;"CUST_12";"Food";0;0;0.0;"2024-12-17"
2326364;"CUST_06";"Electric household essentials";4;38;152.0;"2022-03-08"
2326393;"CUST_07";"Food";6;10;57.0;"2022-02-24"
2326554;"CUST_18";"Electric household essentials";1;20;20.0;"2023-12-25"
2327830;"CUST_10";"Beverages";5;7;32.5;"2024-01-15"
2327962;"CUST_12";"Electric household essentials";9;23;207.0;"2023-02-19"
2328288;"CUST_14";"Beverages";10;20;200.0;"2023-04-06"
2328430;"CUST_22";"Furniture";6;41;246.0;"2024-07-07"
2328560;"CUST_16";"Milk Products";6;28;165.0;"2024-12-28"
2328826;"CUST_22";"Furniture";9;14;126.0;"2024-08-15"
2328957;"CUST_11";"Computers and electric accessories";2;32;64.0;"2023-10-02"
2329051;"CUST_11";"Butchers";2;14;28.0;"2024-04-11"
2329223;"CUST_15";"Food";10;37;365.0;"2024-07-15"
2329426;"CUST_22";"Electric household essentials";9;34;301.5;"2024-04-29"
2330418;"CUST_03";"Butchers";1;19;18.5;"2023-11-24"
2331907;"CUST_17";"Electric household essentials";9;26;234.0;"2024-11-08"
2331955;"CUST_10";"Patisserie";4;34;134.0;"2023-04-01"
2333490;"CUST_16";"Butchers";6;8;48.0;"2024-02-13"
2334719;"CUST_18";"Patisserie";4;41;164.0;"2024-05-19"
2334740;"CUST_25";"Electric household essentials";2;16;31.0;"2022-11-11"
2337021;"CUST_17";"Computers and electric accessories";1;17;17.0;"2024-01-28"
2337522;"CUST_10";"Beverages";0;0;0.0;"2022-07-15"
2338994;"CUST_11";"Electric household essentials";7;17;119.0;"2022-03-05"
2340343;"CUST_06";"Furniture";9;20;180.0;"2022-01-21"
2342593;"CUST_18";"Beverages";5;25;122.5;"2024-03-16"
2343171;"CUST_03";"Furniture";1;10;9.5;"2022-10-18"
2344077;"CUST_25";"Electric household essentials";10;22;215.0;"2024-03-31"
2345067;"CUST_08";"Patisserie";5;10;47.5;"2022-10-02"
2345880;"CUST_06";"Electric household essentials";4;23;92.0;"2024-09-09"
2346181;"CUST_21";"Milk Products";5;38;190.0;"2023-07-08"
2346263;"CUST_21";"Electric household essentials";0;0;0.0;"2022-09-09"
2346762;"CUST_09";"Computers and electric accessories";4;32;128.0;"2024-12-09"
2350545;"CUST_17";"Butchers";0;0;0.0;"2023-07-29"
2356331;"CUST_08";"Milk Products";10;5;50.0;"2022-12-09"
2356756;"CUST_04";"Beverages";1;8;8.0;"2022-07-02"
2357266;"CUST_22";"Food";9;35;315.0;"2023-05-14"
2357597;"CUST_21";"Computers and electric accessories";3;5;15.0;"2024-04-17"
2357618;"CUST_04";"Milk Products";8;29;232.0;"2023-01-03"
2358087;"CUST_12";"Beverages";4;10;38.0;"2023-04-03"
2359902;"CUST_13";"Beverages";7;22;150.5;"2024-07-12"
2360216;"CUST_07";"Food";0;0;0.0;"2022-06-01"
2360404;"CUST_23";"Food";3;10;28.5;"2024-06-01"
2361835;"CUST_02";"Furniture";5;26;130.0;"2022-02-05"
2362264;"CUST_20";"Food";3;14;42.0;"2023-01-22"
2363652;"CUST_13";"Electric household essentials";4;20;80.0;"2025-01-04"
2364390;"CUST_23";"Milk Products";6;14;84.0;"2023-01-31"
2364431;"CUST_16";"Electric household essentials";2;28;55.0;"2022-03-16"
2365443;"CUST_07";"Food";9;11;99.0;"2024-04-25"
2365702;"CUST_14";"Computers and electric accessories";9;29;261.0;"2022-02-28"
2366280;"CUST_11";"Patisserie";4;25;98.0;"2024-03-20"
2367523;"CUST_02";"Electric household essentials";2;23;46.0;"2022-12-09"
2369166;"CUST_20";"Electric household essentials";6;29;174.0;"2023-05-10"
2369635;"CUST_09";"Patisserie";3;25;73.5;"2023-11-16"
2370062;"CUST_10";"Milk Products";6;23;138.0;"2023-05-24"
2370951;"CUST_25";"Electric household essentials";5;16;77.5;"2023-04-25"
2372254;"CUST_14";"Food";6;29;174.0;"2024-04-02"
2372678;"CUST_11";"Furniture";8;11;88.0;"2023-04-11"
2374475;"CUST_01";"Furniture";4;28;110.0;"2024-10-28"
2374522;"CUST_16";"Electric household essentials";4;34;134.0;"2022-07-01"
2374689;"CUST_19";"Beverages";1;7;6.5;"2024-05-21"
2374919;"CUST_24";"Furniture";10;16;155.0;"2022-03-31"
2375037;"CUST_02";"Butchers";8;22;172.0;"2024-01-04"
2375733;"CUST_17";"Milk Products";9;8;72.0;"2023-12-01"
2377075;"CUST_05";"Electric household essentials";3;31;91.5;"2022-11-01"
2377286;"CUST_04";"Patisserie";3;29;87.0;"2023-09-30"
2378312;"CUST_09";"Patisserie";5;38;190.0;"2023-05-27"
2379337;"CUST_15";"Milk Products";8;31;244.0;"2023-11-21"
2379515;"CUST_09";"Computers and electric accessories";1;25;24.5;"2022-07-04"
2380474;"CUST_14";"Electric household essentials";3;37;109.5;"2023-09-14"
2381503;"CUST_21";"Food";9;17;153.0;"2023-06-09"
2382686;"CUST_06";"Milk Products";2;29;58.0;"2023-06-10"
2383377;"CUST_15";"Furniture";3;14;42.0;"2023-04-02"
2384499;"CUST_18";"Electric household essentials";8;41;328.0;"2024-12-13"
2384950;"CUST_08";"Computers and electric accessories";0;0;0.0;"2023-01-11"
2386101;"CUST_14";"Furniture";10;41;410.0;"2025-01-04"
2387294;"CUST_16";"Beverages";3;26;78.0;"2023-05-01"
2387517;"CUST_19";"Milk Products";2;40;79.0;"2022-03-04"
2387612;"CUST_08";"Milk Products";5;31;152.5;"2024-12-24"
2388264;"CUST_17";"Milk Products";10;28;275.0;"2022-11-16"
2390056;"CUST_04";"Food";7;25;171.5;"2024-11-17"
2391516;"CUST_18";"Food";5;25;122.5;"2023-12-02"
2391758;"CUST_09";"Computers and electric accessories";5;7;32.5;"2022-10-01"
2392647;"CUST_04";"Food";0;0;0.0;"2022-10-12"
2393460;"CUST_04";"Food";2;20;40.0;"2022-05-11"
2394468;"CUST_16";"Milk Products";7;14;98.0;"2022-11-19"
2394851;"CUST_15";"Patisserie";2;26;52.0;"2023-10-25"
2394864;"CUST_23";"Milk Products";6;28;165.0;"2024-11-03"
2396087;"CUST_16";"Computers and electric accessories";10;22;215.0;"2022-03-12"
2396304;"CUST_09";"Food";5;10;47.5;"2023-05-14"
2398549;"CUST_15";"Milk Products";5;38;190.0;"2023-01-09"
2399606;"CUST_15";"Beverages";7;10;66.5;"2022-07-23"
2400589;"CUST_03";"Butchers";4;38;152.0;"2023-07-19"
2401524;"CUST_06";"Butchers";7;26;182.0;"2022-08-15"
2402093;"CUST_24";"Computers and electric accessories";3;25;73.5;"2024-12-01"
2403041;"CUST_11";"Computers and electric accessories";7;11;77.0;"2023-05-15"
2403712;"CUST_24";"Electric household essentials";4;32;128.0;"2023-06-22"
2404874;"CUST_05";"Patisserie";10;14;140.0;"2024-08-16"
2405836;"CUST_05";"Electric household essentials";1;34;33.5;"2024-05-11"
2406573;"CUST_04";"Milk Products";10;29;290.0;"2022-03-02"
2406868;"CUST_25";"Furniture";3;32;96.0;"2023-07-12"
2407194;"CUST_25";"Computers and electric accessories";5;19;92.5;"2024-09-29"
2407302;"CUST_14";"Patisserie";0;0;0.0;"2022-02-25"
2407410;"CUST_02";"Butchers";9;40;355.5;"2022-06-08"
2407494;"CUST_23";"Food";3;17;51.0;"2022-08-06"
2408868;"CUST_02";"Furniture";5;13;62.5;"2023-05-16"
2409097;"CUST_25";"Electric household essentials";1;40;39.5;"2023-01-01"
2409789;"CUST_20";"Beverages";6;20;120.0;"2023-06-15"
2411071;"CUST_17";"Electric household essentials";4;41;164.0;"2023-11-28"
2411176;"CUST_20";"Beverages";10;25;245.0;"2023-01-28"
2411272;"CUST_25";"Patisserie";3;13;37.5;"2024-02-10"
2412242;"CUST_04";"Electric household essentials";6;37;219.0;"2023-07-09"
2412514;"CUST_20";"Beverages";2;7;13.0;"2023-06-20"
2412614;"CUST_23";"Patisserie";6;7;39.0;"2022-01-15"
2412802;"CUST_23";"Milk Products";3;28;82.5;"2023-05-20"
2414530;"CUST_24";"Milk Products";8;16;124.0;"2024-06-20"
2414726;"CUST_13";"Food";4;10;38.0;"2023-11-19"
2414883;"CUST_04";"Food";0;0;0.0;"2022-02-01"
2415104;"CUST_12";"Food";2;17;34.0;"2023-05-25"
2417229;"CUST_13";"Computers and electric accessories";2;14;28.0;"2022-06-08"
2417746;"CUST_11";"Milk Products";5;20;100.0;"2023-10-29"
2417956;"CUST_18";"Patisserie";1;40;39.5;"2022-02-13"
2418365;"CUST_22";"Computers and electric accessories";1;32;32.0;"2023-07-16"
2418632;"CUST_13";"Food";9;31;274.5;"2024-05-22"
2418640;"CUST_11";"Computers and electric accessories";4;17;68.0;"2023-12-01"
2419940;"CUST_03";"Patisserie";10;22;215.0;"2022-08-12"
2420813;"CUST_10";"Computers and electric accessories";9;8;72.0;"2022-06-13"
2421640;"CUST_21";"Food";2;20;40.0;"2024-05-11"
2421656;"CUST_09";"Beverages";9;40;355.5;"2023-01-29"
2422679;"CUST_07";"Computers and electric accessories";4;19;74.0;"2022-06-01"
2423691;"CUST_18";"Beverages";3;7;19.5;"2022-06-02"
2424303;"CUST_21";"Furniture";8;16;124.0;"2022-12-18"
2427553;"CUST_17";"Computers and electric accessories";3;38;114.0;"2023-03-09"
2430342;"CUST_11";"Food";3;41;123.0;"2024-04-09"
2430569;"CUST_14";"Beverages";10;26;260.0;"2024-09-15"
2432418;"CUST_03";"Computers and electric accessories";9;34;301.5;"2023-02-05"
2432720;"CUST_09";"Computers and electric accessories";5;22;107.5;"2024-01-02"
2433285;"CUST_25";"Beverages";10;34;335.0;"2022-08-09"
2434158;"CUST_03";"Electric household essentials";6;16;93.0;"2023-10-30"
2434339;"CUST_01";"Beverages";9;20;180.0;"2022-05-19"
2436348;"CUST_23";"Computers and electric accessories";3;35;105.0;"2024-11-27"
2436739;"CUST_02";"Patisserie";2;23;46.0;"2022-08-29"
2438514;"CUST_15";"Patisserie";3;23;69.0;"2024-02-13"
2439149;"CUST_03";"Patisserie";4;10;38.0;"2023-11-04"
2442022;"CUST_07";"Milk Products";8;22;172.0;"2023-09-03"
2442204;"CUST_13";"Milk Products";9;5;45.0;"2024-07-06"
2442220;"CUST_11";"Patisserie";7;29;203.0;"2022-03-29"
2443824;"CUST_19";"Beverages";8;22;172.0;"2022-01-21"
2444260;"CUST_01";"Furniture";6;5;30.0;"2023-07-15"
2444942;"CUST_09";"Patisserie";8;14;112.0;"2023-05-02"
2445180;"CUST_12";"Butchers";3;22;64.5;"2022-01-03"
2445605;"CUST_08";"Computers and electric accessories";9;23;207.0;"2022-12-25"
2447120;"CUST_12";"Beverages";3;26;78.0;"2023-07-01"
2447361;"CUST_07";"Milk Products";1;20;20.0;"2023-04-06"
2449565;"CUST_08";"Food";5;11;55.0;"2024-06-12"
2450206;"CUST_24";"Furniture";9;5;45.0;"2023-07-21"
2450919;"CUST_15";"Furniture";0;0;0.0;"2024-04-11"
2453156;"CUST_21";"Furniture";1;41;41.0;"2022-09-02"
2453313;"CUST_17";"Patisserie";4;37;146.0;"2023-04-20"
2453867;"CUST_03";"Food";7;17;119.0;"2023-07-02"
2455053;"CUST_12";"Milk Products";2;5;10.0;"2022-04-14"
2455842;"CUST_14";"Electric household essentials";3;16;46.5;"2024-05-26"
2456117;"CUST_13";"Furniture";5;25;122.5;"2024-08-20"
2456405;"CUST_13";"Food";2;34;67.0;"2023-04-28"
2456641;"CUST_15";"Beverages";2;41;82.0;"2022-05-04"
2457102;"CUST_18";"Furniture";3;41;123.0;"2022-03-10"
2458089;"CUST_16";"Butchers";8;11;88.0;"2023-10-23"
2458698;"CUST_05";"Patisserie";3;14;42.0;"2022-08-27"
2458841;"CUST_10";"Furniture";5;40;197.5;"2023-05-19"
2459307;"CUST_22";"Milk Products";4;28;110.0;"2023-04-05"
2459628;"CUST_25";"Food";8;20;160.0;"2024-03-07"
2459842;"CUST_12";"Patisserie";1;31;30.5;"2024-07-29"
2460488;"CUST_24";"Beverages";1;37;36.5;"2024-05-16"
2461753;"CUST_12";"Computers and electric accessories";10;32;320.0;"2022-10-18"
2462572;"CUST_19";"Patisserie";9;13;112.5;"2022-08-25"
2463351;"CUST_19";"Computers and electric accessories";10;7;65.0;"2022-08-12"
2464833;"CUST_24";"Electric household essentials";6;28;165.0;"2024-02-09"
2464906;"CUST_11";"Milk Products";5;40;197.5;"2024-12-27"
2466028;"CUST_04";"Butchers";1;14;14.0;"2022-11-29"
2466081;"CUST_03";"Beverages";6;10;57.0;"2024-09-30"
2467589;"CUST_02";"Furniture";10;11;110.0;"2022-07-02"
2471176;"CUST_12";"Computers and electric accessories";7;16;108.5;"2024-12-03"
2472029;"CUST_07";"Electric household essentials";7;10;66.5;"2022-11-29"
2472234;"CUST_08";"Butchers";8;26;208.0;"2022-01-23"
2472483;"CUST_21";"Electric household essentials";2;32;64.0;"2022-09-18"
2474922;"CUST_17";"Patisserie";1;29;29.0;"2022-09-24"
2474939;"CUST_19";"Furniture";2;38;76.0;"2024-01-03"
2475853;"CUST_05";"Furniture";5;11;55.0;"2024-12-29"
2476664;"CUST_23";"Food";5;19;92.5;"2023-02-07"
2477555;"CUST_20";"Butchers";1;5;5.0;"2024-01-01"
2477647;"CUST_03";"Food";2;10;19.0;"2024-04-22"
2477774;"CUST_23";"Food";0;0;0.0;"2022-08-16"
2477784;"CUST_16";"Electric household essentials";1;19;18.5;"2022-04-24"
2477793;"CUST_14";"Computers and electric accessories";8;17;136.0;"2022-09-26"
2478548;"CUST_19";"Patisserie";4;22;86.0;"2024-07-27"
2478592;"CUST_14";"Patisserie";10;29;290.0;"2024-10-08"
2478597;"CUST_07";"Computers and electric accessories";0;0;0.0;"2024-09-06"
2479039;"CUST_16";"Food";4;23;92.0;"2024-01-29"
2479337;"CUST_10";"Patisserie";7;41;287.0;"2023-08-05"
2480021;"CUST_17";"Computers and electric accessories";6;25;147.0;"2023-06-14"
2481222;"CUST_09";"Beverages";8;41;328.0;"2023-01-10"
2481299;"CUST_21";"Butchers";8;11;88.0;"2023-04-27"
2481480;"CUST_11";"Electric household essentials";8;34;268.0;"2022-07-08"
2482739;"CUST_04";"Beverages";6;16;93.0;"2022-03-01"
2483851;"CUST_14";"Milk Products";2;32;64.0;"2023-04-15"
2485793;"CUST_20";"Beverages";2;41;82.0;"2023-06-07"
2485997;"CUST_09";"Milk Products";8;38;304.0;"2022-10-12"
2486150;"CUST_23";"Furniture";9;28;247.5;"2024-04-30"
2486841;"CUST_19";"Food";4;8;32.0;"2024-02-15"
2487307;"CUST_19";"Electric household essentials";7;34;234.5;"2022-04-18"
2487390;"CUST_02";"Milk Products";10;29;290.0;"2024-02-04"
2488313;"CUST_01";"Milk Products";8;19;148.0;"2024-01-13"
2489260;"CUST_17";"Butchers";7;34;234.5;"2022-01-01"
2490363;"CUST_09";"Milk Products";2;28;55.0;"2022-05-22"
2491068;"CUST_09";"Butchers";5;14;70.0;"2022-12-29"
2491384;"CUST_18";"Milk Products";8;29;232.0;"2023-10-20"
2491501;"CUST_06";"Beverages";0;0;0.0;"2022-05-04"
2493076;"CUST_06";"Patisserie";2;5;10.0;"2024-07-26"
2494013;"CUST_01";"Patisserie";1;41;41.0;"2022-10-12"
2494050;"CUST_03";"Food";9;23;207.0;"2024-04-16"
2494353;"CUST_14";"Electric household essentials";5;23;115.0;"2023-11-03"
2494638;"CUST_24";"Butchers";7;23;161.0;"2022-08-11"
2496138;"CUST_22";"Food";0;0;0.0;"2023-10-04"
2496499;"CUST_06";"Patisserie";2;8;16.0;"2023-12-25"
2496641;"CUST_24";"Electric household essentials";10;32;320.0;"2022-01-14"
2497415;"CUST_05";"Furniture";3;35;105.0;"2024-09-12"
2500042;"CUST_13";"Computers and electric accessories";0;0;0.0;"2023-04-15"
2500072;"CUST_23";"Food";0;0;0.0;"2023-02-24"
2500273;"CUST_10";"Milk Products";10;29;290.0;"2022-06-26"
2500782;"CUST_11";"Computers and electric accessories";10;31;305.0;"2024-06-30"
2501304;"CUST_14";"Beverages";0;0;0.0;"2024-07-14"
2501669;"CUST_11";"Electric household essentials";5;34;167.5;"2023-09-27"
2501720;"CUST_15";"Computers and electric accessories";9;5;45.0;"2022-06-23"
2502580;"CUST_17";"Computers and electric accessories";6;34;201.0;"2023-02-21"
2503594;"CUST_06";"Electric household essentials";3;16;46.5;"2023-04-09"
2503668;"CUST_05";"Food";7;25;171.5;"2024-03-22"
2504184;"CUST_03";"Milk Products";3;23;69.0;"2022-05-10"
2504304;"CUST_16";"Beverages";10;29;290.0;"2024-04-19"
2505439;"CUST_16";"Electric household essentials";10;34;335.0;"2023-12-09"
2506516;"CUST_15";"Food";7;22;150.5;"2024-02-07"
2507911;"CUST_25";"Furniture";1;20;20.0;"2023-10-13"
2508784;"CUST_02";"Beverages";7;16;108.5;"2024-08-29"
2508788;"CUST_09";"Food";9;40;355.5;"2022-07-30"
2509128;"CUST_05";"Milk Products";10;38;380.0;"2023-01-18"
2510100;"CUST_22";"Food";1;34;33.5;"2022-09-04"
2510850;"CUST_08";"Beverages";7;22;150.5;"2024-02-15"
2511487;"CUST_24";"Computers and electric accessories";10;32;320.0;"2024-01-05"
2513356;"CUST_06";"Computers and electric accessories";3;28;82.5;"2024-08-04"
2513830;"CUST_10";"Electric household essentials";9;29;261.0;"2024-09-18"
2514543;"CUST_20";"Patisserie";0;0;0.0;"2022-06-08"
2515470;"CUST_07";"Food";0;0;0.0;"2023-09-20"
2516384;"CUST_16";"Beverages";7;16;108.5;"2024-12-26"
2516949;"CUST_03";"Furniture";9;13;112.5;"2024-06-23"
2519309;"CUST_20";"Butchers";6;22;129.0;"2024-10-03"
2519325;"CUST_17";"Butchers";5;22;107.5;"2024-03-16"
2519908;"CUST_17";"Electric household essentials";3;32;96.0;"2022-01-13"
2520240;"CUST_19";"Furniture";4;11;44.0;"2023-02-17"
2521668;"CUST_06";"Furniture";5;40;197.5;"2024-08-31"
2522970;"CUST_18";"Electric household essentials";6;32;192.0;"2024-04-25"
2523425;"CUST_04";"Electric household essentials";10;32;320.0;"2022-12-16"
2524004;"CUST_16";"Patisserie";5;22;107.5;"2022-11-29"
2524558;"CUST_14";"Butchers";3;13;37.5;"2023-04-12"
2524809;"CUST_12";"Computers and electric accessories";1;7;6.5;"2024-02-13"
2525392;"CUST_04";"Computers and electric accessories";4;26;104.0;"2022-11-15"
2525596;"CUST_14";"Electric household essentials";2;32;64.0;"2024-06-27"
2525825;"CUST_08";"Food";3;37;109.5;"2024-03-13"
2527115;"CUST_22";"Beverages";10;7;65.0;"2024-06-15"
2527365;"CUST_17";"Electric household essentials";8;38;304.0;"2023-02-24"
2527692;"CUST_20";"Computers and electric accessories";7;22;150.5;"2023-01-31"
2528313;"CUST_07";"Food";4;41;164.0;"2022-06-12"
2528404;"CUST_16";"Beverages";3;38;114.0;"2024-06-22"
2530643;"CUST_05";"Beverages";2;20;40.0;"2024-06-02"
2530704;"CUST_25";"Butchers";2;38;76.0;"2024-01-04"
2532729;"CUST_17";"Beverages";0;0;0.0;"2022-08-10"
2533200;"CUST_05";"Patisserie";8;5;40.0;"2022-10-28"
2534435;"CUST_12";"Patisserie";10;22;215.0;"2024-08-29"
2534527;"CUST_11";"Food";2;29;58.0;"2022-10-21"
2535570;"CUST_20";"Butchers";10;31;305.0;"2022-08-27"
2536386;"CUST_24";"Patisserie";3;20;60.0;"2024-01-31"
2537089;"CUST_16";"Computers and electric accessories";10;31;305.0;"2023-03-11"
2537147;"CUST_01";"Electric household essentials";10;29;290.0;"2022-06-28"
2537604;"CUST_05";"Furniture";7;34;234.5;"2022-07-09"
2537913;"CUST_08";"Butchers";0;0;0.0;"2023-03-25"
2539807;"CUST_18";"Beverages";5;25;122.5;"2022-05-15"
2540203;"CUST_12";"Milk Products";4;14;56.0;"2025-01-02"
2540525;"CUST_03";"Computers and electric accessories";2;37;73.0;"2023-04-29"
2540564;"CUST_24";"Computers and electric accessories";1;11;11.0;"2023-08-18"
2541183;"CUST_16";"Patisserie";5;22;107.5;"2024-07-20"
2542045;"CUST_24";"Patisserie";5;16;77.5;"2023-11-16"
2542225;"CUST_15";"Electric household essentials";2;23;46.0;"2023-03-24"
2542482;"CUST_16";"Beverages";6;32;192.0;"2022-11-04"
2543088;"CUST_11";"Beverages";6;35;210.0;"2022-04-17"
2543221;"CUST_12";"Milk Products";5;28;137.5;"2023-02-16"
2543244;"CUST_05";"Food";10;23;230.0;"2022-08-09"
2543415;"CUST_11";"Furniture";7;16;108.5;"2022-08-08"
2543604;"CUST_02";"Furniture";4;41;164.0;"2023-02-26"
2543656;"CUST_06";"Milk Products";9;5;45.0;"2022-03-07"
2544376;"CUST_05";"Food";2;20;40.0;"2024-01-31"
2545845;"CUST_09";"Computers and electric accessories";9;31;274.5;"2024-08-28"
2547094;"CUST_02";"Electric household essentials";6;22;129.0;"2023-05-09"
2547495;"CUST_20";"Computers and electric accessories";6;23;138.0;"2022-05-21"
2548154;"CUST_09";"Patisserie";8;17;136.0;"2023-05-18"
2548722;"CUST_17";"Milk Products";2;16;31.0;"2024-08-23"
2550629;"CUST_10";"Butchers";5;38;190.0;"2022-04-03"
2551088;"CUST_17";"Beverages";0;0;0.0;"2024-05-14"
2553920;"CUST_03";"Patisserie";3;26;78.0;"2022-11-16"
2554615;"CUST_21";"Computers and electric accessories";8;26;208.0;"2024-11-04"
2556108;"CUST_10";"Furniture";10;20;200.0;"2023-10-12"
2556431;"CUST_04";"Beverages";7;14;98.0;"2024-02-04"
2557237;"CUST_02";"Patisserie";1;14;14.0;"2022-12-30"
2557410;"CUST_20";"Beverages";1;32;32.0;"2023-12-21"
2558237;"CUST_04";"Milk Products";5;23;115.0;"2024-01-12"
2558306;"CUST_15";"Furniture";10;16;155.0;"2023-08-02"
2558370;"CUST_02";"Butchers";9;22;193.5;"2023-04-09"
2558768;"CUST_04";"Electric household essentials";6;38;228.0;"2023-12-22"
2559484;"CUST_04";"Computers and electric accessories";9;13;112.5;"2022-04-15"
2560468;"CUST_14";"Patisserie";1;34;33.5;"2023-02-26"
2560977;"CUST_07";"Electric household essentials";4;29;116.0;"2024-10-20"
2561337;"CUST_20";"Furniture";3;41;123.0;"2024-03-27"
2561399;"CUST_14";"Furniture";5;13;62.5;"2022-06-28"
2562140;"CUST_08";"Butchers";8;41;328.0;"2024-11-06"
2563000;"CUST_13";"Milk Products";5;29;145.0;"2022-10-22"
2563981;"CUST_10";"Butchers";7;37;255.5;"2024-05-19"
2564188;"CUST_05";"Patisserie";0;0;0.0;"2024-04-14"
2565254;"CUST_12";"Beverages";9;14;126.0;"2024-11-22"
2565828;"CUST_21";"Food";10;40;395.0;"2022-02-18"
2566721;"CUST_09";"Computers and electric accessories";1;5;5.0;"2023-03-10"
2566784;"CUST_10";"Electric household essentials";9;23;207.0;"2022-07-23"
2568387;"CUST_16";"Milk Products";8;22;172.0;"2024-05-17"
2568580;"CUST_02";"Furniture";8;38;304.0;"2022-02-12"
2569828;"CUST_24";"Beverages";2;17;34.0;"2023-09-29"
2569890;"CUST_22";"Electric household essentials";8;23;184.0;"2024-09-19"
2570092;"CUST_25";"Butchers";3;37;109.5;"2023-02-10"
2570631;"CUST_19";"Patisserie";6;5;30.0;"2024-12-23"
2570854;"CUST_03";"Beverages";3;8;24.0;"2023-09-02"
2571191;"CUST_04";"Electric household essentials";3;10;28.5;"2023-07-28"
2571677;"CUST_22";"Computers and electric accessories";5;41;205.0;"2023-10-24"
2572509;"CUST_13";"Food";6;34;201.0;"2023-08-29"
2573050;"CUST_11";"Computers and electric accessories";9;19;166.5;"2022-10-11"
2573095;"CUST_23";"Computers and electric accessories";4;32;128.0;"2023-11-18"
2573164;"CUST_04";"Furniture";3;41;123.0;"2022-08-11"
2573370;"CUST_05";"Beverages";10;26;260.0;"2023-09-27"
2573398;"CUST_10";"Butchers";4;37;146.0;"2024-04-15"
2573458;"CUST_08";"Butchers";10;26;260.0;"2022-11-28"
2573564;"CUST_13";"Butchers";10;28;275.0;"2024-07-16"
2575540;"CUST_17";"Food";4;23;92.0;"2024-07-19"
2577257;"CUST_07";"Computers and electric accessories";8;19;148.0;"2023-10-28"
2578245;"CUST_22";"Electric household essentials";6;37;219.0;"2022-09-05"
2579665;"CUST_24";"Beverages";2;7;13.0;"2022-07-04"
2580755;"CUST_21";"Butchers";10;34;335.0;"2022-02-28"
2581258;"CUST_14";"Electric household essentials";4;23;92.0;"2022-02-13"
2582450;"CUST_03";"Milk Products";8;38;304.0;"2023-06-01"
2582556;"CUST_11";"Furniture";8;20;160.0;"2024-04-19"
2582569;"CUST_13";"Furniture";3;34;100.5;"2022-06-24"
2582622;"CUST_24";"Patisserie";3;29;87.0;"2022-01-09"
2584277;"CUST_23";"Electric household essentials";0;0;0.0;"2024-04-17"
2584682;"CUST_07";"Furniture";8;10;76.0;"2023-03-28"
2585207;"CUST_10";"Computers and electric accessories";8;11;88.0;"2022-10-03"
2585378;"CUST_21";"Butchers";4;37;146.0;"2023-08-27"
2585566;"CUST_06";"Electric household essentials";3;29;87.0;"2024-03-10"
2586658;"CUST_15";"Butchers";2;28;55.0;"2022-10-11"
2587368;"CUST_01";"Computers and electric accessories";1;29;29.0;"2022-01-28"
2587564;"CUST_24";"Food";7;31;213.5;"2024-07-30"
2588792;"CUST_10";"Furniture";3;19;55.5;"2023-06-13"
2589028;"CUST_16";"Computers and electric accessories";2;38;76.0;"2022-06-05"
2590429;"CUST_18";"Electric household essentials";4;5;20.0;"2022-11-16"
2591666;"CUST_06";"Computers and electric accessories";4;32;128.0;"2023-08-19"
2592374;"CUST_21";"Electric household essentials";9;11;99.0;"2022-11-18"
2592664;"CUST_14";"Milk Products";5;28;137.5;"2023-03-06"
2592687;"CUST_24";"Butchers";5;34;167.5;"2024-07-26"
2593320;"CUST_04";"Milk Products";6;16;93.0;"2023-01-21"
2593560;"CUST_07";"Butchers";6;23;138.0;"2023-07-07"
2593805;"CUST_08";"Electric household essentials";4;20;80.0;"2024-10-05"
2593807;"CUST_01";"Food";9;34;301.5;"2024-07-13"
2594009;"CUST_21";"Butchers";1;7;6.5;"2023-11-13"
2594117;"CUST_10";"Food";4;29;116.0;"2024-08-31"
2595446;"CUST_22";"Milk Products";10;29;290.0;"2024-12-03"
2595449;"CUST_02";"Furniture";10;10;95.0;"2024-07-08"
2595699;"CUST_24";"Beverages";5;32;160.0;"2022-06-16"
2596013;"CUST_17";"Beverages";4;28;110.0;"2022-01-16"
2596191;"CUST_13";"Patisserie";9;5;45.0;"2022-10-17"
2596637;"CUST_15";"Patisserie";1;34;33.5;"2023-07-30"
2596812;"CUST_25";"Patisserie";8;7;52.0;"2025-01-17"
2598056;"CUST_05";"Furniture";0;0;0.0;"2024-06-30"
2598069;"CUST_12";"Furniture";1;34;33.5;"2024-01-31"
2598151;"CUST_22";"Electric household essentials";5;16;77.5;"2022-04-30"
2598563;"CUST_01";"Milk Products";7;28;192.5;"2023-09-17"
2599418;"CUST_03";"Milk Products";9;32;288.0;"2024-08-27"
2599833;"CUST_16";"Furniture";9;10;85.5;"2023-05-01"
2601626;"CUST_18";"Electric household essentials";4;29;116.0;"2022-09-03"
2602356;"CUST_12";"Food";5;8;40.0;"2024-01-31"
2602423;"CUST_09";"Beverages";8;29;232.0;"2023-07-13"
2602744;"CUST_16";"Computers and electric accessories";4;17;68.0;"2024-12-07"
2602980;"CUST_21";"Patisserie";4;34;134.0;"2024-08-14"
2603033;"CUST_18";"Milk Products";7;28;192.5;"2022-11-01"
2603761;"CUST_24";"Beverages";10;7;65.0;"2024-03-31"
2605225;"CUST_15";"Butchers";5;16;77.5;"2024-07-23"
2605227;"CUST_12";"Butchers";2;14;28.0;"2024-02-03"
2605841;"CUST_08";"Computers and electric accessories";5;31;152.5;"2022-01-24"
2605899;"CUST_24";"Electric household essentials";1;17;17.0;"2022-04-21"
2610553;"CUST_20";"Computers and electric accessories";2;22;43.0;"2024-11-30"
2610751;"CUST_05";"Butchers";5;41;205.0;"2022-05-30"
2611065;"CUST_04";"Milk Products";8;26;208.0;"2023-02-05"
2611733;"CUST_13";"Computers and electric accessories";7;19;129.5;"2024-11-15"
2614296;"CUST_22";"Beverages";6;40;237.0;"2024-03-11"
2615090;"CUST_04";"Patisserie";4;28;110.0;"2022-08-02"
2615354;"CUST_01";"Patisserie";5;16;77.5;"2022-09-08"
2618457;"CUST_02";"Food";6;20;120.0;"2022-07-11"
2619807;"CUST_21";"Butchers";8;23;184.0;"2024-03-21"
2620396;"CUST_10";"Beverages";5;16;77.5;"2023-05-08"
2620660;"CUST_08";"Butchers";10;28;275.0;"2023-02-13"
2621151;"CUST_24";"Beverages";5;28;137.5;"2024-11-28"
2621464;"CUST_08";"Furniture";4;34;134.0;"2024-11-05"
2621567;"CUST_05";"Beverages";4;38;152.0;"2024-11-01"
2621955;"CUST_06";"Butchers";4;20;80.0;"2024-08-21"
2622199;"CUST_16";"Furniture";4;14;56.0;"2024-08-28"
2622994;"CUST_20";"Computers and electric accessories";6;31;183.0;"2023-12-03"
2624035;"CUST_20";"Computers and electric accessories";3;11;33.0;"2022-08-23"
2624160;"CUST_16";"Butchers";10;41;410.0;"2022-06-19"
2624212;"CUST_09";"Electric household essentials";7;16;108.5;"2022-04-18"
2625598;"CUST_10";"Beverages";7;26;182.0;"2024-06-15"
2625866;"CUST_19";"Electric household essentials";5;22;107.5;"2023-01-31"
2626134;"CUST_20";"Electric household essentials";5;29;145.0;"2022-06-09"
2626673;"CUST_13";"Patisserie";10;38;380.0;"2022-05-22"
2628993;"CUST_14";"Milk Products";1;23;23.0;"2023-09-13"
2629807;"CUST_03";"Beverages";6;34;201.0;"2024-05-17"
2630398;"CUST_20";"Milk Products";9;13;112.5;"2024-07-26"
2630479;"CUST_20";"Patisserie";6;16;93.0;"2023-06-30"
2630534;"CUST_14";"Milk Products";8;32;256.0;"2022-02-07"
2630677;"CUST_05";"Patisserie";5;19;92.5;"2022-04-27"
2631567;"CUST_18";"Milk Products";6;20;120.0;"2023-10-11"
2632666;"CUST_01";"Butchers";7;5;35.0;"2023-06-15"
2633088;"CUST_12";"Beverages";7;7;45.5;"2023-03-06"
2633599;"CUST_10";"Computers and electric accessories";8;7;52.0;"2024-01-16"
2633712;"CUST_04";"Furniture";6;26;156.0;"2023-01-14"
2633896;"CUST_24";"Patisserie";7;22;150.5;"2024-05-23"
2634754;"CUST_07";"Electric household essentials";3;26;78.0;"2022-05-15"
2634868;"CUST_13";"Patisserie";4;20;80.0;"2024-06-26"
2634971;"CUST_02";"Furniture";2;20;40.0;"2022-11-29"
2635591;"CUST_24";"Butchers";8;23;184.0;"2022-10-11"
2635940;"CUST_05";"Beverages";8;25;196.0;"2024-04-13"
2636794;"CUST_08";"Patisserie";3;19;55.5;"2024-05-26"
2638283;"CUST_15";"Electric household essentials";3;26;78.0;"2024-08-07"
2640121;"CUST_06";"Furniture";6;35;210.0;"2022-12-10"
2641403;"CUST_04";"Furniture";3;5;15.0;"2022-07-12"
2642292;"CUST_08";"Furniture";5;35;175.0;"2023-10-01"
2644918;"CUST_12";"Electric household essentials";9;13;112.5;"2022-05-03"
2645782;"CUST_06";"Patisserie";10;5;50.0;"2023-05-17"
2646301;"CUST_18";"Furniture";9;40;355.5;"2022-12-07"
2646671;"CUST_23";"Patisserie";5;26;130.0;"2024-03-05"
2647272;"CUST_01";"Furniture";8;32;256.0;"2024-03-29"
2647450;"CUST_22";"Computers and electric accessories";4;19;74.0;"2023-02-04"
2648609;"CUST_11";"Milk Products";6;20;120.0;"2022-09-23"
2649541;"CUST_18";"Butchers";7;35;245.0;"2022-12-28"
2649664;"CUST_19";"Patisserie";1;14;14.0;"2023-07-22"
2651294;"CUST_19";"Patisserie";2;16;31.0;"2023-11-18"
2651559;"CUST_23";"Butchers";8;13;100.0;"2022-07-13"
2651748;"CUST_15";"Food";8;17;136.0;"2024-07-24"
2653788;"CUST_18";"Electric household essentials";9;16;139.5;"2024-01-03"
2654084;"CUST_23";"Computers and electric accessories";10;14;140.0;"2023-03-04"
2654851;"CUST_02";"Butchers";5;22;107.5;"2024-01-12"
2655759;"CUST_23";"Furniture";3;41;123.0;"2024-09-18"
2659409;"CUST_24";"Food";3;23;69.0;"2024-07-10"
2660107;"CUST_14";"Electric household essentials";6;22;129.0;"2022-11-16"
2660160;"CUST_04";"Computers and electric accessories";10;37;365.0;"2023-05-15"
2661507;"CUST_07";"Patisserie";4;34;134.0;"2022-10-16"
2662020;"CUST_04";"Electric household essentials";1;28;27.5;"2022-11-28"
2663672;"CUST_05";"Butchers";10;37;365.0;"2023-09-12"
2663704;"CUST_11";"Electric household essentials";2;29;58.0;"2022-11-22"
2663819;"CUST_08";"Food";10;23;230.0;"2024-03-31"
2663829;"CUST_05";"Furniture";5;40;197.5;"2022-11-28"
2664061;"CUST_17";"Electric household essentials";2;34;67.0;"2023-04-06"
2664086;"CUST_15";"Electric household essentials";5;14;70.0;"2022-04-30"
2665313;"CUST_21";"Electric household essentials";10;26;260.0;"2023-09-19"
2665357;"CUST_15";"Butchers";3;23;69.0;"2022-12-24"
2666506;"CUST_05";"Butchers";3;38;114.0;"2022-04-14"
2666524;"CUST_25";"Furniture";6;16;93.0;"2023-09-22"
2669806;"CUST_22";"Butchers";9;10;85.5;"2022-01-19"
2669850;"CUST_22";"Electric household essentials";0;0;0.0;"2024-06-07"
2673110;"CUST_04";"Furniture";7;16;108.5;"2023-06-19"
2676761;"CUST_15";"Electric household essentials";9;29;261.0;"2024-04-03"
2677539;"CUST_15";"Food";0;0;0.0;"2022-08-31"
2678332;"CUST_19";"Food";9;25;220.5;"2023-01-20"
2679675;"CUST_13";"Butchers";6;7;39.0;"2023-02-05"
2680015;"CUST_02";"Butchers";9;25;220.5;"2022-04-24"
2681399;"CUST_24";"Butchers";3;37;109.5;"2023-10-17"
2681703;"CUST_22";"Patisserie";10;29;290.0;"2024-04-06"
2682265;"CUST_24";"Electric household essentials";1;32;32.0;"2023-08-22"
2682307;"CUST_12";"Computers and electric accessories";9;19;166.5;"2024-12-20"
2682726;"CUST_01";"Electric household essentials";9;25;220.5;"2023-12-01"
2683008;"CUST_17";"Patisserie";6;31;183.0;"2022-01-10"
2683705;"CUST_25";"Beverages";5;5;25.0;"2024-05-13"
2683845;"CUST_17";"Butchers";10;31;305.0;"2022-08-01"
2683891;"CUST_03";"Milk Products";6;7;39.0;"2024-05-09"
2684604;"CUST_06";"Computers and electric accessories";3;14;42.0;"2024-03-07"
2685384;"CUST_23";"Beverages";3;16;46.5;"2022-08-30"
2685666;"CUST_03";"Milk Products";7;20;140.0;"2024-01-17"
2685942;"CUST_23";"Furniture";10;38;380.0;"2022-09-15"
2686357;"CUST_07";"Beverages";3;10;28.5;"2022-04-24"
2686535;"CUST_24";"Computers and electric accessories";2;34;67.0;"2024-03-16"
2687302;"CUST_11";"Milk Products";7;5;35.0;"2022-09-09"
2687566;"CUST_19";"Furniture";1;28;27.5;"2022-03-21"
2687729;"CUST_06";"Computers and electric accessories";9;11;99.0;"2022-06-11"
2688839;"CUST_05";"Patisserie";1;7;6.5;"2022-02-19"
2689560;"CUST_21";"Electric household essentials";2;11;22.0;"2024-05-16"
2689920;"CUST_21";"Food";2;11;22.0;"2024-02-29"
2690179;"CUST_12";"Electric household essentials";2;22;43.0;"2023-09-09"
2690184;"CUST_12";"Food";10;34;335.0;"2023-05-14"
2690530;"CUST_05";"Beverages";10;20;200.0;"2022-02-14"
2691157;"CUST_14";"Patisserie";8;41;328.0;"2024-11-11"
2691217;"CUST_17";"Furniture";2;20;40.0;"2024-08-11"
2691273;"CUST_09";"Food";4;29;116.0;"2023-03-30"
2691375;"CUST_13";"Furniture";10;31;305.0;"2023-04-29"
2691463;"CUST_19";"Patisserie";9;34;301.5;"2024-08-25"
2692916;"CUST_05";"Butchers";7;5;35.0;"2024-09-30"
2693158;"CUST_18";"Patisserie";10;14;140.0;"2022-10-28"
2694098;"CUST_09";"Milk Products";10;20;200.0;"2024-10-20"
2694211;"CUST_24";"Beverages";3;8;24.0;"2023-02-19"
2694632;"CUST_15";"Butchers";3;37;109.5;"2023-06-15"
2694884;"CUST_01";"Patisserie";7;37;255.5;"2024-12-13"
2695177;"CUST_16";"Furniture";8;14;112.0;"2022-03-31"
2695742;"CUST_04";"Butchers";6;37;219.0;"2022-03-17"
2696370;"CUST_22";"Furniture";3;11;33.0;"2024-08-03"
2696682;"CUST_15";"Food";7;10;66.5;"2023-12-07"
2698076;"CUST_19";"Food";7;8;56.0;"2022-11-17"
2700658;"CUST_19";"Beverages";9;25;220.5;"2024-07-28"
2700692;"CUST_08";"Milk Products";7;28;192.5;"2023-06-14"
2701654;"CUST_21";"Computers and electric accessories";1;35;35.0;"2022-01-06"
2702011;"CUST_12";"Furniture";5;22;107.5;"2023-12-28"
2703515;"CUST_14";"Furniture";6;28;165.0;"2024-11-23"
2704600;"CUST_17";"Electric household essentials";9;37;328.5;"2022-07-26"
2705106;"CUST_24";"Food";10;14;140.0;"2024-10-05"
2705515;"CUST_20";"Patisserie";10;16;155.0;"2023-04-15"
2706063;"CUST_15";"Butchers";4;22;86.0;"2022-09-10"
2707271;"CUST_20";"Computers and electric accessories";1;38;38.0;"2022-03-15"
2707360;"CUST_21";"Butchers";7;14;98.0;"2024-11-23"
2709041;"CUST_01";"Butchers";9;37;328.5;"2024-06-13"
2710922;"CUST_09";"Beverages";3;29;87.0;"2023-03-22"
2712111;"CUST_20";"Furniture";2;28;55.0;"2023-12-09"
2712285;"CUST_22";"Furniture";5;7;32.5;"2022-06-25"
2712384;"CUST_17";"Furniture";6;34;201.0;"2023-07-30"
2713028;"CUST_20";"Computers and electric accessories";3;38;114.0;"2024-05-22"
2713911;"CUST_20";"Patisserie";5;35;175.0;"2024-12-21"
2714155;"CUST_18";"Computers and electric accessories";1;16;15.5;"2023-06-03"
2715374;"CUST_12";"Computers and electric accessories";7;25;171.5;"2023-03-15"
2715933;"CUST_11";"Beverages";7;14;98.0;"2022-11-29"
2716104;"CUST_22";"Patisserie";4;29;116.0;"2022-01-13"
2716764;"CUST_18";"Beverages";9;22;193.5;"2022-10-25"
2717109;"CUST_23";"Beverages";2;37;73.0;"2024-03-08"
2718193;"CUST_17";"Electric household essentials";6;41;246.0;"2023-02-17"
2718523;"CUST_25";"Electric household essentials";5;26;130.0;"2024-08-27"
2718566;"CUST_10";"Computers and electric accessories";1;16;15.5;"2023-12-20"
2718872;"CUST_17";"Computers and electric accessories";1;11;11.0;"2023-08-05"
2718953;"CUST_11";"Electric household essentials";7;28;192.5;"2022-01-31"
2719011;"CUST_14";"Milk Products";2;28;55.0;"2024-10-09"
2719047;"CUST_03";"Butchers";4;34;134.0;"2023-11-21"
2720890;"CUST_03";"Patisserie";7;38;266.0;"2023-11-17"
2720959;"CUST_23";"Butchers";3;14;42.0;"2024-10-22"
2721068;"CUST_15";"Electric household essentials";6;13;75.0;"2023-01-03"
2721638;"CUST_16";"Furniture";5;11;55.0;"2024-07-11"
2722008;"CUST_19";"Food";2;11;22.0;"2023-11-05"
2722661;"CUST_25";"Butchers";3;37;109.5;"2024-03-14"
2722898;"CUST_21";"Beverages";10;13;125.0;"2024-05-30"
2724532;"CUST_24";"Patisserie";9;28;247.5;"2024-04-20"
2725299;"CUST_06";"Furniture";4;40;158.0;"2024-01-13"
2725350;"CUST_13";"Electric household essentials";8;31;244.0;"2022-11-28"
2726827;"CUST_13";"Computers and electric accessories";2;28;55.0;"2024-03-05"
2727006;"CUST_01";"Computers and electric accessories";2;17;34.0;"2023-10-17"
2727085;"CUST_02";"Food";3;22;64.5;"2024-08-09"
2728490;"CUST_25";"Patisserie";1;19;18.5;"2023-10-31"
2729765;"CUST_20";"Beverages";9;7;58.5;"2023-12-08"
2729995;"CUST_03";"Beverages";1;20;20.0;"2023-08-15"
2730739;"CUST_22";"Furniture";8;35;280.0;"2022-02-12"
2731024;"CUST_01";"Beverages";4;22;86.0;"2022-11-17"
2731981;"CUST_05";"Butchers";8;8;64.0;"2024-10-06"
2733243;"CUST_01";"Computers and electric accessories";1;20;20.0;"2022-05-14"
2733288;"CUST_15";"Furniture";7;38;266.0;"2023-10-15"
2733918;"CUST_25";"Food";0;0;0.0;"2024-10-28"
2733978;"CUST_24";"Furniture";9;11;99.0;"2024-12-04"
2733999;"CUST_09";"Beverages";2;19;37.0;"2022-10-23"
2734006;"CUST_09";"Beverages";9;19;166.5;"2023-06-07"
2734881;"CUST_04";"Electric household essentials";7;38;266.0;"2024-06-06"
2734987;"CUST_21";"Electric household essentials";3;26;78.0;"2024-05-31"
2735321;"CUST_06";"Food";7;40;276.5;"2023-10-24"
2736863;"CUST_13";"Milk Products";0;0;0.0;"2024-08-10"
2738816;"CUST_03";"Milk Products";2;16;31.0;"2025-01-13"
2739207;"CUST_12";"Beverages";4;29;116.0;"2024-12-04"
2739401;"CUST_15";"Food";3;31;91.5;"2023-04-16"
2744981;"CUST_24";"Milk Products";6;26;156.0;"2022-01-05"
2745229;"CUST_22";"Milk Products";8;13;100.0;"2024-12-10"
2745420;"CUST_09";"Computers and electric accessories";3;5;15.0;"2024-08-12"
2746396;"CUST_11";"Milk Products";3;28;82.5;"2023-08-24"
2746895;"CUST_04";"Computers and electric accessories";8;32;256.0;"2022-08-19"
2747605;"CUST_19";"Milk Products";9;23;207.0;"2023-06-29"
2748100;"CUST_06";"Beverages";3;34;100.5;"2023-05-03"
2749140;"CUST_14";"Butchers";1;22;21.5;"2022-03-06"
2749184;"CUST_24";"Food";5;34;167.5;"2023-04-18"
2750219;"CUST_24";"Patisserie";2;22;43.0;"2024-02-06"
2751393;"CUST_16";"Food";10;31;305.0;"2022-01-01"
2752036;"CUST_20";"Food";6;29;174.0;"2023-02-04"
2752080;"CUST_20";"Milk Products";5;40;197.5;"2023-02-18"
2752244;"CUST_20";"Computers and electric accessories";6;29;174.0;"2023-01-11"
2752566;"CUST_19";"Milk Products";2;20;40.0;"2022-01-09"
2755139;"CUST_21";"Milk Products";1;10;9.5;"2023-12-19"
2755169;"CUST_12";"Patisserie";6;7;39.0;"2022-09-07"
2755690;"CUST_08";"Computers and electric accessories";9;22;193.5;"2024-11-04"
2756377;"CUST_15";"Food";7;41;287.0;"2024-06-26"
2756540;"CUST_21";"Milk Products";1;28;27.5;"2023-05-09"
2758818;"CUST_16";"Beverages";3;17;51.0;"2023-01-20"
2758823;"CUST_17";"Patisserie";9;14;126.0;"2024-01-06"
2759713;"CUST_04";"Butchers";4;34;134.0;"2023-11-23"
2759881;"CUST_12";"Furniture";3;40;118.5;"2024-11-16"
2761217;"CUST_14";"Beverages";5;13;62.5;"2023-01-30"
2762873;"CUST_22";"Food";2;11;22.0;"2023-01-01"
2763819;"CUST_03";"Beverages";0;0;0.0;"2022-01-23"
2764427;"CUST_03";"Milk Products";8;31;244.0;"2024-07-16"
2764924;"CUST_20";"Electric household essentials";1;28;27.5;"2024-03-01"
2765031;"CUST_17";"Food";5;41;205.0;"2024-11-08"
2765923;"CUST_18";"Computers and electric accessories";5;26;130.0;"2024-06-08"
2766289;"CUST_12";"Electric household essentials";7;41;287.0;"2024-12-22"
2767410;"CUST_23";"Food";6;31;183.0;"2023-09-28"
2767877;"CUST_09";"Patisserie";1;13;12.5;"2024-08-01"
2770070;"CUST_22";"Electric household essentials";6;28;165.0;"2022-06-10"
2770594;"CUST_14";"Computers and electric accessories";7;13;87.5;"2024-04-28"
2770735;"CUST_23";"Patisserie";2;38;76.0;"2022-07-29"
2771113;"CUST_17";"Butchers";3;14;42.0;"2022-05-03"
2771791;"CUST_13";"Milk Products";10;8;80.0;"2022-03-06"
2771813;"CUST_17";"Electric household essentials";0;0;0.0;"2022-06-10"
2772843;"CUST_16";"Butchers";4;41;164.0;"2024-10-29"
2773543;"CUST_07";"Furniture";10;32;320.0;"2023-01-22"
2774355;"CUST_14";"Beverages";6;26;156.0;"2023-10-19"
2774995;"CUST_24";"Food";4;11;44.0;"2024-01-29"
2775332;"CUST_04";"Furniture";2;26;52.0;"2025-01-02"
2775815;"CUST_09";"Food";9;8;72.0;"2025-01-08"
2776242;"CUST_23";"Furniture";6;23;138.0;"2022-12-15"
2777924;"CUST_17";"Milk Products";5;13;62.5;"2024-10-26"
2778307;"CUST_03";"Furniture";10;38;380.0;"2022-01-28"
2779699;"CUST_22";"Food";8;37;292.0;"2022-10-18"
2780567;"CUST_10";"Butchers";6;31;183.0;"2024-09-12"
2780662;"CUST_02";"Milk Products";10;32;320.0;"2023-01-19"
2781552;"CUST_13";"Patisserie";3;7;19.5;"2024-09-09"
2781560;"CUST_05";"Food";2;22;43.0;"2024-02-06"
2781577;"CUST_04";"Electric household essentials";2;26;52.0;"2023-01-13"
2782561;"CUST_15";"Computers and electric accessories";10;19;185.0;"2022-03-13"
2782829;"CUST_02";"Electric household essentials";7;22;150.5;"2024-03-14"
2783188;"CUST_11";"Butchers";2;22;43.0;"2022-01-18"
2784398;"CUST_24";"Butchers";3;19;55.5;"2023-03-09"
2785640;"CUST_21";"Milk Products";10;8;80.0;"2023-02-21"
2786014;"CUST_02";"Beverages";6;34;201.0;"2022-07-12"
2788067;"CUST_17";"Electric household essentials";0;0;0.0;"2022-08-23"
2788225;"CUST_13";"Butchers";5;28;137.5;"2022-05-04"
2789621;"CUST_05";"Milk Products";3;41;123.0;"2023-07-15"
2790270;"CUST_24";"Computers and electric accessories";8;7;52.0;"2022-03-08"
2791670;"CUST_04";"Food";4;11;44.0;"2022-06-20"
2792485;"CUST_04";"Computers and electric accessories";0;0;0.0;"2022-08-09"
2794176;"CUST_01";"Electric household essentials";2;11;22.0;"2025-01-03"
2794565;"CUST_17";"Beverages";0;0;0.0;"2023-03-11"
2795990;"CUST_03";"Electric household essentials";2;37;73.0;"2024-07-15"
2796296;"CUST_23";"Furniture";3;7;19.5;"2023-01-25"
2796969;"CUST_08";"Electric household essentials";9;10;85.5;"2023-12-16"
2797531;"CUST_12";"Milk Products";5;8;40.0;"2022-02-01"
2797985;"CUST_21";"Electric household essentials";2;32;64.0;"2023-01-23"
2798740;"CUST_05";"Milk Products";10;5;50.0;"2023-03-16"
2800453;"CUST_08";"Computers and electric accessories";4;26;104.0;"2022-06-26"
2801294;"CUST_04";"Milk Products";7;38;266.0;"2024-09-27"
2801305;"CUST_04";"Butchers";0;0;0.0;"2022-06-26"
2802685;"CUST_03";"Electric household essentials";7;10;66.5;"2024-04-20"
2802887;"CUST_24";"Computers and electric accessories";2;11;22.0;"2023-10-14"
2803747;"CUST_15";"Beverages";9;40;355.5;"2023-02-20"
2804850;"CUST_17";"Butchers";3;5;15.0;"2024-02-13"
2807320;"CUST_05";"Milk Products";5;23;115.0;"2022-05-30"
2808540;"CUST_23";"Computers and electric accessories";6;31;183.0;"2023-02-25"
2809812;"CUST_15";"Furniture";9;26;234.0;"2022-09-01"
2810459;"CUST_09";"Computers and electric accessories";1;25;24.5;"2022-04-19"
2811659;"CUST_03";"Beverages";8;7;52.0;"2022-07-26"
2812161;"CUST_21";"Patisserie";2;29;58.0;"2024-10-28"
2813218;"CUST_02";"Beverages";0;0;0.0;"2022-11-14"
2813616;"CUST_07";"Beverages";5;34;167.5;"2023-11-19"
2815543;"CUST_12";"Food";6;11;66.0;"2023-06-07"
2816072;"CUST_25";"Milk Products";5;11;55.0;"2024-10-26"
2816347;"CUST_07";"Butchers";9;10;85.5;"2023-06-02"
2817882;"CUST_17";"Butchers";1;37;36.5;"2024-06-06"
2818628;"CUST_13";"Electric household essentials";2;20;40.0;"2023-12-25"
2818752;"CUST_14";"Patisserie";2;16;31.0;"2024-10-17"
2822564;"CUST_05";"Patisserie";8;38;304.0;"2024-02-27"
2823143;"CUST_02";"Butchers";0;0;0.0;"2023-09-21"
2823534;"CUST_06";"Food";1;8;8.0;"2024-03-28"
2823557;"CUST_05";"Food";3;29;87.0;"2022-01-26"
2823976;"CUST_15";"Butchers";9;37;328.5;"2023-11-08"
2824933;"CUST_21";"Milk Products";8;29;232.0;"2024-05-04"
2825406;"CUST_07";"Milk Products";6;28;165.0;"2024-11-22"
2826177;"CUST_14";"Electric household essentials";2;35;70.0;"2024-03-08"
2826383;"CUST_17";"Electric household essentials";5;14;70.0;"2024-04-04"
2826730;"CUST_07";"Food";4;11;44.0;"2022-09-09"
2826822;"CUST_06";"Food";4;28;110.0;"2023-12-19"
2826965;"CUST_06";"Computers and electric accessories";0;0;0.0;"2022-09-12"
2828079;"CUST_24";"Food";7;41;287.0;"2023-01-05"
2829458;"CUST_21";"Milk Products";5;37;182.5;"2024-03-25"
2830652;"CUST_22";"Milk Products";7;23;161.0;"2022-07-19"
2830771;"CUST_08";"Furniture";8;34;268.0;"2022-11-01"
2831531;"CUST_10";"Patisserie";6;40;237.0;"2023-06-19"
2831627;"CUST_06";"Computers and electric accessories";0;0;0.0;"2022-06-09"
2832206;"CUST_01";"Milk Products";1;34;33.5;"2023-07-08"
2832270;"CUST_23";"Butchers";5;31;152.5;"2023-08-11"
2833523;"CUST_24";"Computers and electric accessories";3;20;60.0;"2023-04-30"
2838184;"CUST_21";"Computers and electric accessories";8;11;88.0;"2022-03-15"
2839202;"CUST_21";"Patisserie";4;23;92.0;"2025-01-10"
2839407;"CUST_15";"Food";7;11;77.0;"2022-01-12"
2839564;"CUST_11";"Patisserie";8;31;244.0;"2024-10-27"
2840778;"CUST_16";"Furniture";1;34;33.5;"2023-04-18"
2841201;"CUST_11";"Food";7;13;87.5;"2022-03-27"
2841599;"CUST_13";"Patisserie";9;7;58.5;"2024-07-05"
2842290;"CUST_07";"Computers and electric accessories";4;32;128.0;"2024-12-27"
2843259;"CUST_24";"Patisserie";1;28;27.5;"2023-03-25"
2843646;"CUST_12";"Food";1;31;30.5;"2024-06-26"
2843740;"CUST_19";"Patisserie";5;10;47.5;"2024-05-06"
2844001;"CUST_01";"Food";4;17;68.0;"2023-12-15"
2844235;"CUST_03";"Milk Products";1;13;12.5;"2024-11-06"
2844489;"CUST_21";"Butchers";9;31;274.5;"2022-09-26"
2845336;"CUST_23";"Patisserie";3;37;109.5;"2022-02-10"
2845414;"CUST_24";"Furniture";10;35;350.0;"2023-06-19"
2847928;"CUST_20";"Computers and electric accessories";6;29;174.0;"2022-05-11"
2848161;"CUST_04";"Furniture";1;38;38.0;"2024-10-09"
2848606;"CUST_21";"Electric household essentials";6;34;201.0;"2022-12-20"
2848709;"CUST_23";"Beverages";10;35;350.0;"2022-07-31"
2848763;"CUST_17";"Butchers";2;23;46.0;"2022-07-26"
2848766;"CUST_12";"Butchers";6;28;165.0;"2022-05-02"
2849510;"CUST_07";"Furniture";10;34;335.0;"2024-06-04"
2850132;"CUST_08";"Milk Products";8;16;124.0;"2023-06-22"
2850248;"CUST_15";"Butchers";7;23;161.0;"2024-07-30"
2850454;"CUST_23";"Furniture";9;34;301.5;"2023-01-17"
2850753;"CUST_16";"Patisserie";4;32;128.0;"2024-01-10"
2850918;"CUST_25";"Beverages";8;7;52.0;"2024-05-21"
2850974;"CUST_03";"Furniture";3;41;123.0;"2022-04-05"
2851908;"CUST_22";"Milk Products";1;28;27.5;"2024-01-15"
2853011;"CUST_05";"Furniture";10;26;260.0;"2023-06-03"
2854112;"CUST_24";"Milk Products";7;32;224.0;"2024-01-23"
2854233;"CUST_17";"Butchers";1;34;33.5;"2024-07-15"
2854455;"CUST_17";"Food";1;13;12.5;"2024-08-02"
2855329;"CUST_13";"Milk Products";7;29;203.0;"2022-02-18"
2855409;"CUST_04";"Beverages";10;25;245.0;"2023-08-19"
2856597;"CUST_13";"Beverages";6;20;120.0;"2023-12-25"
2857681;"CUST_21";"Food";2;22;43.0;"2023-03-13"
2858218;"CUST_24";"Beverages";9;40;355.5;"2024-06-04"
2859193;"CUST_12";"Butchers";4;41;164.0;"2024-01-10"
2859355;"CUST_05";"Electric household essentials";9;7;58.5;"2022-07-11"
2860262;"CUST_11";"Milk Products";7;23;161.0;"2023-12-29"
2860283;"CUST_04";"Electric household essentials";2;5;10.0;"2024-06-15"
2861234;"CUST_06";"Computers and electric accessories";4;32;128.0;"2025-01-08"
2861834;"CUST_25";"Patisserie";3;26;78.0;"2023-04-01"
2862297;"CUST_11";"Butchers";9;14;126.0;"2022-09-08"
2864845;"CUST_16";"Furniture";1;11;11.0;"2024-07-01"
2866213;"CUST_24";"Furniture";2;35;70.0;"2022-09-25"
2866599;"CUST_14";"Food";9;35;315.0;"2023-10-13"
2867343;"CUST_02";"Food";8;8;64.0;"2023-01-07"
2868734;"CUST_17";"Furniture";6;13;75.0;"2022-05-13"
2868753;"CUST_22";"Beverages";10;16;155.0;"2024-03-12"
2869481;"CUST_18";"Beverages";2;17;34.0;"2024-10-28"
2869668;"CUST_18";"Patisserie";4;41;164.0;"2023-03-27"
2871119;"CUST_03";"Electric household essentials";5;22;107.5;"2023-09-19"
2871171;"CUST_15";"Butchers";6;17;102.0;"2023-10-24"
2872093;"CUST_14";"Computers and electric accessories";3;32;96.0;"2023-12-30"
2873708;"CUST_10";"Food";9;23;207.0;"2023-10-02"
2875355;"CUST_16";"Furniture";8;16;124.0;"2024-01-18"
2878134;"CUST_18";"Butchers";9;16;139.5;"2024-05-10"
2878204;"CUST_12";"Butchers";6;28;165.0;"2023-01-13"
2879367;"CUST_10";"Computers and electric accessories";10;22;215.0;"2024-08-10"
2879758;"CUST_25";"Computers and electric accessories";10;23;230.0;"2024-01-25"
2880014;"CUST_12";"Computers and electric accessories";5;22;107.5;"2023-01-03"
2880856;"CUST_18";"Patisserie";4;23;92.0;"2024-02-15"
2881650;"CUST_22";"Computers and electric accessories";3;32;96.0;"2022-03-27"
2882366;"CUST_25";"Food";10;26;260.0;"2023-01-23"
2882452;"CUST_19";"Electric household essentials";9;34;301.5;"2022-04-22"
2883529;"CUST_08";"Furniture";9;26;234.0;"2022-11-05"
2883620;"CUST_01";"Butchers";5;28;137.5;"2022-08-03"
2883798;"CUST_02";"Beverages";1;28;27.5;"2023-06-10"
2885167;"CUST_17";"Electric household essentials";8;14;112.0;"2022-03-15"
2885265;"CUST_19";"Computers and electric accessories";6;41;246.0;"2022-08-07"
2885766;"CUST_02";"Patisserie";5;26;130.0;"2022-04-28"
2886160;"CUST_19";"Butchers";7;37;255.5;"2022-11-23"
2889258;"CUST_25";"Beverages";6;31;183.0;"2023-08-28"
2889632;"CUST_19";"Butchers";2;37;73.0;"2022-11-09"
2890875;"CUST_15";"Computers and electric accessories";5;11;55.0;"2022-08-19"
2891447;"CUST_19";"Computers and electric accessories";5;26;130.0;"2022-04-11"
2892369;"CUST_03";"Beverages";8;35;280.0;"2023-06-10"
2893014;"CUST_07";"Furniture";9;13;112.5;"2023-06-29"
2893807;"CUST_24";"Electric household essentials";4;37;146.0;"2023-01-03"
2893975;"CUST_01";"Furniture";5;26;130.0;"2022-01-21"
2894385;"CUST_19";"Electric household essentials";8;16;124.0;"2024-04-28"
2894776;"CUST_14";"Electric household essentials";3;37;109.5;"2023-07-05"
2894843;"CUST_05";"Food";3;23;69.0;"2022-06-06"
2894999;"CUST_14";"Beverages";9;29;261.0;"2023-07-08"
2895034;"CUST_23";"Computers and electric accessories";1;25;24.5;"2024-11-08"
2895330;"CUST_23";"Patisserie";10;25;245.0;"2022-07-12"
2895452;"CUST_03";"Computers and electric accessories";3;16;46.5;"2022-03-09"
2895764;"CUST_11";"Milk Products";9;14;126.0;"2024-07-05"
2895936;"CUST_12";"Milk Products";6;10;57.0;"2024-12-16"
2896400;"CUST_12";"Beverages";8;35;280.0;"2024-04-13"
2896903;"CUST_15";"Beverages";10;32;320.0;"2022-03-29"
2897310;"CUST_19";"Butchers";9;29;261.0;"2023-06-25"
2897677;"CUST_20";"Computers and electric accessories";8;16;124.0;"2022-12-16"
2897744;"CUST_07";"Butchers";9;23;207.0;"2022-12-30"
2898737;"CUST_11";"Computers and electric accessories";7;37;255.5;"2024-06-08"
2899427;"CUST_14";"Butchers";1;20;20.0;"2023-04-01"
2899586;"CUST_08";"Patisserie";3;19;55.5;"2023-04-26"
2900282;"CUST_19";"Furniture";10;14;140.0;"2023-04-04"
2900952;"CUST_20";"Computers and electric accessories";3;28;82.5;"2023-10-31"
2901672;"CUST_23";"Milk Products";0;0;0.0;"2024-06-01"
2902480;"CUST_18";"Food";6;41;246.0;"2023-01-02"
2904039;"CUST_22";"Butchers";4;38;152.0;"2023-08-11"
2904791;"CUST_13";"Patisserie";4;10;38.0;"2023-06-01"
2905292;"CUST_21";"Beverages";1;41;41.0;"2023-12-20"
2906236;"CUST_14";"Patisserie";5;34;167.5;"2023-11-25"
2907353;"CUST_09";"Butchers";7;32;224.0;"2023-03-14"
2908355;"CUST_16";"Milk Products";7;23;161.0;"2022-10-23"
2909351;"CUST_11";"Milk Products";0;0;0.0;"2024-08-14"
2910275;"CUST_03";"Computers and electric accessories";5;29;145.0;"2022-01-22"
2910590;"CUST_09";"Patisserie";1;29;29.0;"2023-12-17"
2910621;"CUST_02";"Beverages";10;19;185.0;"2023-03-05"
2910944;"CUST_24";"Patisserie";0;0;0.0;"2022-12-21"
2911524;"CUST_20";"Patisserie";7;26;182.0;"2024-04-22"
2911719;"CUST_02";"Computers and electric accessories";4;14;56.0;"2024-06-06"
2912144;"CUST_06";"Electric household essentials";0;0;0.0;"2023-12-21"
2912284;"CUST_10";"Butchers";10;38;380.0;"2023-06-26"
2912595;"CUST_11";"Computers and electric accessories";4;22;86.0;"2022-10-17"
2912976;"CUST_07";"Beverages";3;7;19.5;"2024-04-05"
2913235;"CUST_06";"Milk Products";3;20;60.0;"2023-03-04"
2913442;"CUST_05";"Butchers";0;0;0.0;"2023-12-05"
2913551;"CUST_25";"Computers and electric accessories";3;22;64.5;"2022-04-30"
2914395;"CUST_19";"Computers and electric accessories";2;13;25.0;"2022-12-26"
2916979;"CUST_09";"Furniture";10;35;350.0;"2024-04-04"
2917453;"CUST_18";"Milk Products";8;13;100.0;"2022-01-14"
2917554;"CUST_22";"Butchers";5;26;130.0;"2023-08-05"
2918886;"CUST_07";"Electric household essentials";1;23;23.0;"2022-07-11"
2919179;"CUST_23";"Patisserie";7;5;35.0;"2022-11-22"
2920931;"CUST_15";"Butchers";1;8;8.0;"2022-08-18"
2924230;"CUST_12";"Patisserie";4;20;80.0;"2022-09-14"
2924284;"CUST_08";"Beverages";10;29;290.0;"2024-08-01"
2926098;"CUST_10";"Food";10;14;140.0;"2024-11-07"
2929086;"CUST_25";"Butchers";5;41;205.0;"2022-11-05"
2929525;"CUST_09";"Computers and electric accessories";9;28;247.5;"2023-06-16"
2930468;"CUST_05";"Computers and electric accessories";3;34;100.5;"2022-01-26"
2930732;"CUST_04";"Beverages";8;17;136.0;"2022-12-12"
2931826;"CUST_23";"Butchers";0;0;0.0;"2023-02-13"
2933401;"CUST_10";"Electric household essentials";5;10;47.5;"2023-09-05"
2934230;"CUST_10";"Food";8;20;160.0;"2024-01-20"
2935001;"CUST_25";"Electric household essentials";7;41;287.0;"2024-11-12"
2937151;"CUST_06";"Furniture";6;22;129.0;"2024-05-24"
2937307;"CUST_15";"Patisserie";6;25;147.0;"2025-01-06"
2939458;"CUST_03";"Butchers";1;23;23.0;"2023-04-25"
2940196;"CUST_10";"Milk Products";4;29;116.0;"2022-12-02"
2940238;"CUST_16";"Electric household essentials";2;7;13.0;"2022-07-28"
2940482;"CUST_11";"Computers and electric accessories";5;32;160.0;"2024-08-21"
2940500;"CUST_06";"Computers and electric accessories";1;41;41.0;"2024-11-05"
2941903;"CUST_14";"Furniture";3;14;42.0;"2022-09-27"
2942406;"CUST_21";"Patisserie";5;5;25.0;"2022-02-26"
2943718;"CUST_24";"Food";1;20;20.0;"2023-02-24"
2944437;"CUST_15";"Beverages";5;16;77.5;"2023-01-13"
2944457;"CUST_19";"Electric household essentials";7;25;171.5;"2022-08-17"
2945851;"CUST_10";"Patisserie";9;41;369.0;"2023-03-14"
2946597;"CUST_15";"Computers and electric accessories";0;0;0.0;"2022-02-11"
2947270;"CUST_12";"Furniture";3;11;33.0;"2022-12-12"
2948772;"CUST_17";"Furniture";5;26;130.0;"2023-04-22"
2948826;"CUST_05";"Electric household essentials";7;26;182.0;"2024-09-16"
2949356;"CUST_17";"Beverages";8;40;316.0;"2022-08-01"
2951334;"CUST_11";"Milk Products";1;10;9.5;"2024-12-03"
2951536;"CUST_12";"Beverages";6;22;129.0;"2022-10-21"
2951623;"CUST_25";"Milk Products";8;5;40.0;"2024-01-17"
2952993;"CUST_08";"Beverages";1;13;12.5;"2024-11-20"
2953434;"CUST_25";"Furniture";10;41;410.0;"2023-08-10"
2953972;"CUST_15";"Electric household essentials";2;23;46.0;"2024-01-27"
2954304;"CUST_25";"Electric household essentials";2;22;43.0;"2024-11-14"
2955038;"CUST_19";"Food";6;34;201.0;"2023-06-18"
2956326;"CUST_09";"Computers and electric accessories";7;14;98.0;"2024-03-25"
2957368;"CUST_23";"Butchers";2;38;76.0;"2022-01-16"
2959732;"CUST_14";"Butchers";2;38;76.0;"2022-02-12"
2961224;"CUST_10";"Butchers";3;41;123.0;"2022-10-26"
2961597;"CUST_23";"Beverages";10;38;380.0;"2024-04-02"
2963897;"CUST_24";"Furniture";8;28;220.0;"2023-06-12"
2964837;"CUST_03";"Beverages";10;32;320.0;"2025-01-02"
2966161;"CUST_17";"Electric household essentials";9;41;369.0;"2024-01-18"
2966557;"CUST_17";"Furniture";4;7;26.0;"2023-09-23"
2968374;"CUST_02";"Computers and electric accessories";10;8;80.0;"2023-06-26"
2968416;"CUST_17";"Food";0;0;0.0;"2022-04-13"
2968785;"CUST_23";"Patisserie";8;16;124.0;"2022-08-10"
2969024;"CUST_14";"Electric household essentials";3;31;91.5;"2022-01-19"
2971712;"CUST_06";"Butchers";10;7;65.0;"2024-02-18"
2971834;"CUST_11";"Butchers";10;41;410.0;"2022-08-29"
2972823;"CUST_20";"Electric household essentials";4;35;140.0;"2024-08-22"
2973712;"CUST_01";"Furniture";5;5;25.0;"2024-08-23"
2973718;"CUST_16";"Computers and electric accessories";9;25;220.5;"2023-05-28"
2973939;"CUST_17";"Food";3;29;87.0;"2022-09-06"
2975097;"CUST_02";"Butchers";7;37;255.5;"2023-03-12"
2976114;"CUST_10";"Beverages";7;7;45.5;"2022-08-29"
2977393;"CUST_23";"Beverages";1;7;6.5;"2022-06-16"
2979465;"CUST_21";"Electric household essentials";7;23;161.0;"2024-09-15"
2980967;"CUST_04";"Butchers";5;28;137.5;"2024-10-28"
2982700;"CUST_03";"Computers and electric accessories";8;35;280.0;"2022-10-09"
2983797;"CUST_22";"Patisserie";1;10;9.5;"2022-05-19"
2983912;"CUST_23";"Beverages";5;14;70.0;"2024-06-22"
2984585;"CUST_03";"Milk Products";8;29;232.0;"2023-09-20"
2984723;"CUST_06";"Beverages";2;28;55.0;"2022-06-13"
2985156;"CUST_15";"Furniture";6;13;75.0;"2023-01-30"
2985304;"CUST_19";"Milk Products";1;5;5.0;"2022-02-26"
2985487;"CUST_14";"Food";4;8;32.0;"2022-03-01"
2985819;"CUST_13";"Beverages";9;29;261.0;"2023-09-07"
2986216;"CUST_17";"Electric household essentials";5;19;92.5;"2023-10-19"
2987168;"CUST_17";"Computers and electric accessories";3;14;42.0;"2023-04-07"
2987293;"CUST_08";"Butchers";9;8;72.0;"2023-05-17"
2987709;"CUST_24";"Computers and electric accessories";5;19;92.5;"2024-03-28"
2988794;"CUST_12";"Food";3;34;100.5;"2024-11-11"
2991066;"CUST_07";"Furniture";6;19;111.0;"2023-08-23"
2991101;"CUST_18";"Electric household essentials";3;22;64.5;"2023-09-09"
2991582;"CUST_13";"Furniture";6;10;57.0;"2023-02-28"
2991837;"CUST_22";"Beverages";7;16;108.5;"2024-05-31"
2992398;"CUST_23";"Milk Products";1;23;23.0;"2023-09-13"
2992467;"CUST_22";"Electric household essentials";7;29;203.0;"2024-12-27"
2992974;"CUST_02";"Butchers";2;26;52.0;"2024-03-19"
2993263;"CUST_14";"Computers and electric accessories";4;25;98.0;"2024-04-17"
2994824;"CUST_16";"Patisserie";3;23;69.0;"2023-12-13"
2995331;"CUST_20";"Milk Products";9;14;126.0;"2022-09-25"
2995389;"CUST_20";"Computers and electric accessories";0;0;0.0;"2022-11-28"
2995848;"CUST_21";"Electric household essentials";1;10;9.5;"2022-06-25"
2996741;"CUST_16";"Beverages";3;7;19.5;"2022-08-08"
2997457;"CUST_02";"Beverages";0;0;0.0;"2023-07-04"
2997461;"CUST_05";"Electric household essentials";8;16;124.0;"2023-09-18"
2997948;"CUST_15";"Beverages";4;37;146.0;"2022-11-16"
2997969;"CUST_22";"Computers and electric accessories";2;29;58.0;"2023-07-17"
2999995;"CUST_19";"Milk Products";10;28;275.0;"2024-06-18"
3001024;"CUST_16";"Milk Products";3;8;24.0;"2022-07-04"
3001816;"CUST_03";"Butchers";7;5;35.0;"2024-06-11"
3003224;"CUST_24";"Food";9;17;153.0;"2024-05-29"
3003679;"CUST_01";"Beverages";10;16;155.0;"2022-09-23"
3005655;"CUST_01";"Beverages";7;26;182.0;"2023-07-23"
3005788;"CUST_10";"Computers and electric accessories";10;38;380.0;"2024-05-01"
3006943;"CUST_10";"Butchers";3;11;33.0;"2023-07-17"
3007648;"CUST_12";"Patisserie";8;14;112.0;"2022-02-18"
3008761;"CUST_15";"Patisserie";8;5;40.0;"2023-08-10"
3008793;"CUST_04";"Electric household essentials";2;11;22.0;"2024-06-24"
3009822;"CUST_20";"Patisserie";5;20;100.0;"2024-05-07"
3009967;"CUST_09";"Milk Products";3;8;24.0;"2024-12-25"
3010762;"CUST_24";"Furniture";2;5;10.0;"2023-07-14"
3012172;"CUST_04";"Computers and electric accessories";5;26;130.0;"2023-02-09"
3013542;"CUST_06";"Computers and electric accessories";6;32;192.0;"2022-12-10"
3017691;"CUST_14";"Patisserie";0;0;0.0;"2022-10-14"
3017727;"CUST_11";"Computers and electric accessories";8;23;184.0;"2022-06-02"
3018500;"CUST_11";"Food";6;11;66.0;"2023-05-24"
3019755;"CUST_05";"Computers and electric accessories";2;37;73.0;"2022-05-01"
3019783;"CUST_16";"Electric household essentials";4;7;26.0;"2024-02-16"
3019852;"CUST_24";"Food";4;34;134.0;"2024-10-19"
3019913;"CUST_18";"Milk Products";10;13;125.0;"2024-02-16"
3020241;"CUST_23";"Electric household essentials";5;29;145.0;"2024-11-21"
3020816;"CUST_05";"Butchers";3;38;114.0;"2024-08-10"
3022586;"CUST_24";"Butchers";0;0;0.0;"2024-08-13"
3023847;"CUST_12";"Milk Products";1;5;5.0;"2022-04-04"
3023874;"CUST_03";"Patisserie";1;7;6.5;"2024-04-24"
3023899;"CUST_14";"Furniture";8;11;88.0;"2024-12-30"
3024691;"CUST_25";"Electric household essentials";4;35;140.0;"2024-02-14"
3025023;"CUST_23";"Butchers";6;5;30.0;"2023-04-13"
3026219;"CUST_02";"Electric household essentials";4;31;122.0;"2023-08-18"
3026600;"CUST_14";"Furniture";4;14;56.0;"2022-11-03"
3030052;"CUST_13";"Food";2;40;79.0;"2022-02-06"
3030324;"CUST_04";"Patisserie";3;7;19.5;"2024-08-18"
3030371;"CUST_13";"Patisserie";7;29;203.0;"2023-08-10"
3031477;"CUST_18";"Butchers";8;32;256.0;"2025-01-03"
3031828;"CUST_07";"Furniture";3;8;24.0;"2025-01-02"
3031995;"CUST_20";"Beverages";8;10;76.0;"2024-05-25"
3032195;"CUST_07";"Beverages";6;7;39.0;"2022-02-14"
3032775;"CUST_07";"Computers and electric accessories";4;8;32.0;"2022-05-14"
3033421;"CUST_20";"Electric household essentials";10;31;305.0;"2024-03-15"
3033931;"CUST_09";"Milk Products";1;13;12.5;"2023-08-17"
3033960;"CUST_24";"Butchers";5;29;145.0;"2024-03-07"
3035546;"CUST_19";"Beverages";2;25;49.0;"2023-07-12"
3035757;"CUST_07";"Milk Products";4;8;32.0;"2023-05-16"
3036246;"CUST_24";"Food";1;35;35.0;"2023-04-30"
3036586;"CUST_19";"Butchers";6;34;201.0;"2022-10-21"
3036860;"CUST_08";"Electric household essentials";8;37;292.0;"2024-04-24"
3037819;"CUST_23";"Electric household essentials";2;14;28.0;"2024-09-29"
3038270;"CUST_18";"Milk Products";10;7;65.0;"2023-09-24"
3040201;"CUST_21";"Beverages";5;40;197.5;"2024-07-28"
3040482;"CUST_06";"Butchers";10;31;305.0;"2024-11-15"
3042204;"CUST_16";"Patisserie";5;22;107.5;"2023-05-14"
3042689;"CUST_01";"Furniture";3;14;42.0;"2024-05-16"
3043096;"CUST_02";"Milk Products";8;38;304.0;"2024-09-29"
3043873;"CUST_16";"Food";9;10;85.5;"2023-06-14"
3044059;"CUST_15";"Butchers";6;28;165.0;"2024-02-03"
3044362;"CUST_01";"Computers and electric accessories";2;11;22.0;"2023-12-11"
3044686;"CUST_07";"Electric household essentials";3;7;19.5;"2022-09-16"
3046542;"CUST_03";"Furniture";7;40;276.5;"2024-04-09"
3047170;"CUST_15";"Furniture";0;0;0.0;"2025-01-16"
3047391;"CUST_20";"Beverages";7;25;171.5;"2024-01-07"
3047486;"CUST_20";"Milk Products";3;14;42.0;"2025-01-13"
3048452;"CUST_12";"Food";8;25;196.0;"2024-11-22"
3049823;"CUST_02";"Butchers";6;10;57.0;"2022-09-16"
3050595;"CUST_11";"Food";5;20;100.0;"2024-12-09"
3051299;"CUST_20";"Food";10;25;245.0;"2025-01-11"
3051611;"CUST_10";"Patisserie";6;29;174.0;"2022-02-21"
3053284;"CUST_05";"Butchers";1;14;14.0;"2024-05-13"
3053471;"CUST_16";"Beverages";0;0;0.0;"2024-06-09"
3053530;"CUST_12";"Electric household essentials";5;41;205.0;"2022-11-05"
3054311;"CUST_03";"Food";7;35;245.0;"2023-01-15"
3054684;"CUST_06";"Furniture";8;35;280.0;"2024-12-30"
3055303;"CUST_23";"Food";1;37;36.5;"2022-06-30"
3056004;"CUST_22";"Butchers";5;29;145.0;"2022-11-30"
3056063;"CUST_19";"Milk Products";9;29;261.0;"2023-12-06"
3056537;"CUST_05";"Computers and electric accessories";3;34;100.5;"2024-08-06"
3056691;"CUST_22";"Food";5;7;32.5;"2022-10-08"
3057167;"CUST_13";"Food";5;22;107.5;"2024-09-17"
3061840;"CUST_06";"Electric household essentials";5;25;122.5;"2024-09-12"
3064702;"CUST_02";"Patisserie";8;22;172.0;"2022-01-17"
3066141;"CUST_21";"Furniture";10;20;200.0;"2024-01-20"
3066628;"CUST_07";"Beverages";10;35;350.0;"2023-12-31"
3066671;"CUST_07";"Furniture";5;37;182.5;"2023-08-05"
3067659;"CUST_06";"Food";3;19;55.5;"2022-02-10"
3067798;"CUST_01";"Furniture";7;38;266.0;"2024-09-02"
3068745;"CUST_23";"Butchers";4;28;110.0;"2023-01-14"
3068888;"CUST_05";"Beverages";2;34;67.0;"2024-03-01"
3070107;"CUST_08";"Patisserie";10;10;95.0;"2024-03-14"
3070207;"CUST_22";"Beverages";10;16;155.0;"2022-09-06"
3070264;"CUST_18";"Electric household essentials";1;10;9.5;"2024-11-27"
3070750;"CUST_06";"Butchers";3;38;114.0;"2022-11-13"
3071038;"CUST_14";"Patisserie";9;17;153.0;"2022-12-16"
3071219;"CUST_07";"Computers and electric accessories";0;0;0.0;"2024-10-28"
3071763;"CUST_02";"Computers and electric accessories";1;26;26.0;"2023-09-07"
3072387;"CUST_25";"Furniture";9;20;180.0;"2023-11-08"
3073415;"CUST_24";"Beverages";4;5;20.0;"2022-07-31"
3074632;"CUST_12";"Beverages";3;7;19.5;"2024-03-13"
3076324;"CUST_07";"Patisserie";2;29;58.0;"2023-06-12"
3076458;"CUST_11";"Electric household essentials";1;5;5.0;"2024-12-04"
3077115;"CUST_10";"Furniture";0;0;0.0;"2024-07-10"
3077868;"CUST_02";"Milk Products";1;25;24.5;"2022-09-22"
3079892;"CUST_03";"Food";8;22;172.0;"2022-08-01"
3080253;"CUST_23";"Butchers";4;23;92.0;"2023-03-14"
3081988;"CUST_16";"Beverages";2;10;19.0;"2024-06-08"
3082732;"CUST_17";"Electric household essentials";5;38;190.0;"2024-06-20"
3085712;"CUST_05";"Furniture";6;34;201.0;"2023-04-21"
3087080;"CUST_23";"Computers and electric accessories";7;32;224.0;"2022-04-23"
3087440;"CUST_10";"Milk Products";7;29;203.0;"2024-06-11"
3087649;"CUST_09";"Butchers";5;8;40.0;"2022-09-18"
3087686;"CUST_18";"Butchers";5;38;190.0;"2023-04-30"
3088090;"CUST_18";"Furniture";1;16;15.5;"2024-01-14"
3088437;"CUST_11";"Butchers";8;37;292.0;"2024-10-19"
3088457;"CUST_16";"Patisserie";8;20;160.0;"2023-04-27"
3088798;"CUST_08";"Beverages";3;25;73.5;"2022-07-21"
3089083;"CUST_17";"Food";7;22;150.5;"2024-07-04"
3089213;"CUST_02";"Food";3;35;105.0;"2023-07-05"
3089375;"CUST_17";"Food";4;29;116.0;"2022-09-05"
3091025;"CUST_23";"Electric household essentials";6;29;174.0;"2024-05-07"
3091416;"CUST_13";"Beverages";7;14;98.0;"2022-09-19"
3092030;"CUST_05";"Food";7;29;203.0;"2024-07-18"
3093251;"CUST_06";"Furniture";5;13;62.5;"2024-03-03"
3095861;"CUST_23";"Patisserie";2;37;73.0;"2024-08-21"
3096445;"CUST_17";"Computers and electric accessories";0;0;0.0;"2024-06-25"
3096679;"CUST_20";"Beverages";0;0;0.0;"2022-09-17"
3096751;"CUST_20";"Butchers";3;41;123.0;"2023-03-09"
3097234;"CUST_16";"Computers and electric accessories";6;37;219.0;"2023-01-14"
3100291;"CUST_10";"Computers and electric accessories";8;26;208.0;"2023-06-16"
3101171;"CUST_09";"Patisserie";9;25;220.5;"2023-04-04"
3101287;"CUST_10";"Milk Products";3;20;60.0;"2022-10-01"
3103409;"CUST_16";"Milk Products";2;13;25.0;"2022-12-28"
3104119;"CUST_19";"Furniture";2;10;19.0;"2022-04-19"
3106778;"CUST_17";"Food";1;26;26.0;"2024-09-06"
3107156;"CUST_02";"Computers and electric accessories";8;40;316.0;"2024-12-23"
3108062;"CUST_19";"Butchers";8;16;124.0;"2024-07-27"
3108791;"CUST_06";"Furniture";10;26;260.0;"2022-02-13"
3108828;"CUST_01";"Food";1;11;11.0;"2024-09-29"
3109843;"CUST_15";"Electric household essentials";4;5;20.0;"2022-10-17"
3110652;"CUST_07";"Food";8;11;88.0;"2023-03-08"
3111666;"CUST_08";"Patisserie";8;14;112.0;"2023-01-12"
3111915;"CUST_08";"Milk Products";8;7;52.0;"2023-03-04"
3113059;"CUST_13";"Computers and electric accessories";2;37;73.0;"2022-06-29"
3113419;"CUST_08";"Food";3;34;100.5;"2024-02-25"
3113686;"CUST_06";"Electric household essentials";10;35;350.0;"2022-01-01"
3115030;"CUST_20";"Furniture";6;38;228.0;"2024-06-11"
3119039;"CUST_13";"Furniture";5;5;25.0;"2024-07-13"
3119083;"CUST_23";"Computers and electric accessories";10;17;170.0;"2023-08-02"
3119110;"CUST_22";"Food";8;11;88.0;"2024-04-30"
3119913;"CUST_16";"Butchers";5;41;205.0;"2024-08-16"
3120139;"CUST_23";"Food";6;10;57.0;"2024-02-11"
3122188;"CUST_24";"Food";0;0;0.0;"2023-02-25"
3122232;"CUST_03";"Milk Products";2;13;25.0;"2022-06-24"
3122781;"CUST_09";"Butchers";7;16;108.5;"2023-07-21"
3122819;"CUST_05";"Electric household essentials";6;40;237.0;"2023-05-04"
3123571;"CUST_15";"Furniture";3;38;114.0;"2022-08-07"
3125291;"CUST_14";"Computers and electric accessories";9;11;99.0;"2023-11-01"
3125910;"CUST_09";"Computers and electric accessories";9;38;342.0;"2022-02-08"
3125965;"CUST_04";"Beverages";3;16;46.5;"2022-08-16"
3126774;"CUST_05";"Electric household essentials";5;22;107.5;"2022-09-24"
3129688;"CUST_10";"Patisserie";3;20;60.0;"2023-12-14"
3129751;"CUST_17";"Electric household essentials";4;19;74.0;"2023-04-08"
3130278;"CUST_01";"Computers and electric accessories";8;38;304.0;"2022-12-23"
3131758;"CUST_19";"Computers and electric accessories";1;32;32.0;"2024-03-25"
3133019;"CUST_21";"Furniture";9;16;139.5;"2024-01-01"
3133105;"CUST_13";"Electric household essentials";4;17;68.0;"2022-03-05"
3134220;"CUST_04";"Beverages";7;40;276.5;"2022-05-28"
3134697;"CUST_03";"Food";2;19;37.0;"2024-03-16"
3134753;"CUST_04";"Milk Products";8;14;112.0;"2022-03-08"
3135262;"CUST_02";"Patisserie";4;16;62.0;"2023-03-26"
3135312;"CUST_11";"Electric household essentials";10;28;275.0;"2022-09-27"
3135491;"CUST_18";"Milk Products";7;38;266.0;"2022-03-16"
3137292;"CUST_11";"Furniture";7;11;77.0;"2023-01-16"
3138109;"CUST_23";"Butchers";10;13;125.0;"2024-03-08"
3138269;"CUST_19";"Furniture";3;14;42.0;"2022-09-17"
3138920;"CUST_20";"Food";2;23;46.0;"2023-05-22"
3139209;"CUST_22";"Electric household essentials";6;20;120.0;"2022-01-21"
3140238;"CUST_14";"Butchers";1;16;15.5;"2024-08-12"
3141947;"CUST_14";"Food";7;29;203.0;"2022-08-10"
3142066;"CUST_24";"Electric household essentials";10;41;410.0;"2024-07-17"
3143689;"CUST_25";"Food";8;29;232.0;"2024-07-25"
3144117;"CUST_12";"Food";6;19;111.0;"2023-02-24"
3144181;"CUST_13";"Food";3;8;24.0;"2022-11-25"
3145344;"CUST_19";"Milk Products";1;28;27.5;"2023-07-20"
3145941;"CUST_11";"Milk Products";4;8;32.0;"2024-06-05"
3146325;"CUST_13";"Beverages";10;35;350.0;"2024-10-07"
3147080;"CUST_22";"Butchers";7;13;87.5;"2024-12-11"
3147709;"CUST_04";"Butchers";1;7;6.5;"2025-01-05"
3147712;"CUST_23";"Patisserie";9;25;220.5;"2022-05-28"
3148275;"CUST_10";"Food";7;38;266.0;"2022-12-10"
3149006;"CUST_08";"Milk Products";0;0;0.0;"2024-05-19"
3149790;"CUST_12";"Butchers";7;34;234.5;"2025-01-11"
3150131;"CUST_02";"Butchers";2;5;10.0;"2022-02-11"
3151420;"CUST_10";"Electric household essentials";4;13;50.0;"2022-06-23"
3151678;"CUST_16";"Beverages";4;35;140.0;"2024-01-01"
3152478;"CUST_04";"Food";9;25;220.5;"2023-11-09"
3152731;"CUST_13";"Food";4;34;134.0;"2024-07-11"
3152795;"CUST_10";"Milk Products";6;35;210.0;"2023-08-14"
3155102;"CUST_17";"Computers and electric accessories";9;41;369.0;"2024-03-19"
3155343;"CUST_18";"Furniture";9;20;180.0;"2023-07-13"
3157153;"CUST_18";"Beverages";5;28;137.5;"2022-12-01"
3157398;"CUST_23";"Butchers";1;38;38.0;"2024-12-06"
3157841;"CUST_14";"Milk Products";6;14;84.0;"2023-02-22"
3158202;"CUST_06";"Furniture";3;34;100.5;"2024-01-21"
3158395;"CUST_25";"Electric household essentials";1;26;26.0;"2023-10-10"
3158542;"CUST_24";"Beverages";1;34;33.5;"2024-09-24"
3159241;"CUST_10";"Electric household essentials";6;28;165.0;"2022-06-13"
3161464;"CUST_02";"Butchers";0;0;0.0;"2022-06-02"
3162017;"CUST_04";"Butchers";2;29;58.0;"2022-04-10"
3162108;"CUST_08";"Food";3;10;28.5;"2024-04-21"
3163611;"CUST_25";"Computers and electric accessories";8;37;292.0;"2023-12-30"
3163776;"CUST_11";"Butchers";2;22;43.0;"2022-01-08"
3166640;"CUST_12";"Computers and electric accessories";4;34;134.0;"2024-02-10"
3168019;"CUST_08";"Beverages";9;34;301.5;"2022-06-17"
3168114;"CUST_21";"Butchers";9;13;112.5;"2024-06-13"
3168813;"CUST_09";"Food";7;35;245.0;"2023-06-16"
3169757;"CUST_11";"Beverages";7;32;224.0;"2024-04-04"
3170394;"CUST_15";"Food";1;23;23.0;"2024-08-14"
3171192;"CUST_13";"Food";0;0;0.0;"2024-01-22"
3171599;"CUST_06";"Patisserie";9;22;193.5;"2023-06-02"
3171724;"CUST_18";"Patisserie";0;0;0.0;"2023-05-07"
3173361;"CUST_08";"Furniture";9;25;220.5;"2022-04-24"
3174034;"CUST_10";"Milk Products";10;14;140.0;"2022-08-11"
3175015;"CUST_04";"Butchers";3;41;123.0;"2024-06-10"
3175190;"CUST_06";"Milk Products";7;37;255.5;"2022-03-16"
3175369;"CUST_01";"Butchers";3;17;51.0;"2022-04-05"
3178675;"CUST_14";"Furniture";6;11;66.0;"2024-02-25"
3178975;"CUST_16";"Food";9;8;72.0;"2024-04-08"
3180157;"CUST_17";"Beverages";3;8;24.0;"2022-04-13"
3180537;"CUST_20";"Computers and electric accessories";4;7;26.0;"2022-04-06"
3184534;"CUST_21";"Food";5;20;100.0;"2022-02-20"
3184832;"CUST_06";"Electric household essentials";2;20;40.0;"2022-02-08"
3185079;"CUST_18";"Beverages";9;14;126.0;"2022-07-16"
3185475;"CUST_10";"Furniture";9;11;99.0;"2023-05-17"
3185633;"CUST_13";"Beverages";1;22;21.5;"2024-04-13"
3185939;"CUST_03";"Butchers";10;28;275.0;"2022-09-24"
3187729;"CUST_18";"Electric household essentials";9;41;369.0;"2024-06-25"
3188922;"CUST_08";"Milk Products";5;40;197.5;"2023-05-31"
3191741;"CUST_01";"Patisserie";9;26;234.0;"2024-11-17"
3192013;"CUST_01";"Beverages";9;35;315.0;"2022-02-13"
3192449;"CUST_02";"Butchers";10;31;305.0;"2024-07-20"
3192489;"CUST_02";"Beverages";7;7;45.5;"2022-10-09"
3194608;"CUST_09";"Milk Products";1;38;38.0;"2022-02-10"
3194714;"CUST_03";"Computers and electric accessories";2;7;13.0;"2023-02-14"
3194759;"CUST_10";"Beverages";10;29;290.0;"2024-07-18"
3195565;"CUST_13";"Food";8;17;136.0;"2022-04-08"
3195860;"CUST_17";"Milk Products";1;37;36.5;"2022-08-05"
3195958;"CUST_15";"Beverages";4;5;20.0;"2024-03-08"
3197907;"CUST_25";"Patisserie";6;32;192.0;"2024-02-09"
3198892;"CUST_05";"Electric household essentials";3;13;37.5;"2024-08-11"
3199773;"CUST_18";"Beverages";6;10;57.0;"2024-12-07"
3201198;"CUST_21";"Patisserie";2;22;43.0;"2024-09-09"
3201354;"CUST_13";"Patisserie";3;34;100.5;"2023-01-23"
3201646;"CUST_18";"Furniture";3;37;109.5;"2023-10-05"
3201793;"CUST_20";"Furniture";5;32;160.0;"2023-01-25"
3202495;"CUST_08";"Beverages";10;14;140.0;"2024-08-15"
3202645;"CUST_12";"Computers and electric accessories";9;38;342.0;"2022-09-25"
3203228;"CUST_09";"Milk Products";1;40;39.5;"2023-01-23"
3203935;"CUST_02";"Computers and electric accessories";6;35;210.0;"2025-01-03"
3203939;"CUST_10";"Beverages";5;35;175.0;"2024-05-15"
3204284;"CUST_23";"Computers and electric accessories";7;25;171.5;"2024-01-07"
3205425;"CUST_07";"Patisserie";5;22;107.5;"2023-08-22"
3206331;"CUST_22";"Beverages";9;26;234.0;"2023-01-04"
3206472;"CUST_23";"Milk Products";7;29;203.0;"2022-08-26"
3206633;"CUST_16";"Computers and electric accessories";2;7;13.0;"2023-10-14"
3206739;"CUST_10";"Electric household essentials";7;22;150.5;"2023-06-21"
3206883;"CUST_12";"Electric household essentials";10;19;185.0;"2024-10-24"
3208232;"CUST_25";"Electric household essentials";4;16;62.0;"2024-01-13"
3209261;"CUST_17";"Computers and electric accessories";6;11;66.0;"2023-01-30"
3212539;"CUST_19";"Beverages";4;31;122.0;"2024-09-05"
3214105;"CUST_23";"Furniture";9;13;112.5;"2024-07-05"
3215453;"CUST_06";"Patisserie";2;40;79.0;"2024-01-30"
3216677;"CUST_17";"Computers and electric accessories";9;20;180.0;"2022-06-21"
3216751;"CUST_17";"Patisserie";10;29;290.0;"2024-03-10"
3217845;"CUST_03";"Electric household essentials";3;38;114.0;"2023-04-08"
3217988;"CUST_25";"Milk Products";1;5;5.0;"2023-04-05"
3218155;"CUST_19";"Electric household essentials";6;5;30.0;"2024-07-17"
3218492;"CUST_03";"Milk Products";4;40;158.0;"2022-01-25"
3219067;"CUST_14";"Milk Products";9;32;288.0;"2022-09-06"
3219471;"CUST_07";"Milk Products";2;20;40.0;"2022-03-26"
3219474;"CUST_10";"Beverages";9;22;193.5;"2024-12-28"
3220505;"CUST_13";"Furniture";10;26;260.0;"2022-10-23"
3222789;"CUST_07";"Electric household essentials";6;29;174.0;"2024-01-08"
3223113;"CUST_15";"Electric household essentials";9;16;139.5;"2024-08-27"
3224114;"CUST_07";"Butchers";2;11;22.0;"2022-05-04"
3224536;"CUST_18";"Milk Products";0;0;0.0;"2022-05-10"
3224940;"CUST_11";"Computers and electric accessories";3;22;64.5;"2024-04-29"
3225013;"CUST_13";"Butchers";6;7;39.0;"2023-07-10"
3226342;"CUST_12";"Milk Products";8;7;52.0;"2024-05-19"
3226549;"CUST_15";"Computers and electric accessories";3;22;64.5;"2022-12-21"
3226837;"CUST_21";"Milk Products";7;13;87.5;"2023-08-20"
3228310;"CUST_18";"Furniture";6;40;237.0;"2023-05-07"
3228673;"CUST_16";"Electric household essentials";8;34;268.0;"2025-01-04"
3228853;"CUST_19";"Milk Products";9;38;342.0;"2023-06-02"
3229559;"CUST_02";"Beverages";9;14;126.0;"2022-12-02"
3231618;"CUST_10";"Food";7;19;129.5;"2022-02-02"
3231808;"CUST_22";"Butchers";9;31;274.5;"2024-02-16"
3233173;"CUST_12";"Butchers";10;23;230.0;"2022-02-15"
3234418;"CUST_09";"Beverages";2;29;58.0;"2024-09-11"
3234903;"CUST_06";"Patisserie";3;40;118.5;"2022-05-18"
3235383;"CUST_15";"Butchers";10;16;155.0;"2023-07-22"
3237512;"CUST_12";"Food";9;22;193.5;"2024-08-12"
3238026;"CUST_24";"Patisserie";4;38;152.0;"2024-06-11"
3238663;"CUST_06";"Butchers";3;16;46.5;"2023-11-29"
3240724;"CUST_24";"Patisserie";10;16;155.0;"2024-02-18"
3240995;"CUST_14";"Butchers";8;19;148.0;"2024-07-06"
3242349;"CUST_03";"Furniture";7;25;171.5;"2022-12-26"
3243042;"CUST_15";"Butchers";10;23;230.0;"2024-12-15"
3243189;"CUST_01";"Milk Products";5;13;62.5;"2022-04-03"
3243252;"CUST_25";"Electric household essentials";1;34;33.5;"2024-02-15"
3244040;"CUST_17";"Patisserie";10;10;95.0;"2024-07-09"
3244419;"CUST_16";"Food";0;0;0.0;"2022-12-12"
3244604;"CUST_09";"Electric household essentials";9;29;261.0;"2022-09-10"
3245407;"CUST_16";"Milk Products";8;8;64.0;"2023-10-05"
3245632;"CUST_10";"Patisserie";6;32;192.0;"2022-02-09"
3245999;"CUST_08";"Furniture";10;35;350.0;"2024-08-08"
3246191;"CUST_22";"Milk Products";6;5;30.0;"2022-02-19"
3246313;"CUST_23";"Patisserie";0;0;0.0;"2024-01-11"
3247249;"CUST_10";"Milk Products";7;40;276.5;"2023-01-13"
3247687;"CUST_15";"Beverages";3;20;60.0;"2023-12-03"
3249079;"CUST_01";"Butchers";5;13;62.5;"2022-01-24"
3249244;"CUST_20";"Food";4;37;146.0;"2022-07-16"
3249934;"CUST_22";"Electric household essentials";8;29;232.0;"2024-06-14"
3251996;"CUST_16";"Computers and electric accessories";4;29;116.0;"2023-01-26"
3253186;"CUST_04";"Milk Products";9;38;342.0;"2022-09-14"
3254399;"CUST_17";"Butchers";5;23;115.0;"2023-09-18"
3254406;"CUST_13";"Butchers";9;8;72.0;"2023-10-23"
3254667;"CUST_19";"Milk Products";4;40;158.0;"2023-02-18"
3255864;"CUST_13";"Patisserie";7;22;150.5;"2022-06-02"
3256316;"CUST_22";"Food";1;29;29.0;"2024-07-10"
3256982;"CUST_09";"Beverages";5;28;137.5;"2022-07-31"
3257938;"CUST_04";"Beverages";10;7;65.0;"2022-06-01"
3259067;"CUST_14";"Milk Products";7;20;140.0;"2024-12-10"
3259197;"CUST_06";"Computers and electric accessories";8;31;244.0;"2022-01-09"
3259882;"CUST_03";"Milk Products";9;29;261.0;"2023-01-18"
3260804;"CUST_14";"Beverages";8;41;328.0;"2024-08-02"
3262173;"CUST_16";"Food";8;22;172.0;"2022-05-06"
3262408;"CUST_09";"Computers and electric accessories";3;34;100.5;"2024-02-17"
3262413;"CUST_07";"Beverages";4;7;26.0;"2024-01-12"
3264150;"CUST_19";"Milk Products";10;10;95.0;"2023-03-24"
3265003;"CUST_11";"Computers and electric accessories";5;19;92.5;"2023-07-17"
3265016;"CUST_02";"Furniture";3;32;96.0;"2024-08-17"
3267850;"CUST_09";"Beverages";7;20;140.0;"2024-10-04"
3268265;"CUST_24";"Food";3;25;73.5;"2023-01-10"
3268417;"CUST_04";"Furniture";9;41;369.0;"2023-07-07"
3268543;"CUST_24";"Computers and electric accessories";5;31;152.5;"2023-08-23"
3268863;"CUST_17";"Butchers";5;28;137.5;"2023-01-03"
3270223;"CUST_08";"Computers and electric accessories";10;7;65.0;"2022-09-14"
3271634;"CUST_25";"Computers and electric accessories";4;26;104.0;"2023-02-26"
3271903;"CUST_25";"Food";3;34;100.5;"2024-03-07"
3272067;"CUST_02";"Milk Products";6;13;75.0;"2022-08-16"
3273812;"CUST_03";"Milk Products";9;28;247.5;"2024-03-28"
3275079;"CUST_05";"Beverages";7;34;234.5;"2022-02-21"
3275375;"CUST_02";"Butchers";8;31;244.0;"2024-07-19"
3275587;"CUST_04";"Computers and electric accessories";5;16;77.5;"2024-03-11"
3276784;"CUST_06";"Beverages";5;16;77.5;"2023-07-30"
3277279;"CUST_15";"Butchers";8;28;220.0;"2023-10-24"
3277547;"CUST_20";"Electric household essentials";3;37;109.5;"2024-05-20"
3277766;"CUST_06";"Furniture";7;5;35.0;"2023-04-23"
3277863;"CUST_17";"Furniture";7;32;224.0;"2022-12-16"
3278532;"CUST_07";"Furniture";9;28;247.5;"2025-01-12"
3278728;"CUST_19";"Food";4;11;44.0;"2023-02-03"
3279700;"CUST_12";"Beverages";5;14;70.0;"2023-08-05"
3280390;"CUST_02";"Electric household essentials";7;41;287.0;"2022-10-21"
3281468;"CUST_22";"Patisserie";1;26;26.0;"2024-06-23"
3281825;"CUST_17";"Beverages";0;0;0.0;"2022-01-29"
3282291;"CUST_09";"Computers and electric accessories";6;41;246.0;"2025-01-02"
3282375;"CUST_05";"Computers and electric accessories";1;11;11.0;"2023-05-16"
3282392;"CUST_24";"Beverages";10;5;50.0;"2023-09-20"
3286135;"CUST_05";"Beverages";8;29;232.0;"2024-09-21"
3286175;"CUST_20";"Furniture";2;29;58.0;"2024-05-14"
3287970;"CUST_13";"Milk Products";3;31;91.5;"2024-03-11"
3289406;"CUST_06";"Food";5;29;145.0;"2023-11-12"
3290344;"CUST_09";"Beverages";3;35;105.0;"2023-11-10"
3290365;"CUST_02";"Food";3;23;69.0;"2023-04-25"
3290440;"CUST_04";"Butchers";8;35;280.0;"2024-09-27"
3290537;"CUST_08";"Computers and electric accessories";8;11;88.0;"2024-08-29"
3292575;"CUST_15";"Furniture";5;28;137.5;"2024-04-15"
3293968;"CUST_19";"Electric household essentials";2;16;31.0;"2022-01-17"
3294760;"CUST_23";"Beverages";7;17;119.0;"2022-02-16"
3294780;"CUST_19";"Patisserie";4;34;134.0;"2022-10-14"
3294951;"CUST_19";"Food";10;11;110.0;"2023-09-15"
3295816;"CUST_08";"Patisserie";8;34;268.0;"2022-10-14"
3297253;"CUST_15";"Electric household essentials";1;38;38.0;"2023-11-20"
3297560;"CUST_03";"Beverages";1;10;9.5;"2025-01-02"
3297916;"CUST_25";"Beverages";1;34;33.5;"2024-06-15"
3298194;"CUST_06";"Furniture";4;40;158.0;"2023-02-10"
3299143;"CUST_11";"Furniture";9;7;58.5;"2024-03-02"
3300014;"CUST_12";"Beverages";3;32;96.0;"2023-04-24"
3300791;"CUST_04";"Butchers";10;28;275.0;"2022-05-17"
3301108;"CUST_19";"Food";4;23;92.0;"2024-12-22"
3301515;"CUST_17";"Electric household essentials";2;16;31.0;"2022-01-10"
3301574;"CUST_11";"Beverages";4;23;92.0;"2022-07-25"
3302248;"CUST_20";"Electric household essentials";3;19;55.5;"2024-01-04"
3303186;"CUST_06";"Food";6;11;66.0;"2022-06-10"
3303315;"CUST_17";"Furniture";10;38;380.0;"2023-11-26"
3303369;"CUST_06";"Computers and electric accessories";4;25;98.0;"2023-06-11"
3303622;"CUST_12";"Butchers";10;22;215.0;"2022-01-31"
3303658;"CUST_13";"Patisserie";6;41;246.0;"2022-10-14"
3304060;"CUST_15";"Food";9;11;99.0;"2023-05-28"
3306261;"CUST_15";"Electric household essentials";0;0;0.0;"2024-03-25"
3307692;"CUST_21";"Furniture";6;41;246.0;"2022-06-27"
3308490;"CUST_15";"Furniture";1;38;38.0;"2024-12-11"
3311484;"CUST_16";"Beverages";3;16;46.5;"2022-08-13"
3311644;"CUST_24";"Computers and electric accessories";0;0;0.0;"2025-01-01"
3311708;"CUST_12";"Patisserie";3;16;46.5;"2022-10-09"
3312414;"CUST_17";"Butchers";7;28;192.5;"2022-04-11"
3314099;"CUST_04";"Food";1;19;18.5;"2023-09-30"
3314427;"CUST_03";"Butchers";3;22;64.5;"2023-09-22"
3314650;"CUST_13";"Electric household essentials";5;10;47.5;"2024-08-06"
3314885;"CUST_23";"Electric household essentials";2;41;82.0;"2024-01-17"
3315463;"CUST_05";"Milk Products";6;23;138.0;"2023-01-10"
3316842;"CUST_03";"Butchers";9;8;72.0;"2022-06-27"
3317321;"CUST_11";"Beverages";10;7;65.0;"2023-10-27"
3317458;"CUST_05";"Milk Products";9;14;126.0;"2022-10-23"
3317764;"CUST_18";"Patisserie";5;16;77.5;"2022-07-31"
3317964;"CUST_25";"Milk Products";2;16;31.0;"2024-07-01"
3319577;"CUST_12";"Food";3;31;91.5;"2024-11-26"
3319640;"CUST_05";"Furniture";10;25;245.0;"2024-12-12"
3320709;"CUST_10";"Electric household essentials";5;13;62.5;"2024-08-02"
3320818;"CUST_06";"Computers and electric accessories";5;26;130.0;"2024-08-14"
3322099;"CUST_17";"Electric household essentials";6;23;138.0;"2023-04-02"
3324893;"CUST_11";"Butchers";9;13;112.5;"2023-03-11"
3324948;"CUST_14";"Furniture";0;0;0.0;"2022-04-25"
3325191;"CUST_22";"Furniture";1;13;12.5;"2023-09-20"
3325627;"CUST_21";"Beverages";3;19;55.5;"2022-02-19"
3327266;"CUST_05";"Computers and electric accessories";5;17;85.0;"2024-12-04"
3327657;"CUST_03";"Computers and electric accessories";6;19;111.0;"2022-11-02"
3328545;"CUST_05";"Beverages";9;34;301.5;"2024-03-22"
3329144;"CUST_23";"Food";3;25;73.5;"2025-01-11"
3330661;"CUST_19";"Butchers";0;0;0.0;"2022-01-09"
3330819;"CUST_21";"Computers and electric accessories";6;7;39.0;"2022-01-19"
3330864;"CUST_05";"Furniture";10;13;125.0;"2023-02-03"
3331644;"CUST_20";"Milk Products";8;28;220.0;"2024-04-27"
3333623;"CUST_15";"Furniture";4;31;122.0;"2022-12-27"
3333627;"CUST_02";"Beverages";9;25;220.5;"2022-04-07"
3333833;"CUST_04";"Food";1;10;9.5;"2024-08-08"
3334456;"CUST_02";"Electric household essentials";4;31;122.0;"2024-10-31"
3334999;"CUST_06";"Food";10;34;335.0;"2023-04-02"
3336876;"CUST_10";"Patisserie";10;23;230.0;"2024-07-25"
3338914;"CUST_16";"Food";10;34;335.0;"2024-05-29"
3339094;"CUST_13";"Milk Products";5;14;70.0;"2022-08-12"
3340219;"CUST_13";"Furniture";4;17;68.0;"2023-05-09"
3341595;"CUST_11";"Computers and electric accessories";10;28;275.0;"2022-08-05"
3342443;"CUST_08";"Butchers";10;41;410.0;"2023-10-03"
3342497;"CUST_18";"Patisserie";4;17;68.0;"2023-07-03"
3342562;"CUST_10";"Butchers";5;38;190.0;"2023-06-11"
3342588;"CUST_04";"Milk Products";3;37;109.5;"2024-11-03"
3344378;"CUST_07";"Patisserie";6;7;39.0;"2024-12-29"
3345761;"CUST_17";"Furniture";6;34;201.0;"2024-09-18"
3346189;"CUST_09";"Milk Products";8;20;160.0;"2024-12-01"
3347015;"CUST_24";"Furniture";7;38;266.0;"2024-08-25"
3347185;"CUST_01";"Butchers";0;0;0.0;"2023-08-07"
3347862;"CUST_02";"Butchers";10;17;170.0;"2022-06-12"
3348274;"CUST_11";"Food";4;34;134.0;"2022-03-24"
3348669;"CUST_09";"Beverages";5;10;47.5;"2022-02-21"
3348963;"CUST_03";"Milk Products";3;16;46.5;"2023-01-31"
3349534;"CUST_20";"Computers and electric accessories";2;38;76.0;"2023-01-05"
3349701;"CUST_02";"Butchers";1;41;41.0;"2024-07-16"
3349848;"CUST_13";"Butchers";1;23;23.0;"2023-06-08"
3349989;"CUST_07";"Milk Products";7;31;213.5;"2023-09-16"
3351830;"CUST_20";"Beverages";9;20;180.0;"2024-05-19"
3352471;"CUST_20";"Furniture";1;11;11.0;"2024-07-01"
3354650;"CUST_21";"Electric household essentials";1;32;32.0;"2024-04-10"
3356979;"CUST_01";"Butchers";7;5;35.0;"2024-12-30"
3357122;"CUST_05";"Butchers";2;37;73.0;"2024-02-19"
3357305;"CUST_01";"Food";7;5;35.0;"2024-11-12"
3358757;"CUST_19";"Butchers";3;22;64.5;"2023-08-27"
3359492;"CUST_17";"Milk Products";0;0;0.0;"2024-11-05"
3360543;"CUST_02";"Food";9;16;139.5;"2024-07-06"
3361053;"CUST_19";"Furniture";9;13;112.5;"2024-06-29"
3362535;"CUST_21";"Furniture";1;20;20.0;"2024-02-03"
3362687;"CUST_11";"Patisserie";9;37;328.5;"2022-11-26"
3363826;"CUST_20";"Computers and electric accessories";4;35;140.0;"2024-06-16"
3364617;"CUST_22";"Furniture";2;20;40.0;"2024-05-06"
3364809;"CUST_16";"Patisserie";2;37;73.0;"2022-11-01"
3365345;"CUST_12";"Electric household essentials";2;41;82.0;"2024-02-04"
3366166;"CUST_15";"Milk Products";3;37;109.5;"2023-12-01"
3366759;"CUST_06";"Beverages";4;25;98.0;"2022-05-31"
3367358;"CUST_25";"Butchers";1;35;35.0;"2024-08-25"
3368057;"CUST_04";"Beverages";4;25;98.0;"2022-04-23"
3368345;"CUST_25";"Furniture";0;0;0.0;"2022-10-03"
3368961;"CUST_10";"Computers and electric accessories";10;34;335.0;"2022-01-16"
3369620;"CUST_20";"Computers and electric accessories";5;20;100.0;"2024-10-01"
3369728;"CUST_18";"Beverages";7;7;45.5;"2022-08-20"
3370472;"CUST_12";"Furniture";9;40;355.5;"2024-03-08"
3372645;"CUST_02";"Beverages";10;22;215.0;"2022-05-01"
3373651;"CUST_08";"Patisserie";10;29;290.0;"2022-01-21"
3375368;"CUST_12";"Milk Products";1;20;20.0;"2022-04-08"
3376746;"CUST_07";"Butchers";6;10;57.0;"2023-09-10"
3377448;"CUST_21";"Electric household essentials";9;17;153.0;"2024-04-08"
3377748;"CUST_16";"Electric household essentials";4;16;62.0;"2023-07-02"
3379869;"CUST_16";"Beverages";3;38;114.0;"2023-07-12"
3379956;"CUST_15";"Computers and electric accessories";0;0;0.0;"2022-02-15"
3380295;"CUST_08";"Beverages";5;13;62.5;"2023-02-08"
3380676;"CUST_04";"Electric household essentials";9;29;261.0;"2022-08-18"
3381866;"CUST_16";"Beverages";8;34;268.0;"2024-09-07"
3382647;"CUST_07";"Furniture";8;38;304.0;"2023-12-12"
3384109;"CUST_10";"Patisserie";2;13;25.0;"2022-09-30"
3384376;"CUST_22";"Milk Products";2;38;76.0;"2024-02-22"
3384705;"CUST_17";"Computers and electric accessories";0;0;0.0;"2023-10-05"
3384905;"CUST_19";"Beverages";2;16;31.0;"2023-12-28"
3385100;"CUST_12";"Beverages";10;40;395.0;"2022-10-29"
3385280;"CUST_10";"Milk Products";2;7;13.0;"2022-10-31"
3387043;"CUST_16";"Computers and electric accessories";5;13;62.5;"2023-08-05"
3388920;"CUST_04";"Patisserie";4;5;20.0;"2022-12-25"
3389252;"CUST_18";"Milk Products";5;14;70.0;"2022-10-26"
3389691;"CUST_03";"Patisserie";2;19;37.0;"2023-10-15"
3391475;"CUST_10";"Beverages";1;25;24.5;"2024-05-01"
3392405;"CUST_20";"Patisserie";3;22;64.5;"2024-10-03"
3392533;"CUST_17";"Butchers";4;8;32.0;"2024-07-01"
3393629;"CUST_06";"Food";3;10;28.5;"2023-06-24"
3394031;"CUST_04";"Milk Products";2;23;46.0;"2023-11-07"
3394201;"CUST_17";"Computers and electric accessories";8;32;256.0;"2024-11-04"
3394209;"CUST_07";"Furniture";3;16;46.5;"2024-07-09"
3394998;"CUST_18";"Beverages";5;16;77.5;"2024-11-09"
3395055;"CUST_22";"Food";7;19;129.5;"2022-04-13"
3395288;"CUST_21";"Butchers";10;8;80.0;"2022-05-19"
3396013;"CUST_15";"Butchers";2;29;58.0;"2022-08-24"
3396169;"CUST_25";"Patisserie";9;22;193.5;"2024-01-22"
3396886;"CUST_12";"Milk Products";4;28;110.0;"2022-01-18"
3398355;"CUST_02";"Food";2;25;49.0;"2023-06-11"
3402387;"CUST_22";"Food";3;10;28.5;"2023-11-30"
3403695;"CUST_25";"Beverages";8;38;304.0;"2024-09-27"
3404023;"CUST_04";"Electric household essentials";4;38;152.0;"2022-08-08"
3404090;"CUST_08";"Butchers";2;8;16.0;"2022-07-27"
3404251;"CUST_10";"Patisserie";7;13;87.5;"2024-04-02"
3406391;"CUST_08";"Patisserie";5;41;205.0;"2023-02-04"
3406456;"CUST_16";"Patisserie";7;5;35.0;"2024-07-16"
3408025;"CUST_25";"Patisserie";8;38;304.0;"2024-12-25"
3408382;"CUST_21";"Furniture";3;34;100.5;"2022-01-27"
3409198;"CUST_16";"Beverages";1;22;21.5;"2022-12-20"
3409638;"CUST_22";"Computers and electric accessories";1;14;14.0;"2022-09-29"
3409900;"CUST_23";"Electric household essentials";1;38;38.0;"2023-10-08"
3410016;"CUST_16";"Food";4;5;20.0;"2022-05-19"
3411885;"CUST_01";"Food";3;34;100.5;"2024-03-21"
3412638;"CUST_04";"Electric household essentials";1;17;17.0;"2022-11-28"
3412748;"CUST_04";"Butchers";6;26;156.0;"2024-06-12"
3413079;"CUST_23";"Beverages";2;32;64.0;"2023-05-02"
3414423;"CUST_05";"Patisserie";1;17;17.0;"2022-12-02"
3414846;"CUST_23";"Electric household essentials";10;23;230.0;"2022-11-24"
3415090;"CUST_04";"Electric household essentials";0;0;0.0;"2023-01-20"
3416118;"CUST_06";"Computers and electric accessories";9;19;166.5;"2023-10-13"
3416162;"CUST_16";"Computers and electric accessories";5;7;32.5;"2025-01-15"
3416433;"CUST_10";"Electric household essentials";0;0;0.0;"2022-03-01"
3419392;"CUST_25";"Butchers";5;31;152.5;"2024-12-14"
3419658;"CUST_02";"Patisserie";9;25;220.5;"2023-07-06"
3421227;"CUST_09";"Furniture";6;13;75.0;"2023-09-17"
3421332;"CUST_02";"Computers and electric accessories";4;11;44.0;"2022-06-17"
3421464;"CUST_07";"Milk Products";8;8;64.0;"2023-01-01"
3422017;"CUST_22";"Milk Products";3;7;19.5;"2022-03-28"
3422608;"CUST_25";"Milk Products";3;23;69.0;"2022-04-02"
3422782;"CUST_24";"Computers and electric accessories";1;11;11.0;"2022-07-18"
3422906;"CUST_21";"Furniture";1;40;39.5;"2022-02-26"
3424321;"CUST_16";"Beverages";5;16;77.5;"2022-03-08"
3424571;"CUST_09";"Milk Products";7;13;87.5;"2023-01-13"
3425314;"CUST_09";"Butchers";0;0;0.0;"2024-10-14"
3425466;"CUST_20";"Butchers";9;38;342.0;"2023-07-01"
3425468;"CUST_15";"Food";5;41;205.0;"2023-03-12"
3425571;"CUST_10";"Milk Products";5;8;40.0;"2024-07-25"
3426280;"CUST_24";"Computers and electric accessories";5;22;107.5;"2024-02-28"
3427189;"CUST_09";"Food";9;25;220.5;"2024-04-10"
3427844;"CUST_08";"Patisserie";6;22;129.0;"2022-09-21"
3427896;"CUST_15";"Patisserie";3;22;64.5;"2024-12-26"
3429602;"CUST_10";"Butchers";9;14;126.0;"2022-04-28"
3430174;"CUST_12";"Butchers";5;41;205.0;"2024-02-19"
3430293;"CUST_21";"Food";4;11;44.0;"2022-08-12"
3431927;"CUST_21";"Electric household essentials";1;26;26.0;"2024-01-06"
3432541;"CUST_10";"Furniture";8;23;184.0;"2023-04-01"
3433029;"CUST_20";"Electric household essentials";3;26;78.0;"2025-01-16"
3433195;"CUST_24";"Electric household essentials";7;22;150.5;"2023-03-30"
3433247;"CUST_21";"Beverages";6;28;165.0;"2022-03-08"
3433935;"CUST_08";"Beverages";3;14;42.0;"2022-05-03"
3434264;"CUST_07";"Butchers";5;34;167.5;"2023-07-11"
3434610;"CUST_05";"Milk Products";1;22;21.5;"2024-01-06"
3435040;"CUST_12";"Patisserie";6;5;30.0;"2024-04-26"
3435432;"CUST_14";"Electric household essentials";7;22;150.5;"2022-07-14"
3435459;"CUST_19";"Butchers";8;40;316.0;"2024-07-27"
3435518;"CUST_10";"Food";8;10;76.0;"2024-01-27"
3437398;"CUST_18";"Butchers";7;37;255.5;"2023-03-22"
3438683;"CUST_01";"Furniture";6;34;201.0;"2024-12-14"
3441163;"CUST_05";"Furniture";2;20;40.0;"2024-02-06"
3442172;"CUST_11";"Computers and electric accessories";8;31;244.0;"2024-10-11"
3442308;"CUST_05";"Patisserie";5;5;25.0;"2022-06-04"
3442471;"CUST_09";"Milk Products";1;37;36.5;"2023-05-29"
3442651;"CUST_02";"Food";5;31;152.5;"2022-03-01"
3443190;"CUST_07";"Food";4;17;68.0;"2024-06-08"
3443251;"CUST_10";"Furniture";8;8;64.0;"2024-03-12"
3443658;"CUST_19";"Beverages";6;10;57.0;"2024-02-09"
3443924;"CUST_09";"Milk Products";6;5;30.0;"2022-04-28"
3444412;"CUST_13";"Patisserie";7;32;224.0;"2023-12-21"
3445828;"CUST_23";"Milk Products";9;28;247.5;"2024-12-17"
3447649;"CUST_24";"Electric household essentials";1;34;33.5;"2024-02-20"
3448045;"CUST_21";"Food";9;13;112.5;"2023-08-22"
3449156;"CUST_07";"Beverages";5;41;205.0;"2022-10-22"
3450219;"CUST_12";"Beverages";9;22;193.5;"2023-01-16"
3450894;"CUST_03";"Furniture";0;0;0.0;"2022-11-25"
3452469;"CUST_05";"Computers and electric accessories";7;38;266.0;"2023-04-08"
3452477;"CUST_12";"Patisserie";10;28;275.0;"2022-06-21"
3454798;"CUST_04";"Milk Products";4;13;50.0;"2023-12-04"
3454986;"CUST_16";"Patisserie";2;29;58.0;"2022-08-25"
3455359;"CUST_06";"Patisserie";10;25;245.0;"2023-10-01"
3455432;"CUST_11";"Food";7;22;150.5;"2022-10-22"
3456177;"CUST_01";"Butchers";3;23;69.0;"2023-06-23"
3456425;"CUST_12";"Computers and electric accessories";7;22;150.5;"2022-12-23"
3456456;"CUST_14";"Beverages";2;5;10.0;"2024-11-13"
3456696;"CUST_12";"Patisserie";6;34;201.0;"2023-07-27"
3456742;"CUST_22";"Food";1;34;33.5;"2023-08-18"
3457042;"CUST_07";"Butchers";7;41;287.0;"2022-02-06"
3457164;"CUST_05";"Furniture";1;25;24.5;"2024-10-21"
3460199;"CUST_23";"Food";2;25;49.0;"2024-07-25"
3460510;"CUST_06";"Milk Products";2;25;49.0;"2023-01-01"
3460796;"CUST_17";"Milk Products";5;29;145.0;"2022-03-22"
3461490;"CUST_10";"Beverages";10;25;245.0;"2022-08-14"
3462357;"CUST_16";"Food";8;25;196.0;"2023-08-27"
3462517;"CUST_01";"Patisserie";0;0;0.0;"2024-02-01"
3463769;"CUST_02";"Milk Products";1;7;6.5;"2024-11-01"
3465341;"CUST_09";"Milk Products";4;32;128.0;"2022-02-01"
3465412;"CUST_16";"Patisserie";7;37;255.5;"2023-06-11"
3465568;"CUST_06";"Computers and electric accessories";9;17;153.0;"2024-12-21"
3465682;"CUST_12";"Butchers";10;41;410.0;"2024-07-23"
3466324;"CUST_02";"Beverages";4;26;104.0;"2022-09-05"
3467911;"CUST_21";"Electric household essentials";7;10;66.5;"2022-05-14"
3470018;"CUST_24";"Beverages";2;38;76.0;"2022-06-28"
3470552;"CUST_12";"Furniture";10;38;380.0;"2024-03-09"
3471235;"CUST_07";"Food";6;37;219.0;"2023-01-26"
3471500;"CUST_13";"Food";8;23;184.0;"2022-03-01"
3471881;"CUST_06";"Patisserie";9;37;328.5;"2024-04-04"
3473156;"CUST_02";"Patisserie";6;25;147.0;"2022-07-29"
3475045;"CUST_04";"Computers and electric accessories";1;26;26.0;"2025-01-13"
3475226;"CUST_12";"Patisserie";7;38;266.0;"2022-01-19"
3475563;"CUST_16";"Beverages";5;7;32.5;"2024-08-09"
3476786;"CUST_07";"Beverages";4;22;86.0;"2023-05-21"
3476954;"CUST_23";"Butchers";6;11;66.0;"2024-05-03"
3477269;"CUST_16";"Beverages";1;38;38.0;"2023-03-23"
3478143;"CUST_08";"Patisserie";9;34;301.5;"2022-08-12"
3478292;"CUST_14";"Milk Products";9;28;247.5;"2023-04-05"
3480460;"CUST_14";"Butchers";10;23;230.0;"2023-02-22"
3480703;"CUST_25";"Milk Products";5;28;137.5;"2022-06-26"
3480896;"CUST_11";"Beverages";4;29;116.0;"2024-09-17"
3481599;"CUST_05";"Furniture";0;0;0.0;"2022-09-08"
3481766;"CUST_05";"Beverages";1;5;5.0;"2024-05-30"
3481920;"CUST_17";"Furniture";1;35;35.0;"2022-02-02"
3482951;"CUST_10";"Food";7;40;276.5;"2023-01-14"
3484575;"CUST_13";"Food";10;8;80.0;"2022-05-17"
3485127;"CUST_01";"Patisserie";4;37;146.0;"2024-02-25"
3485437;"CUST_25";"Computers and electric accessories";10;7;65.0;"2023-07-12"
3486014;"CUST_11";"Milk Products";5;5;25.0;"2023-01-03"
3486476;"CUST_14";"Food";7;11;77.0;"2022-05-30"
3487125;"CUST_09";"Butchers";5;7;32.5;"2023-06-08"
3489467;"CUST_23";"Computers and electric accessories";7;22;150.5;"2023-10-15"
3490100;"CUST_20";"Milk Products";5;5;25.0;"2022-07-20"
3490256;"CUST_05";"Computers and electric accessories";4;19;74.0;"2024-03-12"
3490599;"CUST_20";"Butchers";5;26;130.0;"2023-03-21"
3490623;"CUST_09";"Patisserie";2;16;31.0;"2022-03-02"
3493022;"CUST_15";"Electric household essentials";5;5;25.0;"2023-11-25"
3495027;"CUST_09";"Electric household essentials";2;38;76.0;"2022-10-14"
3496091;"CUST_17";"Milk Products";7;37;255.5;"2023-01-03"
3496546;"CUST_11";"Patisserie";7;17;119.0;"2023-02-11"
3498848;"CUST_14";"Furniture";8;7;52.0;"2024-01-19"
3499166;"CUST_05";"Beverages";7;40;276.5;"2022-01-21"
3499525;"CUST_02";"Beverages";0;0;0.0;"2024-02-16"
3499898;"CUST_12";"Furniture";3;34;100.5;"2024-03-28"
3499913;"CUST_11";"Furniture";10;26;260.0;"2022-12-03"
3499944;"CUST_02";"Furniture";2;22;43.0;"2023-06-19"
3500430;"CUST_04";"Furniture";5;5;25.0;"2022-02-19"
3500597;"CUST_03";"Patisserie";7;20;140.0;"2022-07-20"
3501915;"CUST_08";"Electric household essentials";9;16;139.5;"2025-01-03"
3503166;"CUST_03";"Butchers";2;14;28.0;"2024-10-25"
3503821;"CUST_23";"Food";4;22;86.0;"2023-08-10"
3503862;"CUST_07";"Patisserie";9;5;45.0;"2022-03-08"
3504313;"CUST_11";"Beverages";1;14;14.0;"2023-11-07"
3504901;"CUST_01";"Electric household essentials";1;11;11.0;"2022-12-06"
3505141;"CUST_15";"Electric household essentials";10;13;125.0;"2025-01-01"
3506491;"CUST_20";"Food";9;13;112.5;"2024-03-16"
3507613;"CUST_03";"Patisserie";3;5;15.0;"2023-11-27"
3508176;"CUST_08";"Furniture";6;16;93.0;"2025-01-09"
3508457;"CUST_02";"Patisserie";1;20;20.0;"2022-04-25"
3509178;"CUST_18";"Butchers";1;31;30.5;"2024-12-09"
3511587;"CUST_15";"Food";6;23;138.0;"2023-09-27"
3512164;"CUST_19";"Patisserie";10;26;260.0;"2022-08-20"
3512388;"CUST_14";"Furniture";10;11;110.0;"2024-03-30"
3513460;"CUST_02";"Milk Products";6;37;219.0;"2023-07-11"
3513596;"CUST_08";"Computers and electric accessories";1;20;20.0;"2022-06-12"
3513732;"CUST_11";"Butchers";3;23;69.0;"2023-03-29"
3513914;"CUST_20";"Computers and electric accessories";6;22;129.0;"2025-01-11"
3514548;"CUST_18";"Electric household essentials";1;41;41.0;"2024-04-05"
3514972;"CUST_20";"Milk Products";3;32;96.0;"2023-10-13"
3515217;"CUST_03";"Patisserie";4;29;116.0;"2022-11-03"
3515383;"CUST_07";"Computers and electric accessories";6;19;111.0;"2023-09-13"
3515984;"CUST_22";"Milk Products";8;7;52.0;"2022-10-02"
3516710;"CUST_11";"Computers and electric accessories";5;20;100.0;"2024-06-26"
3516808;"CUST_25";"Beverages";9;8;72.0;"2023-10-20"
3518477;"CUST_20";"Patisserie";8;8;64.0;"2022-03-14"
3519483;"CUST_03";"Butchers";8;16;124.0;"2022-12-16"
3519634;"CUST_19";"Butchers";7;26;182.0;"2022-09-28"
3519817;"CUST_22";"Butchers";4;31;122.0;"2022-06-14"
3520780;"CUST_03";"Furniture";3;19;55.5;"2022-04-30"
3520967;"CUST_15";"Butchers";4;13;50.0;"2023-01-17"
3521280;"CUST_17";"Beverages";9;28;247.5;"2022-01-22"
3521530;"CUST_11";"Beverages";5;25;122.5;"2023-01-30"
3521719;"CUST_22";"Patisserie";0;0;0.0;"2022-10-15"
3521811;"CUST_12";"Patisserie";1;29;29.0;"2024-09-07"
3522256;"CUST_16";"Butchers";0;0;0.0;"2024-05-02"
3522960;"CUST_10";"Electric household essentials";1;22;21.5;"2023-08-01"
3523660;"CUST_10";"Patisserie";2;26;52.0;"2022-05-13"
3525189;"CUST_04";"Furniture";4;10;38.0;"2024-01-25"
3525275;"CUST_21";"Food";1;20;20.0;"2024-03-16"
3525754;"CUST_06";"Beverages";1;14;14.0;"2024-02-16"
3526562;"CUST_24";"Butchers";1;29;29.0;"2024-10-27"
3527658;"CUST_03";"Beverages";8;17;136.0;"2024-02-28"
3528512;"CUST_02";"Food";3;20;60.0;"2023-02-09"
3530165;"CUST_23";"Computers and electric accessories";9;28;247.5;"2024-01-01"
3531543;"CUST_21";"Computers and electric accessories";7;8;56.0;"2024-07-17"
3531848;"CUST_23";"Electric household essentials";9;37;328.5;"2022-04-08"
3534253;"CUST_14";"Patisserie";3;25;73.5;"2022-12-22"
3534846;"CUST_10";"Beverages";7;25;171.5;"2023-06-22"
3535824;"CUST_02";"Computers and electric accessories";5;34;167.5;"2024-11-16"
3537194;"CUST_08";"Computers and electric accessories";3;26;78.0;"2024-04-13"
3537664;"CUST_16";"Computers and electric accessories";4;25;98.0;"2023-09-09"
3537865;"CUST_21";"Milk Products";0;0;0.0;"2022-11-06"
3541009;"CUST_04";"Beverages";6;5;30.0;"2023-12-29"
3541663;"CUST_25";"Furniture";5;7;32.5;"2023-07-19"
3542101;"CUST_24";"Patisserie";8;38;304.0;"2023-08-25"
3543537;"CUST_07";"Milk Products";0;0;0.0;"2024-01-11"
3543865;"CUST_09";"Computers and electric accessories";1;22;21.5;"2023-11-20"
3544848;"CUST_12";"Patisserie";6;22;129.0;"2022-07-22"
3545055;"CUST_09";"Milk Products";4;14;56.0;"2024-09-12"
3545596;"CUST_10";"Beverages";7;19;129.5;"2023-03-26"
3546074;"CUST_10";"Beverages";7;8;56.0;"2024-11-20"
3546275;"CUST_22";"Food";4;41;164.0;"2024-08-01"
3546752;"CUST_20";"Furniture";8;32;256.0;"2022-03-31"
3547519;"CUST_16";"Butchers";7;41;287.0;"2022-02-02"
3547918;"CUST_09";"Butchers";1;17;17.0;"2022-07-16"
3548100;"CUST_18";"Beverages";5;29;145.0;"2024-12-06"
3549273;"CUST_20";"Furniture";9;20;180.0;"2023-08-01"
3552188;"CUST_23";"Food";1;19;18.5;"2022-08-03"
3553069;"CUST_21";"Electric household essentials";9;40;355.5;"2022-07-21"
3553497;"CUST_05";"Beverages";9;16;139.5;"2023-04-28"
3554015;"CUST_24";"Milk Products";2;5;10.0;"2024-02-14"
3554058;"CUST_02";"Food";0;0;0.0;"2022-08-24"
3555481;"CUST_24";"Butchers";1;31;30.5;"2024-03-09"
3556254;"CUST_04";"Patisserie";1;37;36.5;"2022-09-23"
3557407;"CUST_16";"Furniture";3;10;28.5;"2024-03-18"
3557485;"CUST_22";"Electric household essentials";1;16;15.5;"2024-07-01"
3557501;"CUST_08";"Food";6;8;48.0;"2024-01-10"
3557526;"CUST_21";"Computers and electric accessories";9;28;247.5;"2023-12-25"
3559457;"CUST_23";"Food";3;13;37.5;"2024-01-17"
3559481;"CUST_08";"Beverages";8;20;160.0;"2023-01-10"
3561701;"CUST_02";"Food";7;41;287.0;"2024-01-30"
3562995;"CUST_04";"Computers and electric accessories";8;22;172.0;"2024-02-25"
3564962;"CUST_01";"Electric household essentials";10;10;95.0;"2022-03-05"
3565022;"CUST_15";"Patisserie";2;20;40.0;"2024-09-03"
3568126;"CUST_24";"Electric household essentials";6;28;165.0;"2022-10-18"
3568403;"CUST_18";"Electric household essentials";3;35;105.0;"2022-02-02"
3571425;"CUST_17";"Beverages";8;10;76.0;"2023-03-23"
3571860;"CUST_20";"Furniture";3;34;100.5;"2024-01-15"
3572301;"CUST_20";"Computers and electric accessories";9;28;247.5;"2023-11-03"
3572849;"CUST_05";"Food";6;41;246.0;"2023-05-08"
3572918;"CUST_19";"Electric household essentials";1;13;12.5;"2022-02-16"
3573477;"CUST_18";"Milk Products";0;0;0.0;"2023-08-22"
3574025;"CUST_18";"Milk Products";8;5;40.0;"2024-10-06"
3575121;"CUST_17";"Food";8;22;172.0;"2022-09-06"
3575373;"CUST_17";"Milk Products";9;5;45.0;"2024-12-29"
3575644;"CUST_15";"Butchers";3;41;123.0;"2023-05-26"
3576007;"CUST_24";"Beverages";3;37;109.5;"2023-09-10"
3576295;"CUST_01";"Beverages";7;38;266.0;"2024-08-06"
3577627;"CUST_25";"Beverages";1;37;36.5;"2024-06-24"
3577635;"CUST_23";"Butchers";8;35;280.0;"2024-01-09"
3578887;"CUST_22";"Electric household essentials";4;38;152.0;"2024-06-24"
3579349;"CUST_11";"Furniture";7;26;182.0;"2022-12-11"
3580823;"CUST_11";"Butchers";8;8;64.0;"2022-06-26"
3581464;"CUST_11";"Furniture";7;16;108.5;"2022-01-07"
3581663;"CUST_20";"Electric household essentials";1;11;11.0;"2024-12-29"
3581677;"CUST_11";"Patisserie";4;25;98.0;"2022-03-17"
3582432;"CUST_20";"Beverages";9;17;153.0;"2023-02-04"
3582606;"CUST_08";"Furniture";3;26;78.0;"2024-09-23"
3583888;"CUST_06";"Food";8;25;196.0;"2023-10-23"
3584590;"CUST_25";"Beverages";5;25;122.5;"2023-09-05"
3584985;"CUST_02";"Computers and electric accessories";2;28;55.0;"2024-11-22"
3586844;"CUST_13";"Patisserie";4;8;32.0;"2024-11-05"
3587475;"CUST_02";"Food";6;10;57.0;"2022-05-18"
3587629;"CUST_19";"Computers and electric accessories";4;7;26.0;"2022-09-06"
3588227;"CUST_22";"Butchers";8;37;292.0;"2022-05-09"
3588286;"CUST_22";"Beverages";7;28;192.5;"2024-02-03"
3589576;"CUST_18";"Furniture";6;26;156.0;"2023-10-20"
3591977;"CUST_14";"Furniture";5;25;122.5;"2023-12-12"
3592034;"CUST_11";"Milk Products";3;37;109.5;"2024-05-27"
3592627;"CUST_03";"Furniture";4;7;26.0;"2024-08-28"
3593095;"CUST_03";"Computers and electric accessories";3;32;96.0;"2024-05-31"
3593226;"CUST_13";"Patisserie";10;29;290.0;"2022-01-18"
3594131;"CUST_11";"Food";2;17;34.0;"2024-03-22"
3595305;"CUST_03";"Computers and electric accessories";1;32;32.0;"2023-04-16"
3597074;"CUST_05";"Beverages";7;8;56.0;"2023-11-18"
3598923;"CUST_16";"Computers and electric accessories";8;11;88.0;"2024-07-18"
3598978;"CUST_17";"Butchers";0;0;0.0;"2023-10-24"
3599137;"CUST_19";"Milk Products";10;37;365.0;"2024-08-03"
3599152;"CUST_03";"Furniture";7;5;35.0;"2022-03-29"
3599175;"CUST_06";"Patisserie";5;13;62.5;"2024-03-09"
3599576;"CUST_15";"Furniture";6;35;210.0;"2024-06-05"
3599726;"CUST_06";"Furniture";2;7;13.0;"2022-11-25"
3600908;"CUST_15";"Furniture";2;26;52.0;"2024-09-15"
3601742;"CUST_06";"Electric household essentials";9;32;288.0;"2022-11-05"
3602634;"CUST_21";"Food";6;35;210.0;"2023-06-14"
3603189;"CUST_03";"Food";5;13;62.5;"2022-03-02"
3603496;"CUST_03";"Computers and electric accessories";8;37;292.0;"2023-11-08"
3603564;"CUST_21";"Electric household essentials";6;32;192.0;"2024-01-09"
3604177;"CUST_13";"Food";7;37;255.5;"2022-05-01"
3604276;"CUST_09";"Butchers";3;37;109.5;"2024-02-09"
3604299;"CUST_07";"Furniture";4;40;158.0;"2022-01-23"
3604823;"CUST_11";"Milk Products";7;11;77.0;"2023-08-05"
3605723;"CUST_04";"Furniture";0;0;0.0;"2023-05-27"
3608682;"CUST_24";"Computers and electric accessories";1;7;6.5;"2024-07-25"
3609312;"CUST_21";"Milk Products";5;34;167.5;"2024-11-03"
3609446;"CUST_01";"Butchers";9;8;72.0;"2022-12-27"
3610195;"CUST_06";"Patisserie";2;34;67.0;"2022-09-09"
3614090;"CUST_23";"Beverages";7;35;245.0;"2024-12-01"
3614311;"CUST_01";"Patisserie";10;10;95.0;"2023-01-29"
3614727;"CUST_18";"Computers and electric accessories";7;41;287.0;"2022-01-12"
3615491;"CUST_02";"Patisserie";7;17;119.0;"2023-09-25"
3615748;"CUST_01";"Computers and electric accessories";7;28;192.5;"2024-12-06"
3617161;"CUST_10";"Computers and electric accessories";7;22;150.5;"2022-04-16"
3617341;"CUST_16";"Furniture";7;14;98.0;"2022-05-05"
3619820;"CUST_12";"Food";7;31;213.5;"2023-12-23"
3619946;"CUST_18";"Furniture";9;11;99.0;"2022-05-04"
3620185;"CUST_08";"Milk Products";2;29;58.0;"2023-01-31"
3620925;"CUST_16";"Electric household essentials";3;41;123.0;"2022-04-22"
3622317;"CUST_13";"Electric household essentials";2;19;37.0;"2023-02-25"
3622835;"CUST_10";"Furniture";3;19;55.5;"2024-04-15"
3623366;"CUST_06";"Beverages";1;22;21.5;"2025-01-05"
3624008;"CUST_09";"Food";2;40;79.0;"2023-01-28"
3624582;"CUST_15";"Milk Products";9;28;247.5;"2022-02-04"
3625111;"CUST_02";"Patisserie";6;28;165.0;"2024-02-04"
3625744;"CUST_23";"Food";6;20;120.0;"2024-08-29"
3626927;"CUST_09";"Milk Products";2;23;46.0;"2022-06-24"
3627669;"CUST_13";"Patisserie";4;41;164.0;"2024-11-12"
3628073;"CUST_08";"Butchers";8;26;208.0;"2022-01-26"
3629874;"CUST_23";"Butchers";8;14;112.0;"2024-09-18"
3630133;"CUST_24";"Food";10;23;230.0;"2023-07-26"
3631452;"CUST_12";"Patisserie";7;29;203.0;"2024-04-15"
3631999;"CUST_11";"Butchers";4;5;20.0;"2022-12-01"
3632878;"CUST_13";"Milk Products";10;23;230.0;"2022-11-20"
3633144;"CUST_24";"Milk Products";8;11;88.0;"2024-03-01"
3634752;"CUST_06";"Patisserie";1;25;24.5;"2022-07-08"
3634960;"CUST_19";"Food";6;13;75.0;"2023-07-29"
3635106;"CUST_24";"Computers and electric accessories";4;38;152.0;"2022-03-11"
3635610;"CUST_07";"Electric household essentials";7;38;266.0;"2022-06-20"
3635725;"CUST_04";"Furniture";5;35;175.0;"2024-06-22"
3636688;"CUST_23";"Patisserie";8;25;196.0;"2025-01-05"
3636944;"CUST_22";"Butchers";4;26;104.0;"2024-10-29"
3638067;"CUST_11";"Electric household essentials";0;0;0.0;"2022-04-21"
3638356;"CUST_08";"Milk Products";1;23;23.0;"2022-05-10"
3638611;"CUST_10";"Patisserie";3;10;28.5;"2022-04-20"
3639113;"CUST_12";"Electric household essentials";1;19;18.5;"2023-04-19"
3640084;"CUST_08";"Patisserie";7;23;161.0;"2022-10-24"
3641374;"CUST_05";"Furniture";8;16;124.0;"2022-12-04"
3641566;"CUST_10";"Beverages";5;26;130.0;"2023-10-28"
3642410;"CUST_12";"Milk Products";2;14;28.0;"2024-10-08"
3642493;"CUST_06";"Furniture";5;26;130.0;"2024-11-30"
3642617;"CUST_19";"Food";7;23;161.0;"2023-07-08"
3643735;"CUST_21";"Food";5;13;62.5;"2025-01-14"
3644047;"CUST_22";"Furniture";3;32;96.0;"2022-07-05"
3645039;"CUST_04";"Milk Products";8;34;268.0;"2022-11-12"
3645379;"CUST_05";"Patisserie";7;34;234.5;"2022-04-27"
3646004;"CUST_18";"Beverages";1;16;15.5;"2024-07-16"
3646423;"CUST_24";"Computers and electric accessories";7;31;213.5;"2022-01-26"
3646702;"CUST_01";"Computers and electric accessories";2;7;13.0;"2022-11-16"
3647376;"CUST_11";"Computers and electric accessories";2;34;67.0;"2022-04-11"
3647634;"CUST_05";"Food";1;20;20.0;"2022-08-07"
3648115;"CUST_19";"Food";8;35;280.0;"2023-06-28"
3648215;"CUST_01";"Food";6;35;210.0;"2024-03-29"
3649978;"CUST_03";"Butchers";0;0;0.0;"2023-06-13"
3650970;"CUST_14";"Food";10;29;290.0;"2025-01-06"
3651170;"CUST_25";"Patisserie";3;14;42.0;"2022-06-21"
3651432;"CUST_25";"Furniture";1;40;39.5;"2024-04-13"
3652209;"CUST_07";"Food";8;5;40.0;"2023-06-10"
3652475;"CUST_12";"Computers and electric accessories";2;32;64.0;"2022-11-28"
3652510;"CUST_01";"Milk Products";4;14;56.0;"2023-12-30"
3652625;"CUST_20";"Patisserie";1;14;14.0;"2023-08-23"
3652632;"CUST_08";"Milk Products";0;0;0.0;"2024-08-16"
3653878;"CUST_23";"Butchers";6;25;147.0;"2022-11-12"
3655349;"CUST_21";"Milk Products";5;32;160.0;"2023-10-22"
3656019;"CUST_08";"Furniture";4;34;134.0;"2022-05-05"
3658490;"CUST_25";"Beverages";8;8;64.0;"2024-09-30"
3659154;"CUST_06";"Beverages";10;38;380.0;"2024-09-02"
3661385;"CUST_25";"Butchers";0;0;0.0;"2024-09-21"
3661483;"CUST_02";"Butchers";4;28;110.0;"2022-01-20"
3662714;"CUST_13";"Furniture";2;34;67.0;"2022-04-05"
3662764;"CUST_22";"Computers and electric accessories";4;22;86.0;"2024-10-01"
3664114;"CUST_21";"Milk Products";4;11;44.0;"2024-10-02"
3664941;"CUST_12";"Furniture";10;10;95.0;"2023-10-29"
3665212;"CUST_02";"Furniture";9;41;369.0;"2023-06-07"
3665861;"CUST_23";"Furniture";1;31;30.5;"2023-01-30"
3665903;"CUST_21";"Computers and electric accessories";3;22;64.5;"2023-02-06"
3666421;"CUST_10";"Butchers";4;13;50.0;"2024-03-17"
3666581;"CUST_07";"Electric household essentials";3;16;46.5;"2024-06-08"
3668440;"CUST_21";"Butchers";2;8;16.0;"2022-01-18"
3668726;"CUST_19";"Electric household essentials";5;28;137.5;"2022-05-14"
3671271;"CUST_18";"Patisserie";8;22;172.0;"2023-11-27"
3671517;"CUST_13";"Milk Products";9;5;45.0;"2024-01-06"
3671598;"CUST_23";"Food";4;17;68.0;"2023-07-15"
3672693;"CUST_07";"Food";3;20;60.0;"2024-07-11"
3673613;"CUST_15";"Furniture";7;7;45.5;"2022-08-17"
3673685;"CUST_08";"Beverages";10;22;215.0;"2024-08-20"
3673808;"CUST_23";"Patisserie";10;32;320.0;"2023-11-18"
3674047;"CUST_23";"Furniture";7;5;35.0;"2024-07-10"
3674474;"CUST_05";"Computers and electric accessories";9;32;288.0;"2023-04-27"
3675138;"CUST_10";"Milk Products";7;38;266.0;"2022-07-15"
3675657;"CUST_17";"Milk Products";8;34;268.0;"2022-11-24"
3676096;"CUST_03";"Food";1;41;41.0;"2023-03-22"
3676551;"CUST_20";"Furniture";8;7;52.0;"2022-10-02"
3677192;"CUST_23";"Butchers";7;22;150.5;"2024-02-26"
3678974;"CUST_25";"Furniture";2;11;22.0;"2024-10-05"
3679931;"CUST_19";"Furniture";10;28;275.0;"2023-05-18"
3679982;"CUST_20";"Electric household essentials";10;32;320.0;"2023-02-27"
3679987;"CUST_22";"Computers and electric accessories";8;22;172.0;"2023-06-14"
3681075;"CUST_22";"Butchers";8;35;280.0;"2022-06-01"
3681383;"CUST_04";"Electric household essentials";5;41;205.0;"2023-05-18"
3683979;"CUST_21";"Computers and electric accessories";10;22;215.0;"2024-01-01"
3684265;"CUST_15";"Food";10;13;125.0;"2023-12-15"
3686072;"CUST_03";"Butchers";5;35;175.0;"2023-02-23"
3687330;"CUST_10";"Computers and electric accessories";4;11;44.0;"2023-09-01"
3687556;"CUST_01";"Beverages";7;16;108.5;"2023-05-10"
3687567;"CUST_20";"Electric household essentials";3;7;19.5;"2022-04-02"
3688977;"CUST_20";"Electric household essentials";8;23;184.0;"2023-03-03"
3689417;"CUST_10";"Butchers";10;31;305.0;"2023-04-02"
3689994;"CUST_23";"Milk Products";1;10;9.5;"2022-07-23"
3690471;"CUST_05";"Milk Products";2;38;76.0;"2022-03-11"
3690725;"CUST_09";"Furniture";6;14;84.0;"2023-02-07"
3692324;"CUST_25";"Patisserie";6;38;228.0;"2024-01-24"
3693569;"CUST_08";"Patisserie";6;13;75.0;"2024-10-29"
3694588;"CUST_11";"Patisserie";3;20;60.0;"2024-12-07"
3695108;"CUST_13";"Computers and electric accessories";7;17;119.0;"2023-01-24"
3701082;"CUST_14";"Electric household essentials";10;26;260.0;"2024-08-26"
3701394;"CUST_06";"Milk Products";0;0;0.0;"2022-07-28"
3703356;"CUST_07";"Food";10;35;350.0;"2022-09-15"
3703564;"CUST_22";"Patisserie";10;22;215.0;"2022-02-18"
3704598;"CUST_25";"Food";6;25;147.0;"2023-10-16"
3704834;"CUST_07";"Electric household essentials";0;0;0.0;"2022-07-06"
3706741;"CUST_06";"Food";3;20;60.0;"2024-03-10"
3707017;"CUST_10";"Furniture";3;11;33.0;"2024-04-04"
3707187;"CUST_04";"Butchers";1;8;8.0;"2022-06-10"
3708702;"CUST_11";"Beverages";4;5;20.0;"2022-08-24"
3710081;"CUST_25";"Furniture";10;41;410.0;"2023-08-12"
3710680;"CUST_20";"Milk Products";6;16;93.0;"2022-05-26"
3710830;"CUST_13";"Beverages";4;17;68.0;"2022-01-04"
3712938;"CUST_23";"Computers and electric accessories";4;32;128.0;"2024-06-11"
3713357;"CUST_01";"Computers and electric accessories";2;17;34.0;"2024-04-24"
3713358;"CUST_13";"Patisserie";10;14;140.0;"2022-08-14"
3714766;"CUST_14";"Patisserie";7;16;108.5;"2024-02-17"
3717310;"CUST_15";"Milk Products";4;32;128.0;"2023-05-19"
3717384;"CUST_01";"Food";6;25;147.0;"2023-05-11"
3718315;"CUST_15";"Butchers";1;40;39.5;"2023-05-23"
3719328;"CUST_12";"Milk Products";3;23;69.0;"2022-05-15"
3719807;"CUST_19";"Furniture";10;16;155.0;"2022-06-11"
3720200;"CUST_11";"Butchers";4;40;158.0;"2022-05-17"
3721973;"CUST_16";"Beverages";9;8;72.0;"2024-08-31"
3722570;"CUST_11";"Milk Products";6;23;138.0;"2024-03-23"
3723814;"CUST_20";"Milk Products";8;20;160.0;"2024-02-16"
3724097;"CUST_22";"Milk Products";7;11;77.0;"2023-02-27"
3724129;"CUST_15";"Beverages";8;41;328.0;"2022-02-03"
3725756;"CUST_01";"Butchers";4;7;26.0;"2023-06-22"
3728004;"CUST_25";"Beverages";3;16;46.5;"2022-08-23"
3729060;"CUST_07";"Patisserie";6;38;228.0;"2022-07-20"
3730487;"CUST_13";"Electric household essentials";3;38;114.0;"2023-11-20"
3731020;"CUST_14";"Milk Products";5;16;77.5;"2022-03-19"
3731691;"CUST_18";"Patisserie";4;25;98.0;"2023-03-30"
3731943;"CUST_11";"Butchers";4;41;164.0;"2024-02-20"
3731986;"CUST_22";"Milk Products";9;29;261.0;"2023-07-23"
3734062;"CUST_07";"Food";8;22;172.0;"2023-07-10"
3734067;"CUST_21";"Beverages";8;14;112.0;"2023-11-24"
3734274;"CUST_11";"Food";4;41;164.0;"2022-08-09"
3736146;"CUST_07";"Patisserie";10;38;380.0;"2024-09-25"
3736556;"CUST_14";"Patisserie";6;20;120.0;"2022-11-02"
3737148;"CUST_23";"Butchers";10;20;200.0;"2024-02-18"
3739606;"CUST_11";"Food";6;25;147.0;"2024-10-15"
3739937;"CUST_02";"Computers and electric accessories";6;17;102.0;"2024-03-01"
3741544;"CUST_05";"Furniture";3;20;60.0;"2023-07-28"
3742027;"CUST_04";"Butchers";3;19;55.5;"2022-08-30"
3742213;"CUST_21";"Butchers";0;0;0.0;"2023-12-10"
3743264;"CUST_20";"Milk Products";2;34;67.0;"2022-12-27"
3744905;"CUST_12";"Furniture";9;11;99.0;"2022-04-20"
3745364;"CUST_21";"Beverages";4;31;122.0;"2022-02-23"
3745439;"CUST_15";"Electric household essentials";4;29;116.0;"2022-10-23"
3745490;"CUST_01";"Computers and electric accessories";0;0;0.0;"2023-09-04"
3745950;"CUST_11";"Butchers";7;14;98.0;"2022-08-08"
3746709;"CUST_13";"Milk Products";4;7;26.0;"2022-05-13"
3746744;"CUST_16";"Food";5;40;197.5;"2023-10-02"
3747046;"CUST_11";"Electric household essentials";2;31;61.0;"2022-11-22"
3747085;"CUST_04";"Beverages";0;0;0.0;"2024-01-24"
3747234;"CUST_13";"Milk Products";9;13;112.5;"2023-09-04"
3747474;"CUST_01";"Electric household essentials";10;14;140.0;"2023-07-17"
3747617;"CUST_12";"Butchers";5;8;40.0;"2023-09-18"
3748574;"CUST_17";"Milk Products";5;31;152.5;"2022-03-30"
3748778;"CUST_10";"Patisserie";8;10;76.0;"2023-01-29"
3750711;"CUST_17";"Food";9;34;301.5;"2022-06-30"
3753292;"CUST_17";"Electric household essentials";8;11;88.0;"2024-05-22"
3754218;"CUST_09";"Electric household essentials";10;11;110.0;"2024-03-08"
3755291;"CUST_09";"Milk Products";1;7;6.5;"2022-11-15"
3756526;"CUST_08";"Butchers";9;20;180.0;"2024-01-13"
3757243;"CUST_09";"Patisserie";10;20;200.0;"2024-12-09"
3757482;"CUST_07";"Furniture";5;34;167.5;"2023-10-13"
3758134;"CUST_16";"Patisserie";5;20;100.0;"2022-09-21"
3758485;"CUST_04";"Electric household essentials";2;11;22.0;"2024-10-26"
3758544;"CUST_15";"Butchers";5;38;190.0;"2022-05-10"
3758695;"CUST_18";"Computers and electric accessories";4;13;50.0;"2024-02-01"
3758932;"CUST_25";"Patisserie";6;41;246.0;"2023-06-23"
3759268;"CUST_19";"Butchers";1;22;21.5;"2023-09-05"
3759367;"CUST_18";"Beverages";1;32;32.0;"2023-05-07"
3759701;"CUST_06";"Milk Products";9;28;247.5;"2022-06-26"
3760030;"CUST_05";"Food";2;11;22.0;"2023-11-24"
3760533;"CUST_04";"Computers and electric accessories";0;0;0.0;"2022-10-31"
3760555;"CUST_16";"Furniture";2;20;40.0;"2022-07-12"
3761426;"CUST_11";"Furniture";1;20;20.0;"2024-12-16"
3762237;"CUST_24";"Furniture";10;26;260.0;"2022-01-28"
3762758;"CUST_03";"Furniture";2;40;79.0;"2022-03-28"
3763280;"CUST_20";"Beverages";1;10;9.5;"2024-12-20"
3764016;"CUST_21";"Electric household essentials";2;26;52.0;"2022-09-04"
3766245;"CUST_01";"Beverages";6;14;84.0;"2024-09-12"
3766991;"CUST_21";"Electric household essentials";8;26;208.0;"2023-09-24"
3767880;"CUST_22";"Milk Products";1;22;21.5;"2022-09-24"
3767932;"CUST_09";"Milk Products";1;31;30.5;"2022-04-06"
3768573;"CUST_01";"Butchers";8;11;88.0;"2022-06-03"
3768715;"CUST_12";"Patisserie";7;23;161.0;"2023-12-24"
3770345;"CUST_25";"Milk Products";6;13;75.0;"2022-02-19"
3770874;"CUST_22";"Patisserie";1;14;14.0;"2024-09-02"
3772788;"CUST_04";"Food";1;10;9.5;"2024-06-11"
3774181;"CUST_13";"Furniture";2;16;31.0;"2022-05-01"
3774966;"CUST_08";"Beverages";8;20;160.0;"2023-02-18"
3775360;"CUST_04";"Beverages";7;40;276.5;"2024-06-09"
3776622;"CUST_11";"Computers and electric accessories";10;32;320.0;"2024-11-05"
3777133;"CUST_06";"Butchers";4;25;98.0;"2024-11-13"
3778032;"CUST_01";"Electric household essentials";5;17;85.0;"2022-01-21"
3779677;"CUST_21";"Food";6;29;174.0;"2024-08-13"
3780086;"CUST_01";"Electric household essentials";8;28;220.0;"2022-08-31"
3781367;"CUST_17";"Butchers";3;41;123.0;"2024-05-04"
3782657;"CUST_15";"Electric household essentials";5;29;145.0;"2025-01-03"
3782741;"CUST_15";"Electric household essentials";4;38;152.0;"2024-11-24"
3784155;"CUST_19";"Patisserie";7;22;150.5;"2022-08-03"
3784506;"CUST_11";"Butchers";2;7;13.0;"2024-02-03"
3784837;"CUST_16";"Butchers";1;38;38.0;"2024-06-06"
3785882;"CUST_17";"Electric household essentials";6;29;174.0;"2022-01-15"
3786390;"CUST_15";"Electric household essentials";6;11;66.0;"2022-06-19"
3786853;"CUST_20";"Patisserie";1;32;32.0;"2024-02-22"
3788122;"CUST_24";"Milk Products";7;32;224.0;"2024-12-24"
3789480;"CUST_10";"Food";6;41;246.0;"2022-10-10"
3789551;"CUST_10";"Electric household essentials";9;34;301.5;"2024-04-14"
3789637;"CUST_20";"Beverages";4;34;134.0;"2024-02-04"
3791096;"CUST_20";"Patisserie";3;17;51.0;"2024-08-30"
3791514;"CUST_16";"Patisserie";2;10;19.0;"2023-01-08"
3792062;"CUST_14";"Butchers";10;34;335.0;"2024-06-17"
3792534;"CUST_06";"Patisserie";6;17;102.0;"2023-09-08"
3792920;"CUST_17";"Computers and electric accessories";5;16;77.5;"2024-03-08"
3794243;"CUST_20";"Milk Products";6;16;93.0;"2023-11-18"
3794593;"CUST_02";"Butchers";8;11;88.0;"2023-08-18"
3794692;"CUST_08";"Computers and electric accessories";3;19;55.5;"2024-10-18"
3794764;"CUST_17";"Butchers";8;35;280.0;"2023-09-14"
3795064;"CUST_06";"Food";6;25;147.0;"2023-09-27"
3795673;"CUST_14";"Butchers";7;11;77.0;"2024-02-02"
3795800;"CUST_11";"Milk Products";10;29;290.0;"2023-10-02"
3798658;"CUST_25";"Beverages";9;41;369.0;"2024-02-24"
3798801;"CUST_20";"Milk Products";2;5;10.0;"2022-03-01"
3800325;"CUST_16";"Computers and electric accessories";7;17;119.0;"2023-08-30"
3800420;"CUST_20";"Electric household essentials";0;0;0.0;"2023-12-14"
3800683;"CUST_03";"Furniture";7;13;87.5;"2022-11-20"
3801711;"CUST_17";"Butchers";2;26;52.0;"2023-05-13"
3802505;"CUST_13";"Beverages";3;10;28.5;"2022-01-13"
3803930;"CUST_23";"Electric household essentials";5;37;182.5;"2025-01-14"
3805794;"CUST_05";"Butchers";5;38;190.0;"2024-08-29"
3806405;"CUST_04";"Patisserie";3;16;46.5;"2024-03-08"
3807216;"CUST_10";"Butchers";3;38;114.0;"2023-01-12"
3807303;"CUST_03";"Furniture";0;0;0.0;"2022-10-08"
3809198;"CUST_06";"Beverages";8;29;232.0;"2023-02-02"
3809776;"CUST_25";"Patisserie";3;32;96.0;"2023-02-10"
3809804;"CUST_06";"Butchers";1;37;36.5;"2022-02-11"
3810083;"CUST_14";"Milk Products";1;28;27.5;"2022-05-11"
3810168;"CUST_05";"Patisserie";7;38;266.0;"2022-09-22"
3811009;"CUST_03";"Beverages";5;37;182.5;"2023-06-12"
3811015;"CUST_24";"Patisserie";0;0;0.0;"2022-02-04"
3811380;"CUST_23";"Milk Products";9;32;288.0;"2024-04-24"
3811791;"CUST_11";"Food";4;11;44.0;"2023-01-22"
3812778;"CUST_18";"Milk Products";10;31;305.0;"2022-03-06"
3812790;"CUST_25";"Butchers";9;34;301.5;"2024-07-23"
3812949;"CUST_17";"Beverages";1;29;29.0;"2023-07-07"
3813656;"CUST_02";"Beverages";1;28;27.5;"2022-09-01"
3814482;"CUST_23";"Beverages";5;38;190.0;"2024-12-27"
3816125;"CUST_13";"Patisserie";3;20;60.0;"2024-10-02"
3816500;"CUST_07";"Food";8;8;64.0;"2022-02-16"
3817044;"CUST_17";"Food";6;7;39.0;"2023-02-21"
3818660;"CUST_12";"Food";4;22;86.0;"2024-12-13"
3821059;"CUST_25";"Butchers";3;31;91.5;"2023-09-21"
3821185;"CUST_23";"Computers and electric accessories";4;26;104.0;"2024-09-11"
3822308;"CUST_02";"Electric household essentials";6;10;57.0;"2024-05-06"
3822546;"CUST_21";"Furniture";7;16;108.5;"2024-02-18"
3822751;"CUST_21";"Butchers";9;14;126.0;"2024-03-04"
3823295;"CUST_09";"Patisserie";4;20;80.0;"2022-01-23"
3823879;"CUST_22";"Food";10;17;170.0;"2022-06-03"
3824826;"CUST_25";"Milk Products";9;28;247.5;"2022-05-30"
3825785;"CUST_12";"Milk Products";4;32;128.0;"2024-02-12"
3826429;"CUST_22";"Electric household essentials";9;13;112.5;"2024-05-19"
3827138;"CUST_01";"Food";4;23;92.0;"2023-08-11"
3827227;"CUST_25";"Milk Products";2;7;13.0;"2022-05-14"
3827311;"CUST_25";"Milk Products";6;5;30.0;"2023-07-17"
3827330;"CUST_16";"Computers and electric accessories";9;23;207.0;"2022-02-24"
3827408;"CUST_14";"Food";6;8;48.0;"2024-01-28"
3829487;"CUST_11";"Milk Products";6;32;192.0;"2024-01-18"
3829639;"CUST_20";"Furniture";2;11;22.0;"2022-03-29"
3831310;"CUST_22";"Patisserie";4;16;62.0;"2023-01-12"
3831408;"CUST_18";"Milk Products";10;5;50.0;"2022-02-11"
3831672;"CUST_04";"Food";7;5;35.0;"2023-05-16"
3832393;"CUST_04";"Furniture";7;38;266.0;"2023-08-11"
3832517;"CUST_04";"Butchers";2;29;58.0;"2023-06-12"
3833011;"CUST_10";"Computers and electric accessories";4;22;86.0;"2023-06-16"
3833413;"CUST_02";"Butchers";5;10;47.5;"2023-03-20"
3834203;"CUST_22";"Computers and electric accessories";6;37;219.0;"2023-06-22"
3834320;"CUST_18";"Beverages";0;0;0.0;"2022-11-08"
3835641;"CUST_16";"Butchers";3;34;100.5;"2022-08-16"
3836435;"CUST_09";"Electric household essentials";10;29;290.0;"2023-12-23"
3836955;"CUST_05";"Milk Products";5;37;182.5;"2024-11-21"
3838117;"CUST_13";"Butchers";4;11;44.0;"2022-11-16"
3838395;"CUST_20";"Furniture";8;14;112.0;"2023-08-27"
3838434;"CUST_13";"Food";0;0;0.0;"2022-01-26"
3839216;"CUST_04";"Food";4;16;62.0;"2024-07-11"
3839456;"CUST_20";"Furniture";10;40;395.0;"2025-01-10"
3839676;"CUST_09";"Milk Products";7;23;161.0;"2024-11-06"
3839719;"CUST_01";"Furniture";5;16;77.5;"2022-05-10"
3840023;"CUST_24";"Patisserie";4;22;86.0;"2022-04-06"
3840199;"CUST_15";"Beverages";10;20;200.0;"2023-10-15"
3840387;"CUST_19";"Beverages";5;14;70.0;"2024-12-29"
3841382;"CUST_13";"Patisserie";4;38;152.0;"2022-08-02"
3841423;"CUST_22";"Food";4;19;74.0;"2023-07-03"
3841425;"CUST_24";"Milk Products";6;16;93.0;"2024-10-01"
3841567;"CUST_24";"Electric household essentials";8;16;124.0;"2022-10-28"
3841708;"CUST_23";"Beverages";8;37;292.0;"2023-03-23"
3842407;"CUST_08";"Furniture";8;11;88.0;"2022-12-17"
3842430;"CUST_19";"Food";8;31;244.0;"2023-03-04"
3843142;"CUST_09";"Furniture";5;11;55.0;"2022-02-04"
3843440;"CUST_20";"Food";8;22;172.0;"2024-05-02"
3843648;"CUST_16";"Electric household essentials";7;22;150.5;"2022-05-18"
3845008;"CUST_16";"Electric household essentials";3;34;100.5;"2024-06-05"
3845165;"CUST_10";"Computers and electric accessories";10;28;275.0;"2022-11-21"
3846015;"CUST_19";"Electric household essentials";3;41;123.0;"2024-08-22"
3846417;"CUST_17";"Beverages";2;17;34.0;"2024-03-30"
3846767;"CUST_07";"Butchers";10;40;395.0;"2022-08-24"
3846992;"CUST_15";"Computers and electric accessories";9;14;126.0;"2023-12-11"
3847123;"CUST_22";"Butchers";10;22;215.0;"2024-06-21"
3847395;"CUST_19";"Food";3;7;19.5;"2023-06-20"
3849865;"CUST_01";"Furniture";7;22;150.5;"2024-01-03"
3849990;"CUST_08";"Furniture";10;13;125.0;"2022-01-27"
3851282;"CUST_23";"Milk Products";3;28;82.5;"2023-08-13"
3852150;"CUST_25";"Milk Products";2;16;31.0;"2024-08-23"
3852840;"CUST_22";"Furniture";2;20;40.0;"2023-09-12"
3853013;"CUST_04";"Beverages";0;0;0.0;"2023-07-28"
3854610;"CUST_11";"Food";4;10;38.0;"2024-09-29"
3854731;"CUST_03";"Food";5;23;115.0;"2025-01-01"
3854878;"CUST_22";"Butchers";10;29;290.0;"2023-04-14"
3855536;"CUST_04";"Computers and electric accessories";10;41;410.0;"2024-09-27"
3856063;"CUST_18";"Food";5;25;122.5;"2023-11-25"
3856988;"CUST_01";"Computers and electric accessories";10;22;215.0;"2022-09-17"
3857219;"CUST_13";"Electric household essentials";5;34;167.5;"2022-01-21"
3858145;"CUST_17";"Furniture";3;35;105.0;"2023-04-01"
3858239;"CUST_23";"Food";10;41;410.0;"2022-09-08"
3858610;"CUST_17";"Patisserie";10;40;395.0;"2024-05-15"
3858680;"CUST_11";"Electric household essentials";0;0;0.0;"2023-03-16"
3861764;"CUST_09";"Milk Products";8;31;244.0;"2023-08-29"
3861803;"CUST_13";"Food";4;23;92.0;"2023-01-04"
3864156;"CUST_10";"Butchers";8;22;172.0;"2023-05-25"
3864173;"CUST_08";"Electric household essentials";5;23;115.0;"2023-12-06"
3865377;"CUST_18";"Patisserie";4;26;104.0;"2023-12-13"
3865439;"CUST_12";"Milk Products";8;16;124.0;"2024-05-04"
3866783;"CUST_12";"Food";3;41;123.0;"2022-03-27"
3867607;"CUST_19";"Furniture";3;34;100.5;"2023-05-10"
3867637;"CUST_10";"Furniture";5;20;100.0;"2022-11-27"
3867722;"CUST_06";"Furniture";1;20;20.0;"2024-12-02"
3868257;"CUST_06";"Electric household essentials";10;31;305.0;"2022-11-03"
3868370;"CUST_10";"Electric household essentials";3;23;69.0;"2024-02-07"
3869190;"CUST_10";"Electric household essentials";7;10;66.5;"2024-07-21"
3869362;"CUST_14";"Patisserie";8;34;268.0;"2022-01-28"
3869371;"CUST_03";"Furniture";3;5;15.0;"2022-02-13"
3870638;"CUST_20";"Beverages";5;16;77.5;"2025-01-10"
3871295;"CUST_18";"Milk Products";4;29;116.0;"2022-01-02"
3871513;"CUST_15";"Patisserie";8;20;160.0;"2024-07-12"
3871665;"CUST_11";"Patisserie";8;23;184.0;"2023-02-09"
3873648;"CUST_12";"Butchers";4;37;146.0;"2022-12-09"
3874098;"CUST_18";"Milk Products";3;8;24.0;"2023-01-08"
3875311;"CUST_13";"Food";2;20;40.0;"2023-07-24"
3875506;"CUST_07";"Beverages";6;32;192.0;"2023-05-10"
3875894;"CUST_03";"Butchers";9;34;301.5;"2023-02-16"
3876549;"CUST_03";"Computers and electric accessories";7;34;234.5;"2022-07-21"
3876653;"CUST_23";"Computers and electric accessories";7;14;98.0;"2024-07-06"
3876726;"CUST_05";"Electric household essentials";2;17;34.0;"2024-10-08"
3876992;"CUST_15";"Milk Products";2;32;64.0;"2023-04-26"
3878663;"CUST_11";"Patisserie";3;19;55.5;"2024-03-31"
3878711;"CUST_21";"Beverages";5;37;182.5;"2022-07-22"
3878879;"CUST_03";"Computers and electric accessories";9;32;288.0;"2022-01-22"
3879677;"CUST_14";"Food";6;25;147.0;"2022-04-24"
3880353;"CUST_10";"Beverages";8;7;52.0;"2024-06-06"
3881126;"CUST_23";"Food";7;34;234.5;"2022-08-14"
3881781;"CUST_04";"Food";6;28;165.0;"2024-07-01"
3882852;"CUST_07";"Milk Products";2;14;28.0;"2023-02-24"
3882897;"CUST_14";"Butchers";9;29;261.0;"2024-04-12"
3883063;"CUST_23";"Furniture";2;13;25.0;"2024-11-15"
3883115;"CUST_11";"Electric household essentials";3;38;114.0;"2024-10-20"
3884360;"CUST_05";"Furniture";9;29;261.0;"2022-01-10"
3886696;"CUST_01";"Electric household essentials";9;17;153.0;"2024-12-18"
3887687;"CUST_13";"Electric household essentials";5;34;167.5;"2023-06-07"
3887868;"CUST_25";"Milk Products";2;35;70.0;"2024-11-22"
3888332;"CUST_09";"Computers and electric accessories";3;41;123.0;"2024-08-07"
3888352;"CUST_20";"Milk Products";4;20;80.0;"2024-06-25"
3890213;"CUST_21";"Food";9;22;193.5;"2023-04-26"
3890522;"CUST_08";"Butchers";6;20;120.0;"2023-02-15"
3892123;"CUST_20";"Beverages";7;25;171.5;"2023-11-23"
3892749;"CUST_19";"Butchers";5;41;205.0;"2024-01-21"
3892960;"CUST_17";"Beverages";9;25;220.5;"2024-09-17"
3893340;"CUST_05";"Electric household essentials";5;32;160.0;"2022-01-14"
3893429;"CUST_21";"Furniture";9;25;220.5;"2023-12-17"
3894563;"CUST_23";"Food";3;20;60.0;"2024-12-05"
3894802;"CUST_08";"Beverages";0;0;0.0;"2023-04-10"
3895137;"CUST_08";"Beverages";4;14;56.0;"2023-03-29"
3896731;"CUST_17";"Patisserie";3;5;15.0;"2024-07-15"
3897143;"CUST_07";"Electric household essentials";8;19;148.0;"2022-06-08"
3898046;"CUST_15";"Electric household essentials";8;26;208.0;"2022-09-23"
3899797;"CUST_24";"Furniture";4;28;110.0;"2024-08-08"
3900554;"CUST_24";"Beverages";5;41;205.0;"2023-11-24"
3900703;"CUST_08";"Furniture";8;28;220.0;"2022-09-20"
3902130;"CUST_11";"Food";7;22;150.5;"2023-01-04"
3903796;"CUST_03";"Furniture";8;35;280.0;"2023-10-26"
3904812;"CUST_23";"Beverages";9;26;234.0;"2022-03-22"
3904911;"CUST_01";"Food";10;31;305.0;"2024-02-14"
3905353;"CUST_09";"Furniture";2;13;25.0;"2023-12-12"
3905417;"CUST_12";"Furniture";6;40;237.0;"2024-04-14"
3907047;"CUST_19";"Beverages";2;32;64.0;"2022-01-27"
3908189;"CUST_11";"Beverages";3;8;24.0;"2023-05-18"
3909456;"CUST_02";"Milk Products";2;10;19.0;"2024-06-11"
3909621;"CUST_15";"Patisserie";5;35;175.0;"2022-11-27"
3909836;"CUST_14";"Patisserie";0;0;0.0;"2023-03-02"
3910370;"CUST_22";"Beverages";2;25;49.0;"2022-12-23"
3913187;"CUST_11";"Beverages";1;7;6.5;"2024-04-11"
3915802;"CUST_04";"Electric household essentials";2;38;76.0;"2023-01-12"
3918627;"CUST_01";"Milk Products";3;20;60.0;"2022-02-11"
3918997;"CUST_04";"Milk Products";8;29;232.0;"2023-04-29"
3919101;"CUST_18";"Milk Products";4;20;80.0;"2022-05-22"
3919198;"CUST_24";"Patisserie";1;26;26.0;"2022-10-12"
3919560;"CUST_10";"Computers and electric accessories";1;22;21.5;"2022-07-19"
3922232;"CUST_10";"Furniture";10;16;155.0;"2022-04-29"
3922319;"CUST_17";"Milk Products";8;11;88.0;"2023-04-07"
3922622;"CUST_19";"Furniture";4;40;158.0;"2022-03-03"
3922646;"CUST_08";"Electric household essentials";2;32;64.0;"2023-07-27"
3923033;"CUST_05";"Electric household essentials";9;23;207.0;"2024-12-22"
3923323;"CUST_09";"Milk Products";2;31;61.0;"2024-08-08"
3923869;"CUST_14";"Furniture";4;16;62.0;"2022-08-30"
3923907;"CUST_20";"Furniture";5;23;115.0;"2023-10-08"
3924468;"CUST_10";"Milk Products";3;20;60.0;"2024-09-21"
3925778;"CUST_09";"Furniture";6;40;237.0;"2023-05-31"
3925839;"CUST_05";"Food";9;29;261.0;"2024-04-03"
3926641;"CUST_08";"Patisserie";5;5;25.0;"2024-06-07"
3927009;"CUST_25";"Butchers";3;41;123.0;"2022-05-29"
3927468;"CUST_01";"Milk Products";5;28;137.5;"2022-06-03"
3928142;"CUST_01";"Furniture";0;0;0.0;"2025-01-05"
3928788;"CUST_23";"Food";8;25;196.0;"2024-04-29"
3929063;"CUST_19";"Computers and electric accessories";9;25;220.5;"2024-06-07"
3929069;"CUST_19";"Butchers";6;29;174.0;"2023-10-07"
3929635;"CUST_19";"Butchers";10;34;335.0;"2025-01-11"
3930213;"CUST_22";"Milk Products";3;13;37.5;"2024-12-11"
3931564;"CUST_21";"Milk Products";2;8;16.0;"2022-08-14"
3932434;"CUST_15";"Electric household essentials";3;7;19.5;"2024-12-24"
3932445;"CUST_05";"Food";7;17;119.0;"2022-12-22"
3932706;"CUST_03";"Computers and electric accessories";2;8;16.0;"2024-10-19"
3933057;"CUST_13";"Butchers";7;13;87.5;"2023-04-24"
3933685;"CUST_09";"Computers and electric accessories";10;34;335.0;"2022-04-15"
3935581;"CUST_07";"Food";10;8;80.0;"2024-05-13"
3937470;"CUST_17";"Computers and electric accessories";6;20;120.0;"2023-09-04"
3937980;"CUST_19";"Milk Products";4;31;122.0;"2024-12-16"
3939276;"CUST_18";"Furniture";2;41;82.0;"2022-05-04"
3940160;"CUST_13";"Patisserie";8;16;124.0;"2022-07-13"
3941354;"CUST_22";"Electric household essentials";2;41;82.0;"2023-04-09"
3943092;"CUST_15";"Electric household essentials";6;37;219.0;"2023-03-02"
3943267;"CUST_13";"Food";4;11;44.0;"2023-11-21"
3943280;"CUST_12";"Electric household essentials";3;26;78.0;"2023-11-26"
3943422;"CUST_19";"Patisserie";0;0;0.0;"2024-12-09"
3943992;"CUST_11";"Butchers";3;11;33.0;"2023-07-01"
3944336;"CUST_15";"Milk Products";1;23;23.0;"2022-08-28"
3945230;"CUST_15";"Electric household essentials";2;16;31.0;"2023-04-24"
3946745;"CUST_06";"Milk Products";2;38;76.0;"2023-11-01"
3947387;"CUST_17";"Computers and electric accessories";7;10;66.5;"2023-12-13"
3948601;"CUST_04";"Food";1;17;17.0;"2024-01-22"
3948610;"CUST_07";"Furniture";0;0;0.0;"2023-02-24"
3949704;"CUST_22";"Electric household essentials";9;35;315.0;"2022-06-12"
3950585;"CUST_18";"Beverages";8;35;280.0;"2023-02-14"
3951114;"CUST_23";"Beverages";5;25;122.5;"2022-01-16"
3951413;"CUST_04";"Milk Products";6;34;201.0;"2024-10-20"
3952040;"CUST_06";"Electric household essentials";5;37;182.5;"2022-04-04"
3954012;"CUST_02";"Furniture";0;0;0.0;"2024-05-29"
3954668;"CUST_07";"Food";6;22;129.0;"2024-09-17"
3955193;"CUST_04";"Milk Products";6;35;210.0;"2024-05-21"
3956995;"CUST_17";"Beverages";10;7;65.0;"2024-10-14"
3957692;"CUST_01";"Computers and electric accessories";4;13;50.0;"2024-07-31"
3957917;"CUST_09";"Milk Products";5;5;25.0;"2022-10-17"
3958182;"CUST_25";"Food";8;23;184.0;"2024-01-17"
3958510;"CUST_10";"Patisserie";3;22;64.5;"2023-09-13"
3958528;"CUST_08";"Electric household essentials";1;17;17.0;"2023-03-13"
3961088;"CUST_04";"Furniture";2;17;34.0;"2023-03-23"
3961169;"CUST_13";"Furniture";8;35;280.0;"2022-11-16"
3961196;"CUST_16";"Patisserie";4;10;38.0;"2023-05-17"
3962481;"CUST_13";"Electric household essentials";3;22;64.5;"2024-02-02"
3962622;"CUST_20";"Milk Products";5;20;100.0;"2022-04-20"
3963107;"CUST_13";"Beverages";7;40;276.5;"2023-12-20"
3964097;"CUST_18";"Furniture";1;38;38.0;"2023-04-17"
3964623;"CUST_22";"Milk Products";0;0;0.0;"2024-03-01"
3964699;"CUST_15";"Patisserie";0;0;0.0;"2023-12-19"
3965941;"CUST_06";"Electric household essentials";2;40;79.0;"2022-08-19"
3966470;"CUST_15";"Furniture";8;19;148.0;"2022-07-24"
3966618;"CUST_08";"Furniture";4;20;80.0;"2022-08-14"
3967043;"CUST_06";"Beverages";9;25;220.5;"2024-12-26"
3968072;"CUST_07";"Patisserie";6;22;129.0;"2024-11-19"
3968183;"CUST_09";"Computers and electric accessories";3;35;105.0;"2022-04-10"
3968711;"CUST_15";"Food";7;23;161.0;"2022-01-05"
3969038;"CUST_20";"Patisserie";4;20;80.0;"2022-11-30"
3969448;"CUST_23";"Computers and electric accessories";9;26;234.0;"2023-07-30"
3969761;"CUST_03";"Milk Products";1;32;32.0;"2022-10-02"
3970556;"CUST_07";"Food";9;26;234.0;"2023-10-04"
3971163;"CUST_17";"Butchers";9;5;45.0;"2022-07-29"
3971462;"CUST_20";"Butchers";10;28;275.0;"2024-03-23"
3971472;"CUST_19";"Furniture";9;22;193.5;"2024-06-01"
3971751;"CUST_05";"Electric household essentials";8;17;136.0;"2022-10-28"
3972307;"CUST_12";"Butchers";7;22;150.5;"2023-10-18"
3972926;"CUST_20";"Computers and electric accessories";8;41;328.0;"2022-10-11"
3974545;"CUST_14";"Food";10;20;200.0;"2023-05-03"
3974668;"CUST_24";"Furniture";3;16;46.5;"2024-03-22"
3975050;"CUST_19";"Patisserie";8;17;136.0;"2024-09-29"
3975199;"CUST_10";"Furniture";1;11;11.0;"2023-03-29"
3976812;"CUST_23";"Beverages";8;34;268.0;"2022-12-22"
3978048;"CUST_24";"Electric household essentials";2;28;55.0;"2024-04-26"
3978068;"CUST_10";"Food";1;35;35.0;"2023-07-28"
3978170;"CUST_24";"Electric household essentials";3;5;15.0;"2023-11-18"
3979567;"CUST_15";"Computers and electric accessories";2;19;37.0;"2024-11-21"
3980976;"CUST_03";"Electric household essentials";2;34;67.0;"2023-08-28"
3981959;"CUST_02";"Milk Products";9;5;45.0;"2022-04-16"
3982286;"CUST_06";"Electric household essentials";4;31;122.0;"2023-02-13"
3982982;"CUST_05";"Beverages";3;7;19.5;"2022-11-25"
3984894;"CUST_02";"Milk Products";8;10;76.0;"2024-08-02"
3985056;"CUST_24";"Computers and electric accessories";3;34;100.5;"2023-06-28"
3985103;"CUST_08";"Food";2;29;58.0;"2022-12-27"
3986838;"CUST_21";"Beverages";10;40;395.0;"2024-02-04"
3986908;"CUST_13";"Food";4;10;38.0;"2024-10-27"
3987229;"CUST_25";"Beverages";3;20;60.0;"2023-02-11"
3987547;"CUST_07";"Milk Products";10;20;200.0;"2022-10-03"
3988616;"CUST_01";"Butchers";0;0;0.0;"2024-09-17"
3988639;"CUST_07";"Patisserie";7;19;129.5;"2024-07-08"
3989112;"CUST_16";"Beverages";10;35;350.0;"2024-05-17"
3989303;"CUST_08";"Patisserie";7;10;66.5;"2022-07-21"
3992566;"CUST_03";"Beverages";8;32;256.0;"2024-05-14"
3992626;"CUST_11";"Butchers";5;17;85.0;"2022-08-30"
3993154;"CUST_25";"Computers and electric accessories";7;22;150.5;"2022-07-07"
3993454;"CUST_13";"Beverages";3;37;109.5;"2023-08-02"
3994212;"CUST_16";"Furniture";5;7;32.5;"2022-08-06"
3994804;"CUST_03";"Furniture";1;34;33.5;"2022-01-08"
3994914;"CUST_13";"Furniture";8;29;232.0;"2022-05-03"
3994985;"CUST_18";"Milk Products";5;23;115.0;"2024-02-02"
3995208;"CUST_05";"Food";0;0;0.0;"2022-06-02"
3995449;"CUST_25";"Computers and electric accessories";10;26;260.0;"2022-06-23"
3998952;"CUST_18";"Furniture";2;25;49.0;"2023-12-12"
4000119;"CUST_15";"Food";2;11;22.0;"2022-02-19"
4000635;"CUST_02";"Furniture";6;32;192.0;"2023-12-16"
4002469;"CUST_12";"Furniture";1;17;17.0;"2023-12-01"
4002530;"CUST_14";"Milk Products";1;22;21.5;"2022-05-30"
4002627;"CUST_01";"Electric household essentials";10;23;230.0;"2024-12-13"
4004092;"CUST_15";"Milk Products";3;10;28.5;"2022-10-07"
4004210;"CUST_07";"Beverages";9;10;85.5;"2022-03-06"
4004492;"CUST_03";"Milk Products";2;7;13.0;"2025-01-15"
4004830;"CUST_24";"Food";7;11;77.0;"2024-06-09"
4005159;"CUST_23";"Butchers";0;0;0.0;"2023-07-09"
4005322;"CUST_03";"Butchers";2;41;82.0;"2022-05-15"
4005697;"CUST_09";"Electric household essentials";1;37;36.5;"2025-01-15"
4006298;"CUST_15";"Milk Products";8;37;292.0;"2024-02-28"
4007615;"CUST_18";"Computers and electric accessories";7;19;129.5;"2025-01-08"
4008120;"CUST_08";"Patisserie";1;22;21.5;"2022-11-09"
4008428;"CUST_07";"Computers and electric accessories";1;19;18.5;"2024-08-19"
4009414;"CUST_03";"Beverages";9;7;58.5;"2022-08-12"
4011164;"CUST_08";"Food";2;34;67.0;"2022-10-13"
4011197;"CUST_06";"Food";5;23;115.0;"2023-03-02"
4013276;"CUST_22";"Patisserie";1;28;27.5;"2023-04-13"
4014378;"CUST_09";"Computers and electric accessories";5;35;175.0;"2023-07-09"
4016049;"CUST_23";"Beverages";2;41;82.0;"2022-11-15"
4017920;"CUST_24";"Milk Products";7;5;35.0;"2024-12-26"
4020246;"CUST_18";"Patisserie";9;28;247.5;"2024-03-22"
4021555;"CUST_10";"Beverages";2;26;52.0;"2024-06-09"
4022379;"CUST_01";"Furniture";4;35;140.0;"2025-01-09"
4022829;"CUST_18";"Furniture";0;0;0.0;"2024-02-14"
4023152;"CUST_13";"Patisserie";10;10;95.0;"2022-03-21"
4023955;"CUST_07";"Computers and electric accessories";8;31;244.0;"2024-07-03"
4024714;"CUST_13";"Food";0;0;0.0;"2024-04-10"
4025118;"CUST_01";"Butchers";5;35;175.0;"2022-12-14"
4028997;"CUST_03";"Patisserie";5;25;122.5;"2022-04-24"
4029684;"CUST_16";"Furniture";7;35;245.0;"2024-04-19"
4029998;"CUST_03";"Milk Products";10;20;200.0;"2023-09-02"
4030118;"CUST_04";"Computers and electric accessories";4;19;74.0;"2022-11-20"
4030585;"CUST_11";"Computers and electric accessories";10;5;50.0;"2022-02-04"
4031068;"CUST_23";"Electric household essentials";9;37;328.5;"2022-01-31"
4032210;"CUST_14";"Patisserie";9;22;193.5;"2022-06-14"
4033040;"CUST_06";"Furniture";2;40;79.0;"2024-06-07"
4033083;"CUST_06";"Butchers";8;19;148.0;"2022-11-16"
4033809;"CUST_24";"Beverages";3;14;42.0;"2023-04-24"
4034256;"CUST_07";"Furniture";6;20;120.0;"2022-02-06"
4034447;"CUST_13";"Electric household essentials";10;35;350.0;"2023-02-18"
4034624;"CUST_09";"Patisserie";4;32;128.0;"2023-12-23"
4036118;"CUST_06";"Furniture";6;38;228.0;"2023-01-28"
4036266;"CUST_05";"Butchers";10;26;260.0;"2024-06-27"
4037099;"CUST_05";"Patisserie";5;16;77.5;"2024-09-09"
4037215;"CUST_04";"Butchers";7;23;161.0;"2023-06-14"
4038490;"CUST_19";"Patisserie";3;17;51.0;"2024-06-11"
4041690;"CUST_24";"Electric household essentials";0;0;0.0;"2022-07-02"
4041720;"CUST_03";"Furniture";9;10;85.5;"2024-09-29"
4042022;"CUST_18";"Computers and electric accessories";4;11;44.0;"2022-03-12"
4043491;"CUST_02";"Food";3;29;87.0;"2023-07-11"
4044183;"CUST_03";"Beverages";4;5;20.0;"2023-07-31"
4044974;"CUST_23";"Furniture";0;0;0.0;"2024-01-14"
4045427;"CUST_07";"Food";4;13;50.0;"2023-05-31"
4046056;"CUST_09";"Electric household essentials";5;37;182.5;"2024-02-04"
4046554;"CUST_05";"Furniture";7;41;287.0;"2023-02-15"
4047143;"CUST_16";"Butchers";10;41;410.0;"2024-04-19"
4047279;"CUST_09";"Electric household essentials";1;37;36.5;"2024-07-08"
4047741;"CUST_10";"Electric household essentials";5;38;190.0;"2022-12-25"
4048563;"CUST_24";"Computers and electric accessories";3;32;96.0;"2022-08-08"
4049162;"CUST_05";"Computers and electric accessories";9;28;247.5;"2023-12-19"
4050195;"CUST_03";"Milk Products";9;32;288.0;"2024-03-17"
4050560;"CUST_13";"Electric household essentials";6;26;156.0;"2024-07-17"
4051562;"CUST_11";"Computers and electric accessories";1;26;26.0;"2023-09-06"
4052796;"CUST_20";"Furniture";0;0;0.0;"2023-08-14"
4053566;"CUST_17";"Food";4;11;44.0;"2022-12-28"
4053847;"CUST_09";"Computers and electric accessories";1;22;21.5;"2022-05-29"
4055065;"CUST_04";"Butchers";2;26;52.0;"2022-07-12"
4055300;"CUST_15";"Furniture";8;20;160.0;"2024-10-22"
4055867;"CUST_14";"Milk Products";10;13;125.0;"2023-11-11"
4055976;"CUST_05";"Milk Products";4;32;128.0;"2024-09-29"
4056154;"CUST_18";"Computers and electric accessories";7;17;119.0;"2022-10-19"
4056456;"CUST_08";"Electric household essentials";0;0;0.0;"2022-05-23"
4057105;"CUST_18";"Food";1;17;17.0;"2023-04-19"
4057605;"CUST_05";"Milk Products";2;23;46.0;"2023-07-25"
4057646;"CUST_15";"Patisserie";9;14;126.0;"2022-08-29"
4058390;"CUST_10";"Computers and electric accessories";8;31;244.0;"2024-09-01"
4058445;"CUST_17";"Electric household essentials";5;13;62.5;"2022-08-04"
4058620;"CUST_16";"Furniture";4;5;20.0;"2024-09-03"
4059881;"CUST_02";"Milk Products";2;7;13.0;"2024-07-16"
4061146;"CUST_13";"Patisserie";2;26;52.0;"2023-07-15"
4062280;"CUST_01";"Computers and electric accessories";6;37;219.0;"2023-06-16"
4062346;"CUST_24";"Beverages";9;29;261.0;"2024-03-12"
4062425;"CUST_04";"Electric household essentials";7;10;66.5;"2024-06-21"
4062533;"CUST_22";"Computers and electric accessories";6;32;192.0;"2024-05-01"
4062925;"CUST_07";"Beverages";8;17;136.0;"2023-08-10"
4063341;"CUST_04";"Food";8;10;76.0;"2022-03-25"
4063797;"CUST_03";"Beverages";5;41;205.0;"2023-04-03"
4063830;"CUST_12";"Electric household essentials";7;29;203.0;"2022-12-18"
4064037;"CUST_07";"Computers and electric accessories";4;26;104.0;"2022-05-15"
4064394;"CUST_04";"Electric household essentials";8;38;304.0;"2023-09-07"
4064764;"CUST_11";"Food";2;19;37.0;"2022-07-02"
4066635;"CUST_09";"Butchers";3;22;64.5;"2022-05-03"
4068594;"CUST_24";"Computers and electric accessories";3;23;69.0;"2022-01-18"
4069953;"CUST_25";"Beverages";4;41;164.0;"2023-01-01"
4070576;"CUST_18";"Computers and electric accessories";6;17;102.0;"2022-03-19"
4070771;"CUST_05";"Patisserie";3;17;51.0;"2022-05-03"
4070908;"CUST_07";"Food";6;25;147.0;"2024-12-24"
4071110;"CUST_17";"Beverages";4;7;26.0;"2022-11-09"
4071141;"CUST_11";"Food";0;0;0.0;"2024-12-13"
4071268;"CUST_23";"Computers and electric accessories";7;37;255.5;"2024-08-20"
4071358;"CUST_10";"Furniture";6;34;201.0;"2024-01-13"
4075095;"CUST_02";"Beverages";6;16;93.0;"2024-04-11"
4075359;"CUST_06";"Furniture";0;0;0.0;"2024-10-13"
4076284;"CUST_05";"Milk Products";2;16;31.0;"2025-01-12"
4076999;"CUST_03";"Milk Products";9;29;261.0;"2024-02-10"
4077245;"CUST_11";"Butchers";1;28;27.5;"2024-03-13"
4077402;"CUST_07";"Butchers";1;38;38.0;"2024-02-09"
4077794;"CUST_19";"Butchers";2;38;76.0;"2024-07-30"
4078266;"CUST_10";"Computers and electric accessories";7;16;108.5;"2024-07-19"
4078421;"CUST_04";"Computers and electric accessories";8;35;280.0;"2022-06-24"
4078909;"CUST_15";"Electric household essentials";2;34;67.0;"2022-01-08"
4080988;"CUST_15";"Computers and electric accessories";3;17;51.0;"2022-12-03"
4082819;"CUST_25";"Furniture";8;7;52.0;"2023-03-03"
4082896;"CUST_15";"Milk Products";8;34;268.0;"2024-02-05"
4085222;"CUST_15";"Patisserie";9;38;342.0;"2022-03-04"
4086512;"CUST_13";"Food";2;28;55.0;"2022-08-31"
4086576;"CUST_07";"Beverages";9;32;288.0;"2024-04-09"
4086664;"CUST_05";"Computers and electric accessories";3;26;78.0;"2022-06-12"
4087929;"CUST_22";"Electric household essentials";4;29;116.0;"2022-10-30"
4088113;"CUST_03";"Food";4;22;86.0;"2022-04-14"
4090239;"CUST_08";"Patisserie";4;23;92.0;"2024-12-30"
4090288;"CUST_01";"Milk Products";9;32;288.0;"2022-07-02"
4090699;"CUST_20";"Furniture";1;16;15.5;"2024-07-27"
4090954;"CUST_21";"Milk Products";0;0;0.0;"2024-08-03"
4091330;"CUST_15";"Patisserie";5;14;70.0;"2022-09-29"
4091555;"CUST_21";"Butchers";6;26;156.0;"2022-08-01"
4091872;"CUST_10";"Food";1;25;24.5;"2023-07-15"
4092798;"CUST_20";"Patisserie";8;28;220.0;"2022-07-01"
4092805;"CUST_08";"Food";8;34;268.0;"2024-09-22"
4093697;"CUST_12";"Beverages";7;31;213.5;"2022-02-06"
4096416;"CUST_18";"Furniture";9;38;342.0;"2022-08-15"
4098785;"CUST_16";"Patisserie";6;17;102.0;"2024-10-09"
4098880;"CUST_16";"Food";4;37;146.0;"2022-11-08"
4099276;"CUST_17";"Beverages";6;14;84.0;"2024-11-24"
4099365;"CUST_13";"Milk Products";3;32;96.0;"2024-07-02"
4102079;"CUST_15";"Patisserie";4;20;80.0;"2023-02-15"
4102275;"CUST_12";"Milk Products";5;11;55.0;"2022-04-07"
4103847;"CUST_22";"Furniture";4;7;26.0;"2022-03-09"
4104623;"CUST_09";"Butchers";2;26;52.0;"2024-10-25"
4104691;"CUST_18";"Beverages";7;17;119.0;"2024-05-23"
4104865;"CUST_13";"Patisserie";1;41;41.0;"2024-08-24"
4104983;"CUST_09";"Computers and electric accessories";10;34;335.0;"2024-11-07"
4105300;"CUST_03";"Milk Products";4;23;92.0;"2023-08-27"
4105792;"CUST_02";"Furniture";9;7;58.5;"2023-10-14"
4106360;"CUST_02";"Computers and electric accessories";6;29;174.0;"2022-09-19"
4106679;"CUST_05";"Butchers";5;34;167.5;"2022-11-25"
4106782;"CUST_09";"Beverages";5;34;167.5;"2022-06-16"
4107798;"CUST_25";"Computers and electric accessories";6;31;183.0;"2022-09-08"
4108031;"CUST_22";"Computers and electric accessories";8;35;280.0;"2024-07-01"
4108548;"CUST_20";"Electric household essentials";2;13;25.0;"2023-03-12"
4109801;"CUST_24";"Food";3;35;105.0;"2023-07-11"
4111121;"CUST_02";"Electric household essentials";5;10;47.5;"2024-06-15"
4111338;"CUST_22";"Butchers";7;41;287.0;"2024-09-04"
4113425;"CUST_15";"Milk Products";4;28;110.0;"2022-09-20"
4114361;"CUST_15";"Food";6;41;246.0;"2023-03-09"
4114556;"CUST_21";"Patisserie";3;16;46.5;"2023-02-26"
4114856;"CUST_09";"Furniture";5;13;62.5;"2024-02-06"
4115707;"CUST_02";"Beverages";10;40;395.0;"2022-09-02"
4116552;"CUST_15";"Butchers";3;38;114.0;"2024-10-05"
4116590;"CUST_11";"Food";1;8;8.0;"2022-04-24"
4117981;"CUST_04";"Computers and electric accessories";9;28;247.5;"2023-12-31"
4118493;"CUST_24";"Patisserie";0;0;0.0;"2022-07-14"
4118617;"CUST_25";"Milk Products";7;28;192.5;"2024-11-14"
4118770;"CUST_20";"Furniture";1;11;11.0;"2023-04-05"
4119684;"CUST_24";"Patisserie";1;34;33.5;"2023-02-26"
4121313;"CUST_05";"Butchers";9;11;99.0;"2024-05-25"
4122428;"CUST_12";"Milk Products";10;13;125.0;"2024-04-21"
4122441;"CUST_24";"Patisserie";1;29;29.0;"2022-05-14"
4123109;"CUST_24";"Beverages";2;10;19.0;"2025-01-12"
4123250;"CUST_12";"Milk Products";9;23;207.0;"2024-05-27"
4123276;"CUST_14";"Food";5;13;62.5;"2023-07-09"
4123570;"CUST_09";"Milk Products";10;28;275.0;"2023-08-28"
4124069;"CUST_25";"Furniture";5;38;190.0;"2023-10-09"
4124586;"CUST_06";"Butchers";3;7;19.5;"2023-02-14"
4125241;"CUST_12";"Food";4;17;68.0;"2022-12-25"
4126221;"CUST_03";"Furniture";1;7;6.5;"2023-07-03"
4126711;"CUST_15";"Butchers";9;34;301.5;"2023-07-09"
4126714;"CUST_17";"Computers and electric accessories";7;22;150.5;"2022-08-29"
4127270;"CUST_18";"Beverages";2;37;73.0;"2022-04-05"
4128346;"CUST_14";"Beverages";3;14;42.0;"2024-01-31"
4129646;"CUST_25";"Beverages";7;16;108.5;"2022-08-30"
4129783;"CUST_10";"Milk Products";2;5;10.0;"2024-12-26"
4129849;"CUST_16";"Beverages";9;25;220.5;"2022-02-04"
4130110;"CUST_20";"Butchers";4;23;92.0;"2023-05-14"
4130550;"CUST_14";"Patisserie";5;22;107.5;"2023-04-28"
4130715;"CUST_08";"Patisserie";3;19;55.5;"2024-12-19"
4130749;"CUST_20";"Electric household essentials";9;13;112.5;"2023-01-25"
4130909;"CUST_21";"Furniture";10;26;260.0;"2022-07-08"
4131069;"CUST_14";"Milk Products";10;28;275.0;"2022-11-17"
4131199;"CUST_03";"Butchers";6;22;129.0;"2024-11-06"
4132386;"CUST_06";"Butchers";2;26;52.0;"2022-07-25"
4132764;"CUST_19";"Computers and electric accessories";9;22;193.5;"2022-05-19"
4133411;"CUST_15";"Computers and electric accessories";7;22;150.5;"2024-02-10"
4133670;"CUST_21";"Food";3;17;51.0;"2023-04-01"
4134129;"CUST_24";"Milk Products";5;35;175.0;"2023-04-14"
4134539;"CUST_18";"Electric household essentials";8;10;76.0;"2022-10-24"
4135051;"CUST_01";"Patisserie";3;20;60.0;"2024-03-24"
4136457;"CUST_22";"Food";10;10;95.0;"2022-09-18"
4139468;"CUST_21";"Computers and electric accessories";8;32;256.0;"2024-08-03"
4140793;"CUST_03";"Electric household essentials";8;16;124.0;"2022-11-29"
4141037;"CUST_18";"Computers and electric accessories";3;38;114.0;"2022-05-02"
4141134;"CUST_15";"Food";3;16;46.5;"2024-01-04"
4142429;"CUST_20";"Furniture";1;20;20.0;"2022-12-14"
4142629;"CUST_20";"Patisserie";2;7;13.0;"2024-04-24"
4142861;"CUST_22";"Milk Products";2;16;31.0;"2024-01-28"
4143543;"CUST_15";"Computers and electric accessories";2;17;34.0;"2022-03-21"
4143842;"CUST_05";"Butchers";0;0;0.0;"2023-06-07"
4144026;"CUST_01";"Butchers";6;29;174.0;"2023-11-16"
4144158;"CUST_25";"Patisserie";8;22;172.0;"2023-10-19"
4144500;"CUST_05";"Beverages";0;0;0.0;"2024-06-26"
4144954;"CUST_13";"Furniture";6;40;237.0;"2023-06-22"
4145243;"CUST_08";"Patisserie";10;19;185.0;"2024-12-08"
4145989;"CUST_16";"Food";8;22;172.0;"2022-12-28"
4146011;"CUST_17";"Electric household essentials";9;32;288.0;"2022-03-22"
4146156;"CUST_08";"Milk Products";2;8;16.0;"2024-01-14"
4147529;"CUST_18";"Computers and electric accessories";4;23;92.0;"2022-10-19"
4148681;"CUST_23";"Furniture";3;20;60.0;"2024-04-27"
4151275;"CUST_22";"Beverages";3;41;123.0;"2023-04-28"
4151549;"CUST_03";"Food";1;37;36.5;"2023-02-17"
4152048;"CUST_20";"Beverages";5;7;32.5;"2023-11-08"
4153975;"CUST_21";"Milk Products";8;32;256.0;"2023-01-26"
4157444;"CUST_13";"Electric household essentials";2;31;61.0;"2024-05-05"
4159313;"CUST_07";"Computers and electric accessories";9;11;99.0;"2024-11-29"
4160315;"CUST_05";"Milk Products";9;32;288.0;"2022-08-20"
4161105;"CUST_22";"Beverages";4;8;32.0;"2024-12-17"
4161318;"CUST_21";"Electric household essentials";7;23;161.0;"2023-08-18"
4162114;"CUST_11";"Food";5;22;107.5;"2023-05-02"
4164947;"CUST_09";"Furniture";2;40;79.0;"2024-01-04"
4165936;"CUST_12";"Electric household essentials";7;34;234.5;"2023-06-01"
4166663;"CUST_10";"Electric household essentials";8;23;184.0;"2023-08-03"
4166938;"CUST_08";"Food";1;10;9.5;"2022-03-13"
4167160;"CUST_01";"Computers and electric accessories";7;20;140.0;"2023-05-21"
4167564;"CUST_19";"Patisserie";1;7;6.5;"2024-02-26"
4168865;"CUST_11";"Patisserie";0;0;0.0;"2023-12-03"
4169051;"CUST_01";"Beverages";5;29;145.0;"2024-08-27"
4169126;"CUST_21";"Furniture";5;22;107.5;"2024-06-10"
4169487;"CUST_02";"Patisserie";3;28;82.5;"2023-03-26"
4169525;"CUST_12";"Computers and electric accessories";1;23;23.0;"2024-10-20"
4169720;"CUST_12";"Butchers";7;23;161.0;"2022-11-26"
4171929;"CUST_03";"Food";1;19;18.5;"2024-05-30"
4173885;"CUST_09";"Patisserie";7;8;56.0;"2022-08-15"
4173894;"CUST_02";"Electric household essentials";7;37;255.5;"2023-11-12"
4174028;"CUST_17";"Butchers";0;0;0.0;"2022-01-07"
4174281;"CUST_19";"Butchers";7;5;35.0;"2023-04-18"
4176280;"CUST_16";"Food";4;29;116.0;"2024-02-27"
4176409;"CUST_20";"Butchers";2;10;19.0;"2023-01-12"
4176444;"CUST_14";"Butchers";2;35;70.0;"2022-10-15"
4178572;"CUST_12";"Electric household essentials";8;32;256.0;"2024-11-05"
4178874;"CUST_10";"Butchers";6;38;228.0;"2022-07-19"
4180223;"CUST_13";"Beverages";3;31;91.5;"2024-03-16"
4180652;"CUST_11";"Milk Products";3;13;37.5;"2023-06-15"
4181012;"CUST_21";"Patisserie";6;16;93.0;"2024-06-24"
4181548;"CUST_02";"Furniture";9;7;58.5;"2023-03-19"
4182653;"CUST_01";"Electric household essentials";0;0;0.0;"2023-05-10"
4183197;"CUST_14";"Electric household essentials";2;35;70.0;"2023-09-17"
4183289;"CUST_12";"Milk Products";1;10;9.5;"2022-11-22"
4184687;"CUST_23";"Food";2;13;25.0;"2022-09-10"
4185893;"CUST_06";"Furniture";3;13;37.5;"2022-10-08"
4186609;"CUST_22";"Milk Products";9;23;207.0;"2023-09-09"
4187431;"CUST_23";"Electric household essentials";0;0;0.0;"2022-05-18"
4187658;"CUST_06";"Computers and electric accessories";10;26;260.0;"2023-07-17"
4187730;"CUST_23";"Furniture";4;40;158.0;"2024-11-25"
4188290;"CUST_08";"Electric household essentials";10;29;290.0;"2023-01-29"
4189375;"CUST_24";"Food";9;41;369.0;"2024-05-31"
4189415;"CUST_03";"Food";4;7;26.0;"2024-03-08"
4189884;"CUST_09";"Food";3;10;28.5;"2024-12-29"
4191194;"CUST_13";"Furniture";7;14;98.0;"2023-04-01"
4191425;"CUST_25";"Beverages";1;31;30.5;"2024-10-08"
4192202;"CUST_07";"Milk Products";2;40;79.0;"2022-06-08"
4192360;"CUST_22";"Milk Products";6;25;147.0;"2022-11-24"
4193004;"CUST_15";"Computers and electric accessories";4;10;38.0;"2023-10-23"
4194209;"CUST_01";"Electric household essentials";5;10;47.5;"2023-02-24"
4194229;"CUST_20";"Beverages";0;0;0.0;"2022-02-02"
4195168;"CUST_15";"Beverages";2;20;40.0;"2023-07-01"
4195260;"CUST_17";"Furniture";0;0;0.0;"2023-10-05"
4195293;"CUST_20";"Milk Products";9;22;193.5;"2023-01-02"
4195517;"CUST_19";"Food";3;41;123.0;"2023-11-17"
4195971;"CUST_10";"Patisserie";9;7;58.5;"2023-10-21"
4196751;"CUST_08";"Butchers";9;35;315.0;"2022-12-24"
4197095;"CUST_03";"Milk Products";3;7;19.5;"2024-08-19"
4199715;"CUST_23";"Food";5;13;62.5;"2024-05-06"
4199863;"CUST_11";"Furniture";9;38;342.0;"2022-09-12"
4200825;"CUST_03";"Computers and electric accessories";7;28;192.5;"2023-02-09"
4201299;"CUST_09";"Food";0;0;0.0;"2023-02-16"
4202877;"CUST_17";"Milk Products";5;5;25.0;"2023-12-17"
4204330;"CUST_04";"Furniture";3;10;28.5;"2022-11-04"
4204523;"CUST_21";"Beverages";7;16;108.5;"2024-12-12"
4205123;"CUST_14";"Milk Products";4;10;38.0;"2023-10-31"
4205231;"CUST_08";"Computers and electric accessories";3;32;96.0;"2024-03-07"
4205609;"CUST_16";"Electric household essentials";8;35;280.0;"2022-01-28"
4205627;"CUST_21";"Electric household essentials";7;11;77.0;"2024-02-01"
4205977;"CUST_04";"Food";5;40;197.5;"2024-01-17"
4206470;"CUST_05";"Electric household essentials";0;0;0.0;"2024-06-28"
4206593;"CUST_01";"Furniture";0;0;0.0;"2025-01-13"
4206956;"CUST_20";"Furniture";8;20;160.0;"2023-02-27"
4208189;"CUST_23";"Butchers";10;41;410.0;"2022-06-07"
4210328;"CUST_11";"Food";5;41;205.0;"2024-01-27"
4211434;"CUST_14";"Computers and electric accessories";4;23;92.0;"2022-10-04"
4212096;"CUST_19";"Beverages";2;41;82.0;"2024-10-16"
4212494;"CUST_02";"Electric household essentials";3;11;33.0;"2022-11-16"
4214359;"CUST_01";"Milk Products";5;20;100.0;"2023-07-11"
4214517;"CUST_19";"Butchers";10;5;50.0;"2024-01-21"
4214690;"CUST_06";"Electric household essentials";6;14;84.0;"2023-11-01"
4215500;"CUST_09";"Furniture";9;38;342.0;"2022-12-10"
4215624;"CUST_14";"Food";7;40;276.5;"2024-02-28"
4217069;"CUST_04";"Electric household essentials";4;38;152.0;"2022-07-29"
4218876;"CUST_14";"Butchers";6;28;165.0;"2022-04-15"
4219023;"CUST_06";"Butchers";0;0;0.0;"2024-01-04"
4219435;"CUST_23";"Food";0;0;0.0;"2022-10-07"
4219464;"CUST_14";"Food";4;10;38.0;"2024-07-27"
4219882;"CUST_04";"Computers and electric accessories";7;31;213.5;"2023-07-10"
4219923;"CUST_14";"Computers and electric accessories";10;20;200.0;"2024-03-15"
4221038;"CUST_10";"Computers and electric accessories";3;14;42.0;"2024-08-18"
4221582;"CUST_19";"Electric household essentials";10;31;305.0;"2022-07-25"
4222025;"CUST_02";"Electric household essentials";4;17;68.0;"2022-03-27"
4222067;"CUST_13";"Milk Products";1;20;20.0;"2024-11-28"
4223250;"CUST_16";"Beverages";7;37;255.5;"2023-05-31"
4224556;"CUST_06";"Furniture";5;38;190.0;"2022-07-21"
4225200;"CUST_25";"Computers and electric accessories";10;17;170.0;"2022-01-07"
4226051;"CUST_02";"Food";6;25;147.0;"2024-01-09"
4227145;"CUST_14";"Computers and electric accessories";7;25;171.5;"2024-06-25"
4229762;"CUST_20";"Milk Products";3;5;15.0;"2023-05-20"
4230848;"CUST_08";"Beverages";5;7;32.5;"2022-06-29"
4231938;"CUST_16";"Beverages";2;28;55.0;"2024-06-04"
4232426;"CUST_10";"Butchers";7;37;255.5;"2022-09-30"
4235196;"CUST_13";"Food";9;13;112.5;"2024-02-28"
4235666;"CUST_05";"Furniture";8;31;244.0;"2022-05-19"
4236200;"CUST_15";"Patisserie";3;8;24.0;"2023-09-01"
4237098;"CUST_07";"Electric household essentials";2;13;25.0;"2023-09-16"
4237426;"CUST_13";"Computers and electric accessories";7;32;224.0;"2022-01-24"
4237576;"CUST_10";"Milk Products";8;13;100.0;"2024-09-13"
4238599;"CUST_15";"Milk Products";3;16;46.5;"2024-04-09"
4238718;"CUST_01";"Computers and electric accessories";2;38;76.0;"2024-01-19"
4239928;"CUST_05";"Furniture";5;38;190.0;"2022-10-30"
4240172;"CUST_19";"Butchers";4;34;134.0;"2022-07-26"
4240515;"CUST_09";"Electric household essentials";0;0;0.0;"2023-09-23"
4241845;"CUST_07";"Beverages";1;29;29.0;"2024-08-02"
4242577;"CUST_12";"Butchers";5;41;205.0;"2023-02-21"
4242984;"CUST_17";"Beverages";1;14;14.0;"2022-08-13"
4243232;"CUST_01";"Patisserie";4;16;62.0;"2022-10-06"
4243879;"CUST_19";"Beverages";10;14;140.0;"2022-07-09"
4244094;"CUST_04";"Food";2;13;25.0;"2022-09-06"
4245049;"CUST_04";"Butchers";0;0;0.0;"2022-01-12"
4245105;"CUST_08";"Milk Products";0;0;0.0;"2025-01-09"
4245153;"CUST_08";"Beverages";10;32;320.0;"2024-08-20"
4246606;"CUST_02";"Food";7;29;203.0;"2023-10-24"
4247005;"CUST_01";"Furniture";6;19;111.0;"2022-02-04"
4248793;"CUST_23";"Milk Products";3;37;109.5;"2024-01-13"
4249164;"CUST_09";"Electric household essentials";8;7;52.0;"2024-06-07"
4249343;"CUST_22";"Milk Products";2;29;58.0;"2022-07-10"
4250184;"CUST_05";"Furniture";10;22;215.0;"2023-08-27"
4250432;"CUST_15";"Furniture";3;16;46.5;"2023-11-01"
4250712;"CUST_24";"Milk Products";5;20;100.0;"2022-10-17"
4251424;"CUST_24";"Computers and electric accessories";5;14;70.0;"2024-04-22"
4251687;"CUST_25";"Computers and electric accessories";7;13;87.5;"2022-07-19"
4254009;"CUST_13";"Patisserie";7;26;182.0;"2024-05-18"
4255098;"CUST_05";"Beverages";1;7;6.5;"2023-08-08"
4255190;"CUST_13";"Food";6;25;147.0;"2023-03-15"
4255841;"CUST_21";"Computers and electric accessories";9;37;328.5;"2023-08-12"
4257383;"CUST_10";"Electric household essentials";4;5;20.0;"2024-05-12"
4258144;"CUST_20";"Milk Products";0;0;0.0;"2024-11-15"
4258190;"CUST_14";"Patisserie";4;25;98.0;"2024-12-24"
4259268;"CUST_10";"Electric household essentials";6;35;210.0;"2024-10-21"
4259454;"CUST_09";"Computers and electric accessories";0;0;0.0;"2024-07-29"
4260472;"CUST_21";"Furniture";5;25;122.5;"2023-05-23"
4260538;"CUST_11";"Patisserie";4;40;158.0;"2023-05-20"
4261143;"CUST_20";"Milk Products";0;0;0.0;"2022-12-11"
4261151;"CUST_04";"Beverages";7;41;287.0;"2022-11-27"
4264920;"CUST_22";"Milk Products";6;29;174.0;"2022-02-04"
4265335;"CUST_05";"Food";1;34;33.5;"2023-06-22"
4265824;"CUST_21";"Beverages";8;16;124.0;"2022-12-13"
4266611;"CUST_13";"Butchers";3;20;60.0;"2024-06-04"
4266749;"CUST_11";"Furniture";7;38;266.0;"2022-08-10"
4268207;"CUST_02";"Butchers";3;34;100.5;"2022-11-08"
4268375;"CUST_09";"Furniture";7;11;77.0;"2022-04-28"
4269120;"CUST_06";"Patisserie";1;25;24.5;"2023-02-13"
4269803;"CUST_15";"Furniture";10;32;320.0;"2022-08-27"
4270618;"CUST_02";"Food";10;29;290.0;"2024-05-18"
4270988;"CUST_13";"Milk Products";1;38;38.0;"2023-09-27"
4271313;"CUST_12";"Patisserie";0;0;0.0;"2024-12-09"
4271465;"CUST_17";"Milk Products";2;5;10.0;"2022-11-29"
4272832;"CUST_04";"Furniture";7;11;77.0;"2023-06-12"
4273287;"CUST_15";"Patisserie";4;41;164.0;"2024-08-25"
4274208;"CUST_11";"Butchers";1;23;23.0;"2022-07-31"
4274209;"CUST_01";"Beverages";9;19;166.5;"2024-11-19"
4274237;"CUST_05";"Furniture";7;32;224.0;"2023-11-26"
4274817;"CUST_16";"Beverages";10;22;215.0;"2024-08-15"
4275306;"CUST_23";"Electric household essentials";9;38;342.0;"2022-03-19"
4275378;"CUST_10";"Beverages";5;28;137.5;"2023-04-05"
4276451;"CUST_17";"Beverages";1;37;36.5;"2024-05-27"
4276598;"CUST_16";"Milk Products";9;5;45.0;"2023-11-27"
4276753;"CUST_22";"Patisserie";8;5;40.0;"2022-10-11"
4276894;"CUST_07";"Patisserie";3;34;100.5;"2023-03-19"
4279575;"CUST_18";"Furniture";0;0;0.0;"2024-09-25"
4279673;"CUST_07";"Electric household essentials";3;11;33.0;"2023-07-02"
4279707;"CUST_19";"Furniture";2;7;13.0;"2022-03-03"
4280011;"CUST_15";"Butchers";4;11;44.0;"2022-01-06"
4281742;"CUST_13";"Electric household essentials";6;7;39.0;"2024-04-22"
4283333;"CUST_09";"Food";4;31;122.0;"2024-09-06"
4283461;"CUST_13";"Food";5;31;152.5;"2023-06-25"
4283867;"CUST_18";"Patisserie";9;20;180.0;"2023-07-17"
4283900;"CUST_04";"Beverages";6;40;237.0;"2022-06-23"
4284755;"CUST_07";"Milk Products";4;23;92.0;"2024-10-13"
4284887;"CUST_01";"Computers and electric accessories";9;7;58.5;"2022-10-26"
4285730;"CUST_17";"Patisserie";6;40;237.0;"2022-01-14"
4286038;"CUST_05";"Milk Products";5;32;160.0;"2024-11-26"
4286060;"CUST_09";"Butchers";9;25;220.5;"2024-10-08"
4286155;"CUST_12";"Food";7;11;77.0;"2025-01-03"
4286472;"CUST_12";"Computers and electric accessories";10;41;410.0;"2022-06-10"
4286798;"CUST_25";"Furniture";5;40;197.5;"2022-05-22"
4287352;"CUST_01";"Electric household essentials";1;23;23.0;"2024-11-03"
4287690;"CUST_11";"Beverages";3;23;69.0;"2023-12-08"
4287814;"CUST_06";"Electric household essentials";1;16;15.5;"2023-10-31"
4287831;"CUST_22";"Computers and electric accessories";5;17;85.0;"2024-08-17"
4287964;"CUST_10";"Electric household essentials";7;32;224.0;"2023-02-01"
4288023;"CUST_06";"Furniture";1;32;32.0;"2023-05-04"
4288227;"CUST_08";"Butchers";8;37;292.0;"2024-12-11"
4289142;"CUST_13";"Butchers";7;37;255.5;"2023-12-21"
4289411;"CUST_10";"Butchers";7;41;287.0;"2024-11-13"
4290067;"CUST_03";"Milk Products";10;10;95.0;"2023-07-04"
4290252;"CUST_21";"Furniture";7;13;87.5;"2023-06-17"
4290895;"CUST_13";"Computers and electric accessories";8;20;160.0;"2023-01-18"
4292272;"CUST_14";"Beverages";5;25;122.5;"2022-06-14"
4292471;"CUST_20";"Beverages";3;14;42.0;"2023-12-18"
4293234;"CUST_23";"Furniture";10;13;125.0;"2022-05-11"
4294387;"CUST_08";"Furniture";10;7;65.0;"2023-10-22"
4295681;"CUST_01";"Food";1;22;21.5;"2022-03-23"
4295746;"CUST_11";"Electric household essentials";3;38;114.0;"2023-05-03"
4296408;"CUST_04";"Butchers";6;23;138.0;"2022-08-26"
4296698;"CUST_02";"Butchers";1;22;21.5;"2024-01-12"
4297005;"CUST_03";"Patisserie";7;34;234.5;"2023-04-02"
4297569;"CUST_07";"Beverages";10;29;290.0;"2023-05-10"
4297692;"CUST_15";"Furniture";6;7;39.0;"2023-06-29"
4298148;"CUST_18";"Butchers";8;22;172.0;"2022-01-11"
4298643;"CUST_07";"Furniture";2;28;55.0;"2024-02-14"
4298899;"CUST_11";"Food";6;25;147.0;"2024-04-27"
4298975;"CUST_22";"Milk Products";2;31;61.0;"2023-12-18"
4299562;"CUST_06";"Milk Products";6;40;237.0;"2023-05-22"
4299688;"CUST_24";"Beverages";9;37;328.5;"2024-11-30"
4299947;"CUST_18";"Butchers";4;38;152.0;"2023-05-15"
4299995;"CUST_22";"Furniture";8;11;88.0;"2022-06-28"
4300165;"CUST_15";"Beverages";3;41;123.0;"2023-02-18"
4304033;"CUST_14";"Milk Products";4;28;110.0;"2023-12-05"
4304226;"CUST_05";"Butchers";6;29;174.0;"2023-09-16"
4304514;"CUST_10";"Furniture";8;8;64.0;"2022-03-31"
4305717;"CUST_17";"Butchers";5;41;205.0;"2023-03-31"
4306611;"CUST_16";"Electric household essentials";6;32;192.0;"2023-08-25"
4308632;"CUST_15";"Milk Products";1;10;9.5;"2022-10-14"
4310580;"CUST_05";"Electric household essentials";2;37;73.0;"2023-11-08"
4311728;"CUST_20";"Food";6;22;129.0;"2023-04-20"
4311947;"CUST_18";"Electric household essentials";0;0;0.0;"2023-07-17"
4312233;"CUST_19";"Beverages";6;26;156.0;"2024-07-27"
4313655;"CUST_25";"Butchers";7;28;192.5;"2022-02-18"
4315111;"CUST_11";"Milk Products";10;19;185.0;"2023-05-26"
4316339;"CUST_07";"Butchers";9;8;72.0;"2023-01-28"
4317033;"CUST_06";"Electric household essentials";6;41;246.0;"2023-05-17"
4318649;"CUST_18";"Electric household essentials";7;34;234.5;"2024-08-31"
4318867;"CUST_09";"Computers and electric accessories";1;32;32.0;"2023-07-15"
4320727;"CUST_15";"Patisserie";4;38;152.0;"2023-05-18"
4321114;"CUST_01";"Milk Products";8;28;220.0;"2023-11-16"
4322217;"CUST_21";"Computers and electric accessories";2;31;61.0;"2024-11-23"
4323023;"CUST_20";"Milk Products";7;10;66.5;"2023-04-25"
4323462;"CUST_22";"Computers and electric accessories";8;19;148.0;"2023-01-09"
4323774;"CUST_06";"Butchers";10;13;125.0;"2023-10-16"
4324046;"CUST_17";"Beverages";6;34;201.0;"2022-12-02"
4324177;"CUST_16";"Butchers";10;40;395.0;"2023-11-20"
4324613;"CUST_22";"Electric household essentials";7;37;255.5;"2022-03-01"
4324641;"CUST_01";"Patisserie";6;28;165.0;"2023-11-07"
4324860;"CUST_15";"Furniture";6;40;237.0;"2024-07-15"
4325085;"CUST_03";"Computers and electric accessories";5;13;62.5;"2023-09-19"
4327045;"CUST_08";"Electric household essentials";9;41;369.0;"2024-08-11"
4327164;"CUST_23";"Computers and electric accessories";9;23;207.0;"2024-09-04"
4327459;"CUST_14";"Beverages";7;25;171.5;"2022-01-09"
4329433;"CUST_06";"Electric household essentials";1;29;29.0;"2024-04-08"
4329866;"CUST_14";"Butchers";5;34;167.5;"2022-10-03"
4331486;"CUST_21";"Butchers";3;13;37.5;"2022-09-11"
4332290;"CUST_04";"Furniture";8;8;64.0;"2024-09-11"
4333003;"CUST_15";"Furniture";7;34;234.5;"2024-01-25"
4333089;"CUST_20";"Food";0;0;0.0;"2023-12-21"
4334628;"CUST_10";"Electric household essentials";1;37;36.5;"2022-10-12"
4335091;"CUST_18";"Furniture";8;7;52.0;"2023-01-28"
4335324;"CUST_25";"Food";2;13;25.0;"2022-11-03"
4335485;"CUST_25";"Butchers";5;23;115.0;"2022-12-29"
4336368;"CUST_22";"Furniture";1;16;15.5;"2023-10-31"
4337439;"CUST_19";"Patisserie";9;23;207.0;"2023-05-15"
4338398;"CUST_07";"Food";0;0;0.0;"2024-09-14"
4338722;"CUST_13";"Furniture";10;28;275.0;"2024-07-25"
4339069;"CUST_19";"Butchers";1;37;36.5;"2022-07-21"
4340228;"CUST_24";"Patisserie";5;11;55.0;"2024-11-01"
4340415;"CUST_14";"Patisserie";10;13;125.0;"2024-07-26"
4340729;"CUST_15";"Beverages";9;40;355.5;"2024-10-02"
4341401;"CUST_18";"Electric household essentials";0;0;0.0;"2023-04-09"
4344002;"CUST_07";"Beverages";3;20;60.0;"2023-09-28"
4344596;"CUST_17";"Patisserie";0;0;0.0;"2024-04-03"
4344721;"CUST_15";"Computers and electric accessories";8;41;328.0;"2024-01-20"
4346191;"CUST_18";"Electric household essentials";6;22;129.0;"2024-11-12"
4347202;"CUST_16";"Milk Products";1;20;20.0;"2022-07-05"
4347270;"CUST_24";"Electric household essentials";7;37;255.5;"2022-06-10"
4347787;"CUST_15";"Electric household essentials";3;35;105.0;"2022-12-09"
4348674;"CUST_02";"Milk Products";5;25;122.5;"2022-02-27"
4349260;"CUST_10";"Food";4;23;92.0;"2024-12-10"
4349417;"CUST_24";"Beverages";7;10;66.5;"2024-03-10"
4349507;"CUST_18";"Electric household essentials";7;11;77.0;"2023-07-17"
4350432;"CUST_13";"Furniture";7;22;150.5;"2023-05-19"
4351153;"CUST_21";"Food";0;0;0.0;"2024-12-07"
4351750;"CUST_12";"Food";4;32;128.0;"2022-11-04"
4351976;"CUST_15";"Computers and electric accessories";6;26;156.0;"2024-08-03"
4353166;"CUST_16";"Computers and electric accessories";1;7;6.5;"2022-06-21"
4353295;"CUST_22";"Patisserie";8;13;100.0;"2022-04-05"
4354004;"CUST_01";"Electric household essentials";10;19;185.0;"2024-12-16"
4354993;"CUST_15";"Milk Products";7;35;245.0;"2023-10-09"
4355077;"CUST_24";"Food";5;29;145.0;"2023-02-24"
4356714;"CUST_23";"Computers and electric accessories";8;13;100.0;"2023-11-24"
4357861;"CUST_22";"Food";3;34;100.5;"2025-01-15"
4358862;"CUST_06";"Butchers";4;7;26.0;"2022-04-19"
4359913;"CUST_23";"Milk Products";4;32;128.0;"2022-06-17"
4361393;"CUST_21";"Patisserie";6;17;102.0;"2024-12-14"
4363368;"CUST_15";"Computers and electric accessories";4;17;68.0;"2023-09-01"
4363648;"CUST_09";"Electric household essentials";2;32;64.0;"2023-07-23"
4364043;"CUST_23";"Milk Products";7;11;77.0;"2022-06-27"
4364454;"CUST_13";"Computers and electric accessories";5;28;137.5;"2023-07-30"
4366672;"CUST_05";"Milk Products";1;13;12.5;"2023-09-25"
4366763;"CUST_09";"Furniture";3;20;60.0;"2022-07-19"
4366890;"CUST_04";"Electric household essentials";9;34;301.5;"2022-11-04"
4369363;"CUST_25";"Beverages";6;10;57.0;"2024-12-29"
4369693;"CUST_11";"Food";2;17;34.0;"2022-07-02"
4371906;"CUST_07";"Electric household essentials";6;34;201.0;"2022-06-02"
4372415;"CUST_17";"Beverages";6;7;39.0;"2023-03-20"
4372655;"CUST_08";"Food";7;17;119.0;"2024-11-03"
4373165;"CUST_13";"Furniture";8;17;136.0;"2024-05-03"
4373603;"CUST_08";"Electric household essentials";1;7;6.5;"2022-07-14"
4373645;"CUST_11";"Patisserie";8;40;316.0;"2022-06-26"
4374445;"CUST_12";"Food";10;41;410.0;"2024-10-17"
4375011;"CUST_19";"Butchers";0;0;0.0;"2022-01-16"
4375152;"CUST_17";"Butchers";8;41;328.0;"2022-04-14"
4376840;"CUST_21";"Computers and electric accessories";8;25;196.0;"2024-06-15"
4376968;"CUST_22";"Furniture";2;13;25.0;"2024-08-05"
4378791;"CUST_02";"Butchers";7;37;255.5;"2022-05-11"
4379015;"CUST_23";"Computers and electric accessories";6;16;93.0;"2022-10-11"
4379335;"CUST_10";"Beverages";6;10;57.0;"2024-01-19"
4379449;"CUST_19";"Patisserie";7;26;182.0;"2023-10-22"
4379762;"CUST_17";"Butchers";6;38;228.0;"2024-08-06"
4380075;"CUST_25";"Furniture";10;28;275.0;"2023-07-17"
4380514;"CUST_24";"Beverages";10;22;215.0;"2024-03-15"
4380827;"CUST_02";"Milk Products";5;34;167.5;"2023-12-12"
4382785;"CUST_10";"Beverages";5;16;77.5;"2024-04-22"
4383123;"CUST_13";"Patisserie";5;5;25.0;"2022-04-17"
4383900;"CUST_23";"Food";1;41;41.0;"2024-07-23"
4385983;"CUST_25";"Milk Products";3;23;69.0;"2024-08-24"
4387487;"CUST_17";"Computers and electric accessories";9;41;369.0;"2023-04-11"
4387515;"CUST_12";"Beverages";8;14;112.0;"2023-07-06"
4387932;"CUST_21";"Furniture";6;5;30.0;"2024-08-11"
4388498;"CUST_05";"Computers and electric accessories";1;41;41.0;"2023-12-09"
4390681;"CUST_19";"Furniture";3;20;60.0;"2024-10-12"
4392355;"CUST_08";"Patisserie";4;16;62.0;"2024-12-14"
4393198;"CUST_05";"Electric household essentials";5;13;62.5;"2023-08-02"
4394615;"CUST_20";"Milk Products";2;10;19.0;"2024-10-20"
4395212;"CUST_15";"Furniture";1;5;5.0;"2023-06-02"
4395524;"CUST_17";"Computers and electric accessories";6;23;138.0;"2023-01-08"
4396084;"CUST_19";"Furniture";0;0;0.0;"2024-03-30"
4396240;"CUST_23";"Electric household essentials";9;38;342.0;"2024-04-28"
4396796;"CUST_09";"Butchers";2;20;40.0;"2023-08-31"
4396807;"CUST_17";"Electric household essentials";1;23;23.0;"2022-02-07"
4397672;"CUST_04";"Beverages";0;0;0.0;"2024-11-28"
4398240;"CUST_23";"Electric household essentials";9;11;99.0;"2023-03-04"
4398511;"CUST_07";"Furniture";5;13;62.5;"2022-02-20"
4398638;"CUST_07";"Electric household essentials";10;16;155.0;"2022-11-18"
4399010;"CUST_11";"Electric household essentials";4;41;164.0;"2023-09-21"
4399558;"CUST_02";"Milk Products";5;38;190.0;"2023-08-16"
4399717;"CUST_16";"Milk Products";2;7;13.0;"2022-12-15"
4400958;"CUST_23";"Milk Products";2;40;79.0;"2022-07-08"
4401677;"CUST_25";"Furniture";2;11;22.0;"2022-02-06"
4403043;"CUST_17";"Furniture";3;16;46.5;"2024-12-15"
4403790;"CUST_21";"Furniture";5;7;32.5;"2023-03-26"
4404066;"CUST_02";"Milk Products";2;23;46.0;"2023-05-15"
4405059;"CUST_21";"Food";6;14;84.0;"2024-09-19"
4406496;"CUST_18";"Electric household essentials";3;23;69.0;"2024-09-16"
4406536;"CUST_18";"Patisserie";2;17;34.0;"2024-02-21"
4407240;"CUST_17";"Butchers";6;34;201.0;"2023-12-12"
4407458;"CUST_14";"Electric household essentials";9;29;261.0;"2023-03-26"
4407882;"CUST_05";"Patisserie";6;8;48.0;"2022-01-12"
4407953;"CUST_11";"Beverages";4;5;20.0;"2024-06-17"
4408493;"CUST_20";"Butchers";10;23;230.0;"2023-01-10"
4408619;"CUST_14";"Electric household essentials";8;26;208.0;"2022-10-22"
4411069;"CUST_08";"Food";10;20;200.0;"2022-05-06"
4411160;"CUST_17";"Computers and electric accessories";1;23;23.0;"2024-05-29"
4411326;"CUST_20";"Beverages";6;32;192.0;"2022-01-20"
4411366;"CUST_09";"Milk Products";8;10;76.0;"2023-01-04"
4412300;"CUST_05";"Electric household essentials";10;38;380.0;"2022-08-18"
4412872;"CUST_19";"Patisserie";9;25;220.5;"2024-07-08"
4413070;"CUST_14";"Patisserie";6;40;237.0;"2022-05-20"
4413400;"CUST_25";"Food";8;41;328.0;"2023-08-31"
4415248;"CUST_18";"Furniture";3;34;100.5;"2024-10-20"
4416629;"CUST_01";"Patisserie";8;23;184.0;"2023-08-25"
4417030;"CUST_24";"Furniture";9;11;99.0;"2024-08-29"
4417302;"CUST_11";"Butchers";9;26;234.0;"2024-09-05"
4417465;"CUST_15";"Computers and electric accessories";2;20;40.0;"2024-02-13"
4418483;"CUST_10";"Milk Products";8;8;64.0;"2022-04-22"
4419343;"CUST_03";"Food";10;13;125.0;"2024-08-15"
4421008;"CUST_24";"Butchers";3;5;15.0;"2024-02-12"
4421171;"CUST_23";"Patisserie";10;34;335.0;"2023-01-15"
4422429;"CUST_15";"Electric household essentials";10;40;395.0;"2024-06-10"
4422759;"CUST_21";"Electric household essentials";6;38;228.0;"2025-01-06"
4422875;"CUST_23";"Furniture";2;26;52.0;"2023-10-01"
4424908;"CUST_05";"Food";10;22;215.0;"2022-10-26"
4425254;"CUST_19";"Milk Products";7;32;224.0;"2024-01-09"
4425516;"CUST_23";"Computers and electric accessories";9;29;261.0;"2022-06-21"
4425679;"CUST_16";"Electric household essentials";2;16;31.0;"2022-11-09"
4426046;"CUST_10";"Butchers";0;0;0.0;"2024-02-16"
4426921;"CUST_25";"Patisserie";10;17;170.0;"2023-03-27"
4428473;"CUST_04";"Electric household essentials";10;41;410.0;"2022-07-28"
4429872;"CUST_03";"Butchers";10;11;110.0;"2024-01-27"
4430201;"CUST_25";"Furniture";4;22;86.0;"2023-11-03"
4430414;"CUST_01";"Beverages";5;34;167.5;"2025-01-09"
4431120;"CUST_24";"Food";3;28;82.5;"2022-10-25"
4431438;"CUST_05";"Furniture";6;11;66.0;"2023-12-31"
4432365;"CUST_01";"Butchers";5;22;107.5;"2022-03-17"
4433161;"CUST_21";"Milk Products";4;20;80.0;"2022-08-20"
4433717;"CUST_06";"Butchers";4;7;26.0;"2022-08-10"
4435281;"CUST_20";"Butchers";4;38;152.0;"2025-01-05"
4435938;"CUST_05";"Electric household essentials";4;23;92.0;"2023-08-06"
4436192;"CUST_18";"Beverages";10;22;215.0;"2023-04-29"
4436280;"CUST_11";"Computers and electric accessories";9;20;180.0;"2024-07-28"
4436938;"CUST_12";"Furniture";9;26;234.0;"2023-05-18"
4437254;"CUST_11";"Food";4;8;32.0;"2023-07-22"
4437831;"CUST_03";"Milk Products";1;14;14.0;"2022-04-24"
4438137;"CUST_21";"Food";10;17;170.0;"2024-05-24"
4438498;"CUST_07";"Beverages";5;25;122.5;"2022-06-02"
4442698;"CUST_10";"Butchers";8;35;280.0;"2023-06-26"
4443367;"CUST_16";"Patisserie";4;40;158.0;"2024-10-15"
4443574;"CUST_08";"Butchers";0;0;0.0;"2024-01-08"
4444444;"CUST_23";"Computers and electric accessories";1;28;27.5;"2022-11-14"
4445624;"CUST_18";"Beverages";2;28;55.0;"2023-04-23"
4445756;"CUST_15";"Patisserie";4;41;164.0;"2023-10-26"
4445795;"CUST_04";"Milk Products";6;28;165.0;"2024-07-20"
4446737;"CUST_11";"Beverages";10;28;275.0;"2022-03-15"
4448047;"CUST_03";"Milk Products";6;16;93.0;"2022-06-15"
4450124;"CUST_07";"Beverages";5;10;47.5;"2024-03-20"
4450656;"CUST_15";"Electric household essentials";10;23;230.0;"2023-04-18"
4451027;"CUST_04";"Electric household essentials";6;29;174.0;"2022-10-29"
4451594;"CUST_23";"Patisserie";8;37;292.0;"2022-10-19"
4451880;"CUST_19";"Furniture";6;10;57.0;"2022-12-19"
4452311;"CUST_23";"Beverages";8;20;160.0;"2022-12-10"
4452566;"CUST_15";"Beverages";8;10;76.0;"2022-01-07"
4452577;"CUST_16";"Electric household essentials";4;32;128.0;"2022-02-13"
4452945;"CUST_13";"Electric household essentials";7;23;161.0;"2024-11-20"
4454069;"CUST_21";"Electric household essentials";7;13;87.5;"2023-08-23"
4454614;"CUST_25";"Patisserie";1;19;18.5;"2025-01-13"
4454635;"CUST_02";"Food";10;31;305.0;"2024-10-23"
4456347;"CUST_16";"Electric household essentials";10;41;410.0;"2022-09-11"
4457696;"CUST_22";"Butchers";10;22;215.0;"2022-12-04"
4457834;"CUST_10";"Beverages";1;13;12.5;"2024-02-06"
4459060;"CUST_04";"Beverages";7;7;45.5;"2024-01-20"
4459141;"CUST_25";"Beverages";9;25;220.5;"2023-03-28"
4459209;"CUST_06";"Furniture";10;17;170.0;"2023-10-22"
4459275;"CUST_25";"Milk Products";1;38;38.0;"2024-01-23"
4459526;"CUST_11";"Milk Products";9;8;72.0;"2022-01-03"
4459903;"CUST_24";"Food";4;41;164.0;"2023-04-12"
4459954;"CUST_13";"Computers and electric accessories";7;17;119.0;"2024-12-10"
4461053;"CUST_14";"Beverages";9;5;45.0;"2023-07-13"
4461081;"CUST_04";"Electric household essentials";1;26;26.0;"2022-07-31"
4461090;"CUST_21";"Furniture";4;5;20.0;"2023-02-15"
4461705;"CUST_20";"Milk Products";8;28;220.0;"2023-07-13"
4462629;"CUST_06";"Patisserie";10;38;380.0;"2023-11-05"
4464022;"CUST_01";"Food";9;13;112.5;"2024-01-09"
4464985;"CUST_14";"Butchers";8;23;184.0;"2022-12-02"
4465035;"CUST_03";"Beverages";4;35;140.0;"2025-01-01"
4466822;"CUST_21";"Electric household essentials";10;10;95.0;"2024-02-25"
4467507;"CUST_01";"Beverages";2;41;82.0;"2023-07-24"
4467718;"CUST_04";"Food";1;25;24.5;"2022-07-28"
4468083;"CUST_14";"Electric household essentials";10;17;170.0;"2022-06-30"
4468543;"CUST_16";"Computers and electric accessories";2;22;43.0;"2024-03-26"
4469477;"CUST_06";"Butchers";5;35;175.0;"2022-12-28"
4469536;"CUST_11";"Furniture";4;41;164.0;"2024-01-12"
4469798;"CUST_12";"Furniture";6;20;120.0;"2022-05-04"
4470830;"CUST_24";"Milk Products";3;7;19.5;"2022-12-31"
4471077;"CUST_15";"Food";8;14;112.0;"2023-04-18"
4471644;"CUST_25";"Butchers";1;20;20.0;"2023-09-12"
4473345;"CUST_22";"Milk Products";9;32;288.0;"2023-01-15"
4473481;"CUST_16";"Beverages";4;32;128.0;"2023-11-20"
4475205;"CUST_23";"Furniture";6;26;156.0;"2024-08-25"
4475227;"CUST_18";"Electric household essentials";0;0;0.0;"2024-05-10"
4475893;"CUST_11";"Beverages";6;41;246.0;"2024-09-25"
4476611;"CUST_13";"Food";6;25;147.0;"2023-03-01"
4476674;"CUST_13";"Milk Products";10;23;230.0;"2024-06-19"
4477071;"CUST_20";"Furniture";1;35;35.0;"2023-08-28"
4477147;"CUST_20";"Furniture";1;7;6.5;"2022-04-28"
4478057;"CUST_02";"Food";7;25;171.5;"2024-05-25"
4478162;"CUST_25";"Electric household essentials";2;11;22.0;"2023-10-05"
4479885;"CUST_05";"Computers and electric accessories";3;17;51.0;"2023-06-16"
4480140;"CUST_16";"Milk Products";7;14;98.0;"2024-03-23"
4481519;"CUST_03";"Butchers";8;38;304.0;"2023-05-07"
4481593;"CUST_25";"Butchers";8;38;304.0;"2022-11-23"
4482044;"CUST_17";"Electric household essentials";1;20;20.0;"2022-03-14"
4482538;"CUST_10";"Milk Products";1;20;20.0;"2023-12-11"
4483598;"CUST_02";"Patisserie";7;25;171.5;"2024-09-06"
4483784;"CUST_14";"Furniture";6;32;192.0;"2022-11-04"
4485519;"CUST_24";"Food";10;22;215.0;"2024-12-02"
4486901;"CUST_14";"Beverages";4;34;134.0;"2022-11-30"
4487199;"CUST_25";"Butchers";5;7;32.5;"2024-10-31"
4488397;"CUST_04";"Beverages";7;26;182.0;"2022-02-25"
4488427;"CUST_04";"Butchers";7;34;234.5;"2022-05-31"
4488468;"CUST_05";"Milk Products";1;13;12.5;"2023-05-15"
4488982;"CUST_25";"Furniture";2;38;76.0;"2022-09-12"
4489065;"CUST_22";"Beverages";4;37;146.0;"2024-08-16"
4489205;"CUST_02";"Furniture";8;20;160.0;"2022-08-01"
4489216;"CUST_21";"Furniture";2;31;61.0;"2025-01-08"
4490143;"CUST_09";"Beverages";2;20;40.0;"2023-09-27"
4491189;"CUST_19";"Beverages";5;37;182.5;"2024-08-21"
4491503;"CUST_10";"Milk Products";2;38;76.0;"2024-05-31"
4491566;"CUST_20";"Beverages";8;40;316.0;"2024-02-23"
4492291;"CUST_16";"Food";5;35;175.0;"2024-03-18"
4492875;"CUST_16";"Milk Products";10;32;320.0;"2024-12-03"
4493777;"CUST_15";"Patisserie";6;17;102.0;"2022-05-22"
4494003;"CUST_02";"Electric household essentials";2;38;76.0;"2024-09-06"
4494180;"CUST_19";"Furniture";4;19;74.0;"2022-03-12"
4494629;"CUST_24";"Milk Products";3;8;24.0;"2024-12-11"
4494866;"CUST_22";"Computers and electric accessories";4;7;26.0;"2024-03-11"
4495319;"CUST_25";"Computers and electric accessories";0;0;0.0;"2023-04-15"
4495427;"CUST_06";"Milk Products";8;26;208.0;"2024-04-04"
4497098;"CUST_05";"Butchers";8;22;172.0;"2022-07-12"
4497413;"CUST_02";"Furniture";10;16;155.0;"2022-06-30"
4497756;"CUST_21";"Patisserie";4;31;122.0;"2023-06-18"
4498044;"CUST_17";"Furniture";4;7;26.0;"2023-06-22"
4499063;"CUST_20";"Butchers";2;23;46.0;"2022-10-18"
4500615;"CUST_22";"Food";6;22;129.0;"2023-03-03"
4501679;"CUST_04";"Beverages";1;25;24.5;"2024-05-08"
4501715;"CUST_17";"Computers and electric accessories";2;23;46.0;"2022-03-24"
4501948;"CUST_24";"Electric household essentials";8;28;220.0;"2023-07-28"
4501999;"CUST_10";"Beverages";5;38;190.0;"2024-05-12"
4502266;"CUST_05";"Computers and electric accessories";5;5;25.0;"2024-08-20"
4502464;"CUST_01";"Food";9;11;99.0;"2023-04-27"
4505972;"CUST_25";"Beverages";2;41;82.0;"2022-08-27"
4506004;"CUST_21";"Food";8;37;292.0;"2024-04-07"
4506079;"CUST_05";"Patisserie";1;5;5.0;"2023-09-21"
4506615;"CUST_10";"Butchers";3;22;64.5;"2022-05-29"
4508080;"CUST_17";"Computers and electric accessories";10;14;140.0;"2024-12-25"
4508397;"CUST_07";"Patisserie";2;11;22.0;"2024-09-15"
4508836;"CUST_21";"Electric household essentials";10;37;365.0;"2024-01-17"
4509243;"CUST_20";"Furniture";7;40;276.5;"2022-02-17"
4511207;"CUST_05";"Butchers";5;22;107.5;"2022-05-26"
4511246;"CUST_16";"Butchers";7;37;255.5;"2022-02-07"
4512472;"CUST_23";"Butchers";1;41;41.0;"2023-06-18"
4512719;"CUST_06";"Milk Products";7;16;108.5;"2023-03-25"
4513855;"CUST_14";"Electric household essentials";3;32;96.0;"2023-12-10"
4514680;"CUST_21";"Patisserie";6;10;57.0;"2022-12-05"
4515512;"CUST_11";"Electric household essentials";5;34;167.5;"2024-09-25"
4515690;"CUST_13";"Milk Products";3;28;82.5;"2023-01-24"
4516306;"CUST_02";"Food";6;23;138.0;"2023-07-28"
4517752;"CUST_05";"Beverages";6;41;246.0;"2022-07-21"
4520102;"CUST_12";"Milk Products";8;28;220.0;"2024-11-17"
4520262;"CUST_21";"Beverages";6;40;237.0;"2024-11-30"
4521020;"CUST_15";"Butchers";4;32;128.0;"2022-06-19"
4521044;"CUST_08";"Butchers";6;38;228.0;"2024-12-05"
4521411;"CUST_24";"Butchers";4;28;110.0;"2024-08-10"
4522149;"CUST_14";"Food";1;29;29.0;"2022-12-24"
4522176;"CUST_02";"Butchers";5;25;122.5;"2024-04-27"
4522379;"CUST_24";"Computers and electric accessories";8;26;208.0;"2024-07-01"
4523018;"CUST_07";"Electric household essentials";6;41;246.0;"2024-01-08"
4523181;"CUST_14";"Computers and electric accessories";1;17;17.0;"2022-08-11"
4523273;"CUST_01";"Furniture";6;26;156.0;"2024-11-22"
4523627;"CUST_23";"Patisserie";8;17;136.0;"2022-12-27"
4524072;"CUST_13";"Furniture";6;29;174.0;"2024-01-14"
4524628;"CUST_11";"Electric household essentials";1;13;12.5;"2023-08-06"
4525013;"CUST_06";"Milk Products";7;20;140.0;"2024-11-05"
4525054;"CUST_04";"Milk Products";2;20;40.0;"2024-07-10"
4525178;"CUST_12";"Patisserie";7;29;203.0;"2022-09-18"
4525407;"CUST_19";"Milk Products";8;40;316.0;"2022-03-02"
4525970;"CUST_02";"Patisserie";3;17;51.0;"2023-05-24"
4526782;"CUST_05";"Beverages";4;28;110.0;"2024-12-11"
4527650;"CUST_23";"Computers and electric accessories";1;35;35.0;"2022-04-14"
4528114;"CUST_04";"Computers and electric accessories";3;37;109.5;"2022-05-22"
4528572;"CUST_14";"Butchers";4;41;164.0;"2022-10-13"
4532214;"CUST_25";"Patisserie";0;0;0.0;"2024-03-25"
4532532;"CUST_13";"Furniture";2;16;31.0;"2024-11-21"
4532717;"CUST_01";"Beverages";10;7;65.0;"2024-01-01"
4533445;"CUST_07";"Beverages";2;40;79.0;"2024-02-02"
4533853;"CUST_03";"Food";3;25;73.5;"2022-11-01"
4534054;"CUST_25";"Food";9;7;58.5;"2023-09-21"
4534121;"CUST_07";"Electric household essentials";4;37;146.0;"2023-07-21"
4534500;"CUST_02";"Electric household essentials";6;20;120.0;"2024-12-21"
4537208;"CUST_03";"Butchers";1;13;12.5;"2022-11-21"
4538100;"CUST_01";"Butchers";2;13;25.0;"2022-10-04"
4538212;"CUST_11";"Milk Products";3;13;37.5;"2024-07-23"
4538515;"CUST_12";"Beverages";3;40;118.5;"2023-08-13"
4538911;"CUST_10";"Computers and electric accessories";7;32;224.0;"2024-03-01"
4539341;"CUST_12";"Food";0;0;0.0;"2022-01-06"
4539548;"CUST_21";"Food";9;8;72.0;"2023-05-17"
4541403;"CUST_09";"Patisserie";10;13;125.0;"2023-12-18"
4541411;"CUST_06";"Electric household essentials";4;20;80.0;"2025-01-15"
4541742;"CUST_04";"Beverages";2;5;10.0;"2024-02-21"
4544094;"CUST_07";"Butchers";3;35;105.0;"2023-07-11"
4545070;"CUST_06";"Furniture";3;11;33.0;"2024-08-13"
4545143;"CUST_19";"Butchers";4;5;20.0;"2024-07-15"
4547031;"CUST_18";"Patisserie";3;13;37.5;"2024-03-27"
4548028;"CUST_20";"Food";0;0;0.0;"2024-08-04"
4548524;"CUST_15";"Computers and electric accessories";3;19;55.5;"2023-08-19"
4548737;"CUST_06";"Computers and electric accessories";10;31;305.0;"2023-01-22"
4550414;"CUST_05";"Milk Products";10;16;155.0;"2022-05-16"
4551473;"CUST_02";"Computers and electric accessories";7;16;108.5;"2024-04-06"
4551789;"CUST_15";"Milk Products";5;28;137.5;"2022-09-06"
4551815;"CUST_25";"Computers and electric accessories";10;19;185.0;"2024-01-19"
4553750;"CUST_17";"Beverages";3;41;123.0;"2024-05-30"
4554250;"CUST_23";"Furniture";6;41;246.0;"2022-10-19"
4554478;"CUST_03";"Butchers";9;31;274.5;"2022-05-08"
4555264;"CUST_18";"Butchers";2;40;79.0;"2022-08-18"
4556225;"CUST_23";"Electric household essentials";10;38;380.0;"2022-02-09"
4557580;"CUST_25";"Milk Products";8;23;184.0;"2023-06-20"
4558801;"CUST_08";"Electric household essentials";6;38;228.0;"2024-05-12"
4559367;"CUST_06";"Food";1;11;11.0;"2022-04-15"
4559771;"CUST_16";"Electric household essentials";5;38;190.0;"2022-07-29"
4562537;"CUST_06";"Butchers";9;37;328.5;"2024-01-12"
4562594;"CUST_19";"Milk Products";1;8;8.0;"2023-12-15"
4563119;"CUST_06";"Computers and electric accessories";8;13;100.0;"2023-01-03"
4563150;"CUST_04";"Electric household essentials";5;38;190.0;"2023-09-02"
4563536;"CUST_25";"Food";7;29;203.0;"2024-03-17"
4563647;"CUST_20";"Electric household essentials";6;23;138.0;"2023-06-07"
4563856;"CUST_15";"Furniture";4;5;20.0;"2024-08-31"
4565043;"CUST_09";"Furniture";1;40;39.5;"2023-08-29"
4565790;"CUST_11";"Food";3;31;91.5;"2022-12-27"
4565865;"CUST_24";"Butchers";9;23;207.0;"2022-04-30"
4566087;"CUST_11";"Beverages";6;38;228.0;"2024-08-17"
4567181;"CUST_08";"Patisserie";6;7;39.0;"2023-08-21"
4567294;"CUST_21";"Patisserie";0;0;0.0;"2022-03-28"
4568724;"CUST_25";"Milk Products";4;38;152.0;"2024-03-28"
4568923;"CUST_08";"Food";8;17;136.0;"2022-07-26"
4570138;"CUST_14";"Beverages";0;0;0.0;"2022-09-03"
4570231;"CUST_15";"Patisserie";5;38;190.0;"2022-12-17"
4570736;"CUST_19";"Patisserie";4;20;80.0;"2023-05-10"
4570770;"CUST_12";"Electric household essentials";3;20;60.0;"2023-04-29"
4571123;"CUST_13";"Electric household essentials";8;38;304.0;"2022-02-14"
4571221;"CUST_12";"Food";5;5;25.0;"2022-03-30"
4573687;"CUST_01";"Patisserie";2;25;49.0;"2024-09-02"
4574096;"CUST_13";"Milk Products";8;20;160.0;"2025-01-02"
4574595;"CUST_11";"Furniture";1;11;11.0;"2022-03-02"
4575373;"CUST_05";"Food";7;13;87.5;"2022-10-02"
4576075;"CUST_09";"Furniture";9;16;139.5;"2024-10-16"
4576759;"CUST_17";"Butchers";3;23;69.0;"2023-10-19"
4576812;"CUST_19";"Butchers";2;22;43.0;"2023-06-17"
4577067;"CUST_21";"Milk Products";4;28;110.0;"2024-10-24"
4577781;"CUST_17";"Electric household essentials";6;7;39.0;"2024-01-22"
4578696;"CUST_05";"Computers and electric accessories";5;25;122.5;"2024-04-06"
4580660;"CUST_16";"Computers and electric accessories";4;34;134.0;"2022-07-06"
4581027;"CUST_10";"Patisserie";0;0;0.0;"2022-11-07"
4581067;"CUST_17";"Milk Products";9;25;220.5;"2022-06-04"
4581110;"CUST_25";"Food";9;37;328.5;"2024-06-16"
4581475;"CUST_17";"Computers and electric accessories";6;20;120.0;"2023-06-16"
4581969;"CUST_10";"Electric household essentials";7;19;129.5;"2023-01-29"
4583596;"CUST_10";"Food";6;20;120.0;"2022-03-04"
4584080;"CUST_20";"Butchers";7;13;87.5;"2023-08-03"
4585670;"CUST_03";"Food";8;35;280.0;"2022-05-28"
4586181;"CUST_12";"Food";10;25;245.0;"2023-01-30"
4586723;"CUST_01";"Computers and electric accessories";5;22;107.5;"2024-06-02"
4587896;"CUST_18";"Butchers";7;35;245.0;"2024-12-22"
4589284;"CUST_07";"Beverages";1;25;24.5;"2022-07-12"
4589320;"CUST_23";"Milk Products";7;8;56.0;"2024-09-25"
4591527;"CUST_01";"Computers and electric accessories";0;0;0.0;"2022-02-03"
4593029;"CUST_07";"Milk Products";0;0;0.0;"2024-05-14"
4594043;"CUST_17";"Butchers";7;7;45.5;"2025-01-09"
4595269;"CUST_14";"Butchers";3;32;96.0;"2022-12-26"
4595509;"CUST_06";"Food";10;10;95.0;"2024-04-26"
4596184;"CUST_17";"Food";4;40;158.0;"2023-11-24"
4597218;"CUST_23";"Patisserie";10;7;65.0;"2024-06-19"
4597899;"CUST_07";"Beverages";1;32;32.0;"2024-05-26"
4598543;"CUST_22";"Computers and electric accessories";6;20;120.0;"2024-10-24"
4599435;"CUST_02";"Food";4;25;98.0;"2022-03-18"
4599772;"CUST_13";"Computers and electric accessories";10;26;260.0;"2022-05-04"
4600404;"CUST_25";"Patisserie";1;16;15.5;"2024-07-05"
4601780;"CUST_10";"Milk Products";7;28;192.5;"2022-11-06"
4601804;"CUST_23";"Electric household essentials";5;14;70.0;"2023-08-11"
4602333;"CUST_19";"Milk Products";10;25;245.0;"2024-12-30"
4602911;"CUST_13";"Milk Products";7;8;56.0;"2023-07-17"
4603395;"CUST_13";"Patisserie";6;40;237.0;"2024-06-23"
4603497;"CUST_04";"Milk Products";8;38;304.0;"2022-10-28"
4604728;"CUST_23";"Electric household essentials";10;26;260.0;"2024-12-20"
4605857;"CUST_02";"Computers and electric accessories";1;32;32.0;"2023-12-21"
4606507;"CUST_22";"Butchers";3;22;64.5;"2023-08-28"
4607212;"CUST_17";"Patisserie";10;14;140.0;"2023-09-23"
4607272;"CUST_19";"Computers and electric accessories";7;17;119.0;"2024-04-13"
4608122;"CUST_21";"Butchers";10;28;275.0;"2022-10-01"
4609121;"CUST_05";"Electric household essentials";2;20;40.0;"2024-11-13"
4610549;"CUST_24";"Beverages";3;22;64.5;"2022-08-26"
4611340;"CUST_21";"Furniture";1;22;21.5;"2023-06-08"
4611823;"CUST_16";"Computers and electric accessories";9;7;58.5;"2023-04-08"
4613619;"CUST_03";"Beverages";3;34;100.5;"2022-10-07"
4614873;"CUST_03";"Furniture";9;26;234.0;"2023-07-29"
4617564;"CUST_14";"Butchers";0;0;0.0;"2024-04-15"
4617673;"CUST_24";"Furniture";2;11;22.0;"2022-03-02"
4617868;"CUST_22";"Food";6;40;237.0;"2022-06-03"
4620016;"CUST_05";"Furniture";7;22;150.5;"2023-08-02"
4620050;"CUST_17";"Food";5;16;77.5;"2024-07-30"
4620709;"CUST_22";"Milk Products";7;32;224.0;"2022-04-12"
4620886;"CUST_19";"Computers and electric accessories";7;28;192.5;"2023-07-03"
4621919;"CUST_12";"Patisserie";2;10;19.0;"2024-05-08"
4621950;"CUST_04";"Computers and electric accessories";8;22;172.0;"2025-01-08"
4622617;"CUST_17";"Beverages";1;22;21.5;"2022-03-31"
4623433;"CUST_05";"Food";1;23;23.0;"2023-01-25"
4624063;"CUST_03";"Patisserie";2;37;73.0;"2024-08-23"
4624161;"CUST_02";"Beverages";10;26;260.0;"2022-05-13"
4624810;"CUST_20";"Electric household essentials";9;28;247.5;"2023-11-08"
4624883;"CUST_06";"Patisserie";9;40;355.5;"2022-07-21"
4625903;"CUST_14";"Electric household essentials";8;11;88.0;"2023-06-08"
4626993;"CUST_24";"Butchers";7;23;161.0;"2023-08-23"
4628551;"CUST_02";"Electric household essentials";2;29;58.0;"2022-04-05"
4631871;"CUST_04";"Electric household essentials";5;28;137.5;"2024-10-24"
4632830;"CUST_09";"Furniture";6;10;57.0;"2023-05-09"
4633046;"CUST_13";"Computers and electric accessories";5;7;32.5;"2023-08-25"
4634145;"CUST_02";"Butchers";9;10;85.5;"2024-11-07"
4634440;"CUST_18";"Patisserie";8;17;136.0;"2023-03-03"
4635088;"CUST_11";"Milk Products";3;28;82.5;"2022-12-08"
4635603;"CUST_07";"Food";7;41;287.0;"2024-09-02"
4636584;"CUST_15";"Electric household essentials";3;7;19.5;"2024-01-02"
4636705;"CUST_16";"Milk Products";5;10;47.5;"2023-03-13"
4637114;"CUST_09";"Milk Products";9;32;288.0;"2022-03-08"
4639732;"CUST_11";"Beverages";2;32;64.0;"2023-09-27"
4639911;"CUST_20";"Food";1;11;11.0;"2024-11-29"
4640422;"CUST_05";"Milk Products";3;20;60.0;"2023-03-22"
4640794;"CUST_25";"Milk Products";5;19;92.5;"2023-01-18"
4640957;"CUST_21";"Butchers";2;13;25.0;"2024-06-10"
4641540;"CUST_20";"Electric household essentials";6;31;183.0;"2023-06-14"
4641713;"CUST_22";"Beverages";1;37;36.5;"2023-12-28"
4641997;"CUST_03";"Computers and electric accessories";4;41;164.0;"2024-10-09"
4642106;"CUST_18";"Computers and electric accessories";7;25;171.5;"2024-02-19"
4642295;"CUST_14";"Butchers";8;26;208.0;"2023-05-26"
4642595;"CUST_09";"Furniture";5;38;190.0;"2024-08-08"
4642698;"CUST_16";"Computers and electric accessories";8;28;220.0;"2024-03-19"
4644013;"CUST_25";"Patisserie";4;16;62.0;"2023-03-31"
4644900;"CUST_20";"Beverages";5;5;25.0;"2024-08-06"
4647619;"CUST_19";"Butchers";10;38;380.0;"2024-12-12"
4649181;"CUST_17";"Computers and electric accessories";9;19;166.5;"2024-09-22"
4651323;"CUST_01";"Butchers";4;35;140.0;"2024-10-03"
4651759;"CUST_06";"Food";8;29;232.0;"2024-12-19"
4653570;"CUST_12";"Milk Products";4;38;152.0;"2022-09-05"
4654153;"CUST_16";"Electric household essentials";0;0;0.0;"2022-06-03"
4654556;"CUST_20";"Furniture";9;38;342.0;"2023-04-27"
4654673;"CUST_20";"Butchers";1;38;38.0;"2024-09-14"
4655797;"CUST_16";"Patisserie";2;34;67.0;"2024-05-01"
4656191;"CUST_22";"Food";7;37;255.5;"2025-01-06"
4656312;"CUST_22";"Patisserie";0;0;0.0;"2023-06-10"
4657003;"CUST_06";"Butchers";10;16;155.0;"2024-07-05"
4657405;"CUST_14";"Beverages";3;22;64.5;"2024-10-07"
4657560;"CUST_06";"Patisserie";5;37;182.5;"2022-10-18"
4658138;"CUST_18";"Electric household essentials";10;40;395.0;"2022-10-03"
4658659;"CUST_12";"Food";0;0;0.0;"2024-07-30"
4662227;"CUST_11";"Food";1;5;5.0;"2023-02-20"
4662762;"CUST_12";"Electric household essentials";9;26;234.0;"2025-01-12"
4662950;"CUST_08";"Furniture";2;28;55.0;"2022-10-29"
4663019;"CUST_06";"Food";1;31;30.5;"2022-11-29"
4665128;"CUST_05";"Beverages";9;17;153.0;"2024-10-11"
4665437;"CUST_17";"Computers and electric accessories";5;32;160.0;"2024-11-23"
4665475;"CUST_25";"Electric household essentials";3;16;46.5;"2024-11-06"
4665834;"CUST_04";"Milk Products";8;11;88.0;"2023-12-05"
4665967;"CUST_09";"Electric household essentials";2;16;31.0;"2022-03-04"
4665978;"CUST_02";"Patisserie";10;34;335.0;"2022-04-27"
4666124;"CUST_04";"Furniture";10;11;110.0;"2024-02-12"
4671284;"CUST_25";"Computers and electric accessories";9;13;112.5;"2023-12-07"
4671556;"CUST_06";"Food";3;17;51.0;"2022-09-13"
4672148;"CUST_01";"Furniture";5;26;130.0;"2023-08-29"
4672378;"CUST_03";"Computers and electric accessories";9;11;99.0;"2022-09-09"
4672858;"CUST_16";"Milk Products";2;5;10.0;"2024-09-05"
4672987;"CUST_19";"Beverages";9;22;193.5;"2023-12-05"
4673425;"CUST_21";"Patisserie";9;40;355.5;"2022-01-26"
4674285;"CUST_16";"Food";10;19;185.0;"2024-02-05"
4674560;"CUST_06";"Electric household essentials";9;37;328.5;"2022-08-19"
4674977;"CUST_15";"Milk Products";4;20;80.0;"2023-03-07"
4675506;"CUST_15";"Food";7;23;161.0;"2022-01-08"
4675937;"CUST_06";"Milk Products";8;8;64.0;"2024-11-16"
4677266;"CUST_19";"Food";8;13;100.0;"2024-09-28"
4677429;"CUST_15";"Computers and electric accessories";4;17;68.0;"2024-01-19"
4677874;"CUST_16";"Milk Products";4;16;62.0;"2022-11-25"
4678063;"CUST_04";"Computers and electric accessories";1;19;18.5;"2022-04-10"
4678316;"CUST_05";"Butchers";7;20;140.0;"2022-10-22"
4679750;"CUST_10";"Computers and electric accessories";8;34;268.0;"2023-04-30"
4681123;"CUST_14";"Food";4;20;80.0;"2024-11-30"
4682522;"CUST_07";"Electric household essentials";0;0;0.0;"2024-07-09"
4682567;"CUST_16";"Computers and electric accessories";2;11;22.0;"2023-06-28"
4682990;"CUST_07";"Food";1;41;41.0;"2024-09-19"
4683473;"CUST_10";"Patisserie";9;26;234.0;"2023-04-08"
4684340;"CUST_04";"Butchers";10;26;260.0;"2022-01-30"
4684679;"CUST_20";"Food";9;23;207.0;"2022-12-23"
4684828;"CUST_06";"Patisserie";4;14;56.0;"2023-06-04"
4685476;"CUST_25";"Furniture";2;25;49.0;"2024-08-09"
4688183;"CUST_08";"Computers and electric accessories";10;31;305.0;"2023-07-04"
4689214;"CUST_15";"Electric household essentials";9;26;234.0;"2023-12-24"
4689236;"CUST_20";"Electric household essentials";9;22;193.5;"2023-12-31"
4689441;"CUST_11";"Butchers";10;11;110.0;"2023-06-02"
4689703;"CUST_14";"Food";2;10;19.0;"2024-07-11"
4690086;"CUST_04";"Beverages";6;26;156.0;"2024-09-30"
4690292;"CUST_15";"Furniture";6;31;183.0;"2024-09-17"
4691043;"CUST_20";"Beverages";6;20;120.0;"2022-05-06"
4691472;"CUST_07";"Computers and electric accessories";10;34;335.0;"2022-07-23"
4691878;"CUST_10";"Furniture";3;41;123.0;"2024-02-11"
4692212;"CUST_15";"Beverages";3;25;73.5;"2023-03-21"
4693988;"CUST_06";"Butchers";10;23;230.0;"2023-04-15"
4694065;"CUST_16";"Furniture";5;8;40.0;"2023-04-19"
4694391;"CUST_08";"Patisserie";8;29;232.0;"2022-04-15"
4695386;"CUST_07";"Beverages";2;25;49.0;"2024-10-01"
4695478;"CUST_09";"Beverages";1;26;26.0;"2024-06-11"
4697638;"CUST_15";"Furniture";1;35;35.0;"2023-02-18"
4699053;"CUST_12";"Furniture";7;29;203.0;"2024-11-04"
4699589;"CUST_13";"Electric household essentials";0;0;0.0;"2023-07-07"
4699940;"CUST_17";"Electric household essentials";4;41;164.0;"2022-01-19"
4700436;"CUST_23";"Butchers";3;14;42.0;"2022-11-11"
4701071;"CUST_13";"Furniture";6;5;30.0;"2023-04-11"
4702504;"CUST_14";"Butchers";5;37;182.5;"2024-01-19"
4702637;"CUST_24";"Computers and electric accessories";9;41;369.0;"2024-06-20"
4703045;"CUST_12";"Milk Products";10;8;80.0;"2023-10-23"
4703372;"CUST_23";"Patisserie";9;23;207.0;"2023-08-29"
4703736;"CUST_16";"Milk Products";4;16;62.0;"2023-05-27"
4703862;"CUST_11";"Beverages";2;40;79.0;"2022-11-11"
4704137;"CUST_03";"Food";6;13;75.0;"2024-07-13"
4704657;"CUST_03";"Food";6;20;120.0;"2023-04-23"
4705033;"CUST_09";"Patisserie";3;20;60.0;"2023-08-30"
4705123;"CUST_14";"Patisserie";5;20;100.0;"2023-06-10"
4705521;"CUST_07";"Food";0;0;0.0;"2023-07-06"
4705980;"CUST_22";"Milk Products";1;31;30.5;"2023-02-14"
4708079;"CUST_03";"Electric household essentials";9;20;180.0;"2023-01-28"
4708675;"CUST_14";"Milk Products";4;31;122.0;"2022-07-15"
4709320;"CUST_14";"Butchers";2;38;76.0;"2024-01-08"
4710652;"CUST_07";"Computers and electric accessories";3;37;109.5;"2024-09-23"
4711190;"CUST_23";"Computers and electric accessories";4;34;134.0;"2023-08-17"
4712234;"CUST_24";"Food";8;41;328.0;"2023-07-01"
4713817;"CUST_25";"Patisserie";6;29;174.0;"2024-04-19"
4714235;"CUST_03";"Milk Products";8;14;112.0;"2023-11-27"
4715095;"CUST_14";"Beverages";10;25;245.0;"2022-01-31"
4715547;"CUST_19";"Computers and electric accessories";6;11;66.0;"2022-09-01"
4717451;"CUST_23";"Milk Products";4;14;56.0;"2023-11-04"
4717804;"CUST_21";"Patisserie";6;20;120.0;"2022-10-28"
4718422;"CUST_04";"Milk Products";1;20;20.0;"2023-05-26"
4719168;"CUST_01";"Food";3;32;96.0;"2022-10-30"
4720711;"CUST_07";"Beverages";2;41;82.0;"2024-07-15"
4721081;"CUST_22";"Beverages";6;22;129.0;"2024-01-08"
4721128;"CUST_22";"Electric household essentials";3;26;78.0;"2023-07-08"
4721517;"CUST_12";"Computers and electric accessories";4;22;86.0;"2022-01-24"
4722486;"CUST_04";"Furniture";2;34;67.0;"2023-12-11"
4722809;"CUST_12";"Electric household essentials";7;32;224.0;"2024-10-25"
4724970;"CUST_03";"Beverages";7;16;108.5;"2022-03-24"
4725018;"CUST_22";"Computers and electric accessories";4;8;32.0;"2022-02-25"
4726335;"CUST_04";"Beverages";8;7;52.0;"2023-10-27"
4726526;"CUST_24";"Food";8;34;268.0;"2024-05-02"
4727980;"CUST_06";"Furniture";3;20;60.0;"2023-11-17"
4728272;"CUST_21";"Computers and electric accessories";9;37;328.5;"2023-02-27"
4730708;"CUST_12";"Furniture";7;13;87.5;"2024-08-09"
4731654;"CUST_13";"Furniture";3;38;114.0;"2025-01-08"
4731761;"CUST_17";"Beverages";3;13;37.5;"2024-08-19"
4732306;"CUST_05";"Food";1;29;29.0;"2024-04-01"
4732308;"CUST_14";"Milk Products";4;23;92.0;"2022-11-28"
4733711;"CUST_03";"Patisserie";6;22;129.0;"2023-08-03"
4733738;"CUST_19";"Butchers";0;0;0.0;"2023-06-29"
4734390;"CUST_02";"Electric household essentials";1;20;20.0;"2024-08-14"
4737365;"CUST_05";"Furniture";0;0;0.0;"2023-11-02"
4738336;"CUST_18";"Milk Products";0;0;0.0;"2023-03-05"
4740089;"CUST_05";"Furniture";9;16;139.5;"2023-07-27"
4740738;"CUST_25";"Food";1;8;8.0;"2022-04-19"
4740770;"CUST_09";"Food";5;16;77.5;"2024-12-21"
4742105;"CUST_23";"Milk Products";7;8;56.0;"2023-12-09"
4742699;"CUST_08";"Furniture";9;13;112.5;"2023-10-06"
4743265;"CUST_14";"Milk Products";6;13;75.0;"2022-11-17"
4743910;"CUST_16";"Patisserie";7;17;119.0;"2023-06-28"
4743953;"CUST_01";"Beverages";1;41;41.0;"2022-04-27"
4747660;"CUST_16";"Food";9;26;234.0;"2022-07-07"
4748533;"CUST_10";"Beverages";8;25;196.0;"2024-04-03"
4748839;"CUST_06";"Furniture";4;34;134.0;"2022-07-22"
4750432;"CUST_10";"Furniture";9;8;72.0;"2024-09-17"
4750878;"CUST_24";"Electric household essentials";4;22;86.0;"2023-11-23"
4751128;"CUST_18";"Electric household essentials";10;11;110.0;"2022-04-19"
4751419;"CUST_10";"Beverages";3;7;19.5;"2023-05-05"
4751499;"CUST_13";"Milk Products";10;8;80.0;"2024-07-11"
4752443;"CUST_20";"Computers and electric accessories";5;23;115.0;"2022-09-08"
4752744;"CUST_20";"Patisserie";9;34;301.5;"2022-09-25"
4755286;"CUST_18";"Food";1;25;24.5;"2022-05-27"
4756646;"CUST_05";"Milk Products";6;28;165.0;"2023-05-28"
4758145;"CUST_24";"Beverages";6;26;156.0;"2022-04-19"
4759525;"CUST_11";"Furniture";1;41;41.0;"2024-11-27"
4759566;"CUST_03";"Beverages";1;14;14.0;"2023-06-01"
4759687;"CUST_24";"Milk Products";10;7;65.0;"2023-06-20"
4759881;"CUST_05";"Beverages";8;22;172.0;"2024-08-06"
4761311;"CUST_08";"Beverages";10;37;365.0;"2022-10-15"
4761736;"CUST_12";"Butchers";4;23;92.0;"2022-04-22"
4763213;"CUST_11";"Butchers";5;22;107.5;"2024-01-10"
4764571;"CUST_18";"Food";6;7;39.0;"2023-01-16"
4764622;"CUST_12";"Furniture";8;14;112.0;"2023-03-05"
4765007;"CUST_14";"Electric household essentials";10;23;230.0;"2024-04-22"
4765966;"CUST_18";"Electric household essentials";5;17;85.0;"2022-11-02"
4766175;"CUST_24";"Furniture";3;20;60.0;"2024-03-25"
4766823;"CUST_06";"Food";6;19;111.0;"2023-04-11"
4766907;"CUST_03";"Butchers";9;16;139.5;"2022-03-05"
4768496;"CUST_02";"Patisserie";9;20;180.0;"2023-03-10"
4769945;"CUST_25";"Furniture";4;5;20.0;"2022-09-27"
4770477;"CUST_24";"Electric household essentials";7;13;87.5;"2022-04-10"
4771109;"CUST_21";"Electric household essentials";10;41;410.0;"2022-07-03"
4771635;"CUST_22";"Milk Products";7;34;234.5;"2024-02-22"
4772232;"CUST_02";"Beverages";8;28;220.0;"2023-09-10"
4772413;"CUST_22";"Milk Products";0;0;0.0;"2023-05-13"
4774186;"CUST_09";"Patisserie";2;22;43.0;"2023-04-17"
4774375;"CUST_23";"Beverages";4;8;32.0;"2024-05-28"
4775495;"CUST_02";"Electric household essentials";7;34;234.5;"2023-08-11"
4776341;"CUST_22";"Electric household essentials";4;37;146.0;"2023-04-18"
4776643;"CUST_15";"Furniture";3;34;100.5;"2024-06-22"
4777165;"CUST_08";"Milk Products";1;8;8.0;"2022-06-01"
4777181;"CUST_05";"Furniture";1;26;26.0;"2024-11-03"
4778282;"CUST_16";"Milk Products";3;5;15.0;"2023-04-09"
4778944;"CUST_20";"Computers and electric accessories";4;38;152.0;"2023-01-30"
4780435;"CUST_19";"Electric household essentials";10;16;155.0;"2023-05-03"
4780677;"CUST_02";"Patisserie";7;40;276.5;"2022-02-12"
4781587;"CUST_20";"Furniture";9;25;220.5;"2023-11-18"
4781872;"CUST_22";"Food";8;13;100.0;"2023-12-16"
4782317;"CUST_05";"Beverages";2;7;13.0;"2023-05-24"
4782357;"CUST_13";"Patisserie";5;23;115.0;"2023-12-04"
4782711;"CUST_20";"Electric household essentials";0;0;0.0;"2022-05-17"
4783225;"CUST_15";"Electric household essentials";5;41;205.0;"2023-07-08"
4783588;"CUST_19";"Food";1;40;39.5;"2023-12-31"
4783696;"CUST_13";"Furniture";0;0;0.0;"2022-10-26"
4785966;"CUST_09";"Electric household essentials";1;19;18.5;"2022-09-11"
4786065;"CUST_16";"Patisserie";5;22;107.5;"2023-10-24"
4786582;"CUST_16";"Electric household essentials";1;34;33.5;"2023-12-18"
4786607;"CUST_13";"Electric household essentials";10;11;110.0;"2024-07-13"
4787402;"CUST_18";"Furniture";6;32;192.0;"2024-11-19"
4787658;"CUST_25";"Food";9;35;315.0;"2023-10-05"
4787913;"CUST_03";"Furniture";10;34;335.0;"2023-08-09"
4787916;"CUST_15";"Electric household essentials";6;38;228.0;"2023-02-25"
4788104;"CUST_16";"Patisserie";6;17;102.0;"2024-11-12"
4788473;"CUST_08";"Food";3;31;91.5;"2022-07-22"
4789199;"CUST_24";"Milk Products";9;10;85.5;"2022-07-07"
4789450;"CUST_21";"Computers and electric accessories";3;14;42.0;"2022-11-18"
4792614;"CUST_19";"Beverages";10;8;80.0;"2022-04-22"
4793029;"CUST_20";"Food";4;23;92.0;"2024-12-07"
4793201;"CUST_12";"Beverages";2;28;55.0;"2023-09-01"
4793830;"CUST_13";"Electric household essentials";1;40;39.5;"2023-03-16"
4795710;"CUST_02";"Food";8;26;208.0;"2023-02-01"
4796001;"CUST_01";"Beverages";1;14;14.0;"2024-02-13"
4797019;"CUST_19";"Milk Products";6;23;138.0;"2023-06-30"
4797230;"CUST_20";"Electric household essentials";0;0;0.0;"2023-08-01"
4799937;"CUST_01";"Milk Products";2;20;40.0;"2024-12-10"
4799944;"CUST_06";"Furniture";6;26;156.0;"2022-01-16"
4800149;"CUST_01";"Butchers";1;26;26.0;"2023-11-06"
4800229;"CUST_01";"Food";0;0;0.0;"2024-06-06"
4801202;"CUST_16";"Furniture";3;5;15.0;"2024-05-31"
4801214;"CUST_06";"Food";0;0;0.0;"2024-10-17"
4801469;"CUST_25";"Butchers";2;32;64.0;"2023-11-12"
4802054;"CUST_10";"Food";5;40;197.5;"2025-01-08"
4802346;"CUST_10";"Beverages";10;7;65.0;"2023-03-14"
4803018;"CUST_04";"Food";10;19;185.0;"2023-07-11"
4804748;"CUST_19";"Patisserie";5;25;122.5;"2023-06-10"
4805062;"CUST_01";"Computers and electric accessories";7;37;255.5;"2023-10-09"
4805802;"CUST_02";"Beverages";2;38;76.0;"2024-10-27"
4806789;"CUST_16";"Milk Products";1;31;30.5;"2023-08-02"
4807004;"CUST_02";"Milk Products";2;23;46.0;"2024-10-05"
4810670;"CUST_11";"Patisserie";7;28;192.5;"2023-05-11"
4811114;"CUST_06";"Electric household essentials";8;34;268.0;"2022-07-07"
4812459;"CUST_13";"Computers and electric accessories";4;26;104.0;"2023-11-29"
4813540;"CUST_20";"Computers and electric accessories";2;38;76.0;"2022-06-13"
4813615;"CUST_07";"Milk Products";7;38;266.0;"2023-02-26"
4813752;"CUST_23";"Electric household essentials";2;13;25.0;"2022-10-19"
4815763;"CUST_03";"Electric household essentials";6;11;66.0;"2022-08-03"
4817603;"CUST_11";"Milk Products";3;16;46.5;"2022-07-09"
4819911;"CUST_04";"Beverages";1;25;24.5;"2023-02-02"
4822005;"CUST_10";"Food";8;34;268.0;"2023-02-26"
4822783;"CUST_12";"Furniture";1;26;26.0;"2024-03-02"
4822853;"CUST_03";"Furniture";9;25;220.5;"2024-03-31"
4823896;"CUST_05";"Milk Products";0;0;0.0;"2022-07-21"
4824204;"CUST_22";"Electric household essentials";4;26;104.0;"2023-04-24"
4824314;"CUST_04";"Beverages";9;32;288.0;"2023-11-29"
4824819;"CUST_01";"Computers and electric accessories";5;34;167.5;"2022-06-27"
4824863;"CUST_10";"Electric household essentials";9;16;139.5;"2022-07-05"
4825647;"CUST_07";"Butchers";5;5;25.0;"2024-04-24"
4825724;"CUST_01";"Furniture";1;40;39.5;"2024-12-22"
4827125;"CUST_03";"Milk Products";8;26;208.0;"2023-10-27"
4827758;"CUST_06";"Milk Products";3;17;51.0;"2023-11-16"
4828565;"CUST_25";"Patisserie";7;26;182.0;"2024-02-01"
4829316;"CUST_04";"Milk Products";4;23;92.0;"2023-12-17"
4829324;"CUST_11";"Butchers";2;41;82.0;"2023-12-02"
4829772;"CUST_19";"Butchers";6;8;48.0;"2024-09-01"
4830417;"CUST_18";"Food";8;25;196.0;"2024-09-29"
4830778;"CUST_06";"Computers and electric accessories";1;7;6.5;"2023-08-31"
4832015;"CUST_12";"Beverages";8;31;244.0;"2024-03-28"
4832058;"CUST_23";"Computers and electric accessories";5;17;85.0;"2023-07-05"
4832164;"CUST_07";"Electric household essentials";5;26;130.0;"2024-09-08"
4832854;"CUST_15";"Furniture";6;8;48.0;"2022-05-14"
4834959;"CUST_24";"Butchers";9;8;72.0;"2023-01-22"
4835761;"CUST_12";"Butchers";5;26;130.0;"2024-06-19"
4836321;"CUST_21";"Food";10;22;215.0;"2023-01-14"
4836949;"CUST_07";"Computers and electric accessories";10;25;245.0;"2022-02-02"
4837386;"CUST_09";"Computers and electric accessories";4;19;74.0;"2022-01-10"
4837535;"CUST_16";"Butchers";8;35;280.0;"2025-01-16"
4838066;"CUST_22";"Electric household essentials";10;16;155.0;"2022-08-26"
4838523;"CUST_11";"Butchers";0;0;0.0;"2024-08-29"
4839344;"CUST_10";"Milk Products";8;14;112.0;"2022-02-19"
4840113;"CUST_01";"Electric household essentials";7;34;234.5;"2022-05-08"
4840405;"CUST_19";"Electric household essentials";4;17;68.0;"2023-02-05"
4840676;"CUST_15";"Patisserie";5;7;32.5;"2023-10-13"
4841196;"CUST_10";"Food";8;37;292.0;"2022-01-17"
4844684;"CUST_20";"Butchers";5;34;167.5;"2022-07-23"
4844992;"CUST_14";"Milk Products";6;14;84.0;"2022-08-11"
4845406;"CUST_01";"Butchers";2;20;40.0;"2024-02-16"
4845720;"CUST_10";"Patisserie";5;22;107.5;"2022-04-06"
4847645;"CUST_10";"Beverages";9;34;301.5;"2022-01-31"
4848182;"CUST_21";"Food";4;37;146.0;"2023-09-11"
4848427;"CUST_16";"Food";3;19;55.5;"2022-02-12"
4848504;"CUST_07";"Furniture";4;22;86.0;"2023-01-06"
4850024;"CUST_01";"Milk Products";1;16;15.5;"2022-09-30"
4851709;"CUST_09";"Electric household essentials";3;26;78.0;"2022-10-22"
4851926;"CUST_05";"Furniture";5;13;62.5;"2022-12-04"
4852630;"CUST_13";"Patisserie";2;41;82.0;"2022-04-18"
4852804;"CUST_02";"Electric household essentials";8;41;328.0;"2022-04-15"
4853504;"CUST_25";"Computers and electric accessories";6;35;210.0;"2022-12-01"
4853688;"CUST_21";"Furniture";8;5;40.0;"2023-02-15"
4853937;"CUST_09";"Electric household essentials";9;37;328.5;"2022-08-15"
4854437;"CUST_03";"Food";2;41;82.0;"2024-08-30"
4854448;"CUST_13";"Milk Products";3;11;33.0;"2023-04-25"
4854529;"CUST_25";"Butchers";6;20;120.0;"2022-11-30"
4854565;"CUST_16";"Food";3;37;109.5;"2024-08-22"
4856537;"CUST_07";"Butchers";1;8;8.0;"2022-05-17"
4857821;"CUST_20";"Beverages";4;29;116.0;"2024-03-02"
4857957;"CUST_25";"Patisserie";8;22;172.0;"2024-04-11"
4858882;"CUST_19";"Electric household essentials";10;41;410.0;"2023-12-20"
4859416;"CUST_13";"Milk Products";8;29;232.0;"2024-01-23"
4859554;"CUST_16";"Furniture";10;38;380.0;"2023-11-14"
4859949;"CUST_16";"Butchers";3;28;82.5;"2024-09-06"
4860309;"CUST_16";"Food";2;28;55.0;"2022-07-26"
4861636;"CUST_03";"Computers and electric accessories";4;31;122.0;"2022-01-13"
4861679;"CUST_23";"Computers and electric accessories";9;34;301.5;"2022-12-10"
4862103;"CUST_10";"Butchers";10;23;230.0;"2022-10-25"
4862692;"CUST_12";"Patisserie";0;0;0.0;"2023-01-09"
4863159;"CUST_25";"Beverages";7;7;45.5;"2024-06-27"
4863238;"CUST_13";"Food";4;20;80.0;"2022-11-16"
4863868;"CUST_14";"Electric household essentials";4;34;134.0;"2022-09-19"
4864042;"CUST_17";"Electric household essentials";5;19;92.5;"2024-03-21"
4864665;"CUST_06";"Computers and electric accessories";2;25;49.0;"2022-06-17"
4864899;"CUST_09";"Milk Products";9;5;45.0;"2023-09-17"
4864903;"CUST_10";"Food";4;22;86.0;"2023-08-19"
4864960;"CUST_11";"Butchers";9;28;247.5;"2023-02-02"
4865362;"CUST_18";"Butchers";5;7;32.5;"2022-01-30"
4865783;"CUST_05";"Beverages";9;35;315.0;"2023-11-30"
4865786;"CUST_14";"Electric household essentials";9;16;139.5;"2023-02-25"
4867015;"CUST_06";"Food";1;17;17.0;"2024-11-09"
4868756;"CUST_17";"Beverages";5;28;137.5;"2022-03-24"
4869342;"CUST_13";"Electric household essentials";4;17;68.0;"2022-08-22"
4870452;"CUST_17";"Beverages";7;5;35.0;"2023-04-10"
4870896;"CUST_11";"Milk Products";7;14;98.0;"2023-01-27"
4871252;"CUST_17";"Beverages";4;28;110.0;"2024-03-25"
4871817;"CUST_25";"Patisserie";9;26;234.0;"2022-10-01"
4872092;"CUST_23";"Electric household essentials";3;41;123.0;"2024-11-02"
4874732;"CUST_24";"Butchers";5;41;205.0;"2022-10-04"
4875549;"CUST_15";"Patisserie";3;37;109.5;"2023-09-02"
4876845;"CUST_12";"Milk Products";8;37;292.0;"2022-01-29"
4877812;"CUST_01";"Furniture";0;0;0.0;"2024-02-15"
4878295;"CUST_09";"Beverages";8;16;124.0;"2023-02-09"
4878575;"CUST_24";"Food";4;20;80.0;"2023-03-15"
4878744;"CUST_02";"Electric household essentials";4;19;74.0;"2022-06-26"
4879594;"CUST_14";"Furniture";9;26;234.0;"2023-12-26"
4879610;"CUST_04";"Food";0;0;0.0;"2022-08-05"
4879732;"CUST_21";"Milk Products";3;31;91.5;"2022-02-27"
4879766;"CUST_13";"Computers and electric accessories";4;34;134.0;"2023-06-03"
4879792;"CUST_10";"Beverages";8;14;112.0;"2024-02-06"
4880074;"CUST_05";"Furniture";1;20;20.0;"2023-11-17"
4880413;"CUST_17";"Furniture";0;0;0.0;"2022-02-25"
4880929;"CUST_20";"Butchers";0;0;0.0;"2023-11-03"
4882057;"CUST_09";"Butchers";5;41;205.0;"2023-02-07"
4882136;"CUST_10";"Computers and electric accessories";9;11;99.0;"2024-12-09"
4882373;"CUST_22";"Milk Products";2;37;73.0;"2022-01-21"
4882798;"CUST_23";"Furniture";10;13;125.0;"2022-04-22"
4883150;"CUST_04";"Milk Products";9;8;72.0;"2023-12-12"
4883235;"CUST_19";"Furniture";7;13;87.5;"2022-08-24"
4884748;"CUST_04";"Butchers";9;26;234.0;"2024-05-29"
4884921;"CUST_08";"Beverages";4;10;38.0;"2022-12-28"
4885762;"CUST_19";"Electric household essentials";8;35;280.0;"2023-12-22"
4886343;"CUST_21";"Furniture";6;28;165.0;"2022-09-17"
4886514;"CUST_15";"Beverages";9;19;166.5;"2022-05-21"
4886619;"CUST_16";"Patisserie";8;25;196.0;"2023-05-23"
4887526;"CUST_01";"Patisserie";3;7;19.5;"2023-03-03"
4888163;"CUST_12";"Computers and electric accessories";9;13;112.5;"2023-01-10"
4889414;"CUST_22";"Butchers";10;31;305.0;"2024-10-09"
4890318;"CUST_25";"Butchers";5;8;40.0;"2023-03-28"
4891106;"CUST_03";"Beverages";10;31;305.0;"2022-06-06"
4891833;"CUST_03";"Computers and electric accessories";0;0;0.0;"2023-02-25"
4892102;"CUST_12";"Milk Products";5;32;160.0;"2022-01-14"
4892629;"CUST_22";"Furniture";5;35;175.0;"2024-02-20"
4892743;"CUST_11";"Beverages";2;7;13.0;"2022-10-26"
4893054;"CUST_19";"Butchers";4;40;158.0;"2024-07-28"
4893741;"CUST_02";"Patisserie";1;31;30.5;"2025-01-08"
4893859;"CUST_23";"Computers and electric accessories";7;26;182.0;"2023-04-14"
4893885;"CUST_21";"Computers and electric accessories";7;37;255.5;"2023-08-28"
4894246;"CUST_24";"Electric household essentials";0;0;0.0;"2022-05-06"
4897743;"CUST_01";"Food";9;22;193.5;"2024-03-18"
4897799;"CUST_04";"Milk Products";2;13;25.0;"2023-09-14"
4897989;"CUST_20";"Milk Products";3;7;19.5;"2023-09-14"
4899333;"CUST_08";"Milk Products";6;38;228.0;"2023-08-06"
4899415;"CUST_18";"Patisserie";3;20;60.0;"2022-11-14"
4900137;"CUST_22";"Beverages";5;26;130.0;"2022-03-10"
4900166;"CUST_01";"Computers and electric accessories";4;7;26.0;"2023-07-23"
4900538;"CUST_10";"Butchers";8;40;316.0;"2024-12-29"
4901231;"CUST_13";"Milk Products";9;37;328.5;"2023-02-02"
4901726;"CUST_24";"Electric household essentials";10;35;350.0;"2023-12-14"
4901740;"CUST_03";"Patisserie";5;38;190.0;"2023-03-01"
4902630;"CUST_23";"Electric household essentials";8;13;100.0;"2022-02-20"
4903037;"CUST_06";"Patisserie";4;20;80.0;"2023-10-30"
4903332;"CUST_08";"Food";10;35;350.0;"2023-01-18"
4904210;"CUST_09";"Furniture";2;35;70.0;"2022-05-23"
4905063;"CUST_24";"Butchers";2;31;61.0;"2024-02-01"
4907871;"CUST_20";"Furniture";1;32;32.0;"2023-04-26"
4908056;"CUST_16";"Beverages";5;29;145.0;"2023-04-20"
4908316;"CUST_20";"Butchers";4;7;26.0;"2022-11-03"
4909298;"CUST_13";"Milk Products";7;13;87.5;"2022-10-02"
4909656;"CUST_23";"Milk Products";7;40;276.5;"2023-07-09"
4910271;"CUST_11";"Milk Products";1;32;32.0;"2024-02-09"
4910983;"CUST_13";"Furniture";9;41;369.0;"2023-04-04"
4912510;"CUST_08";"Butchers";3;7;19.5;"2024-08-21"
4914355;"CUST_17";"Patisserie";1;17;17.0;"2023-04-07"
4915355;"CUST_14";"Electric household essentials";7;13;87.5;"2022-12-13"
4916417;"CUST_08";"Beverages";8;29;232.0;"2023-11-05"
4916943;"CUST_01";"Food";8;41;328.0;"2022-11-05"
4918465;"CUST_13";"Butchers";5;41;205.0;"2024-01-27"
4919540;"CUST_12";"Food";5;11;55.0;"2022-09-17"
4920125;"CUST_10";"Food";1;13;12.5;"2023-03-14"
4920280;"CUST_20";"Food";8;17;136.0;"2023-11-14"
4921672;"CUST_21";"Furniture";4;38;152.0;"2023-11-23"
4923775;"CUST_04";"Computers and electric accessories";1;23;23.0;"2024-08-27"
4923784;"CUST_16";"Patisserie";9;20;180.0;"2022-09-20"
4923822;"CUST_19";"Beverages";3;14;42.0;"2023-12-21"
4924226;"CUST_05";"Beverages";4;16;62.0;"2023-03-06"
4925908;"CUST_02";"Electric household essentials";10;14;140.0;"2023-02-04"
4926679;"CUST_05";"Computers and electric accessories";6;31;183.0;"2024-06-05"
4926864;"CUST_13";"Electric household essentials";3;38;114.0;"2023-10-16"
4927636;"CUST_13";"Patisserie";6;13;75.0;"2022-06-12"
4929314;"CUST_24";"Electric household essentials";0;0;0.0;"2022-11-13"
4934703;"CUST_12";"Computers and electric accessories";1;32;32.0;"2024-11-25"
4935375;"CUST_01";"Furniture";6;17;102.0;"2024-11-26"
4935565;"CUST_07";"Furniture";5;11;55.0;"2022-06-05"
4937757;"CUST_11";"Milk Products";6;14;84.0;"2024-05-27"
4939015;"CUST_10";"Beverages";5;26;130.0;"2024-11-06"
4939379;"CUST_18";"Patisserie";5;22;107.5;"2023-09-13"
4940851;"CUST_07";"Butchers";8;26;208.0;"2022-05-09"
4942365;"CUST_13";"Furniture";1;20;20.0;"2023-12-29"
4942678;"CUST_11";"Patisserie";1;16;15.5;"2024-08-27"
4943330;"CUST_07";"Beverages";9;38;342.0;"2023-07-14"
4943711;"CUST_02";"Furniture";7;20;140.0;"2023-03-19"
4944574;"CUST_19";"Patisserie";6;40;237.0;"2024-04-11"
4947241;"CUST_05";"Butchers";5;22;107.5;"2023-01-13"
4947386;"CUST_13";"Food";10;31;305.0;"2024-11-12"
4948429;"CUST_06";"Electric household essentials";5;37;182.5;"2022-12-27"
4948858;"CUST_03";"Butchers";9;10;85.5;"2024-09-27"
4949721;"CUST_08";"Computers and electric accessories";0;0;0.0;"2022-04-28"
4950257;"CUST_01";"Beverages";2;22;43.0;"2023-01-10"
4952456;"CUST_10";"Milk Products";8;13;100.0;"2023-07-24"
4953220;"CUST_08";"Beverages";9;11;99.0;"2022-01-30"
4954219;"CUST_03";"Patisserie";8;22;172.0;"2024-09-27"
4954384;"CUST_13";"Computers and electric accessories";4;19;74.0;"2023-03-21"
4954934;"CUST_13";"Computers and electric accessories";4;34;134.0;"2024-08-13"
4955324;"CUST_17";"Butchers";6;41;246.0;"2022-01-10"
4955403;"CUST_21";"Electric household essentials";6;34;201.0;"2023-01-05"
4955537;"CUST_22";"Patisserie";9;29;261.0;"2024-04-23"
4955717;"CUST_16";"Beverages";5;34;167.5;"2024-08-27"
4956593;"CUST_21";"Butchers";6;28;165.0;"2023-10-06"
4956684;"CUST_23";"Furniture";2;16;31.0;"2022-04-18"
4956708;"CUST_06";"Patisserie";5;20;100.0;"2023-11-17"
4956767;"CUST_08";"Furniture";8;14;112.0;"2023-03-19"
4958245;"CUST_02";"Butchers";1;32;32.0;"2023-01-05"
4959669;"CUST_11";"Butchers";5;22;107.5;"2024-11-28"
4960977;"CUST_08";"Patisserie";7;28;192.5;"2024-11-01"
4961109;"CUST_10";"Butchers";5;26;130.0;"2024-09-27"
4961176;"CUST_13";"Electric household essentials";7;34;234.5;"2024-07-04"
4962334;"CUST_06";"Electric household essentials";8;38;304.0;"2023-12-27"
4962457;"CUST_07";"Butchers";3;34;100.5;"2022-04-22"
4963384;"CUST_22";"Milk Products";2;13;25.0;"2024-10-07"
4963681;"CUST_17";"Computers and electric accessories";5;29;145.0;"2023-01-17"
4964635;"CUST_15";"Beverages";8;37;292.0;"2023-10-03"
4965503;"CUST_15";"Milk Products";8;13;100.0;"2022-01-02"
4966636;"CUST_25";"Patisserie";8;7;52.0;"2024-11-19"
4966895;"CUST_09";"Food";9;32;288.0;"2024-10-15"
4967198;"CUST_20";"Furniture";0;0;0.0;"2022-01-14"
4967670;"CUST_02";"Patisserie";9;10;85.5;"2022-07-15"
4968556;"CUST_13";"Patisserie";2;22;43.0;"2022-04-28"
4972248;"CUST_03";"Beverages";1;8;8.0;"2023-01-09"
4972574;"CUST_09";"Furniture";5;19;92.5;"2024-01-24"
4974180;"CUST_08";"Electric household essentials";10;17;170.0;"2022-10-27"
4974240;"CUST_25";"Electric household essentials";5;19;92.5;"2023-03-30"
4974375;"CUST_18";"Butchers";7;13;87.5;"2022-03-19"
4974603;"CUST_10";"Computers and electric accessories";8;20;160.0;"2023-01-06"
4974891;"CUST_07";"Electric household essentials";3;34;100.5;"2023-06-25"
4975288;"CUST_13";"Patisserie";7;29;203.0;"2024-06-07"
4975771;"CUST_21";"Food";7;10;66.5;"2022-06-12"
4975949;"CUST_23";"Patisserie";3;28;82.5;"2022-03-10"
4976644;"CUST_16";"Beverages";5;5;25.0;"2023-02-17"
4978591;"CUST_03";"Computers and electric accessories";4;35;140.0;"2024-07-16"
4978776;"CUST_04";"Butchers";8;41;328.0;"2024-03-17"
4979461;"CUST_07";"Electric household essentials";2;38;76.0;"2023-08-04"
4979615;"CUST_19";"Food";10;22;215.0;"2024-05-10"
4979630;"CUST_07";"Butchers";2;13;25.0;"2022-04-25"
4979950;"CUST_17";"Food";8;11;88.0;"2022-10-17"
4983622;"CUST_11";"Patisserie";1;26;26.0;"2024-10-09"
4984048;"CUST_08";"Electric household essentials";5;41;205.0;"2022-02-27"
4984101;"CUST_22";"Furniture";3;29;87.0;"2022-07-23"
4984186;"CUST_01";"Beverages";1;41;41.0;"2023-07-11"
4984302;"CUST_25";"Beverages";10;25;245.0;"2022-02-17"
4984534;"CUST_25";"Electric household essentials";9;38;342.0;"2022-03-03"
4985546;"CUST_04";"Furniture";8;31;244.0;"2023-09-03"
4989108;"CUST_05";"Furniture";3;35;105.0;"2023-08-06"
4989570;"CUST_03";"Food";7;13;87.5;"2023-08-23"
4989586;"CUST_01";"Food";2;41;82.0;"2023-02-24"
4989812;"CUST_17";"Milk Products";8;13;100.0;"2023-12-26"
4990030;"CUST_11";"Food";9;11;99.0;"2022-10-10"
4990516;"CUST_23";"Milk Products";2;23;46.0;"2023-10-19"
4992208;"CUST_22";"Food";0;0;0.0;"2023-03-27"
4992740;"CUST_25";"Milk Products";6;5;30.0;"2023-11-28"
4993247;"CUST_23";"Electric household essentials";2;38;76.0;"2022-03-07"
4993656;"CUST_12";"Patisserie";10;37;365.0;"2023-05-08"
4993995;"CUST_11";"Furniture";4;29;116.0;"2023-06-12"
4994236;"CUST_18";"Beverages";6;40;237.0;"2022-12-30"
4994381;"CUST_02";"Furniture";6;11;66.0;"2023-02-20"
4995249;"CUST_14";"Milk Products";3;10;28.5;"2022-07-28"
4996657;"CUST_12";"Food";6;13;75.0;"2022-07-31"
4997665;"CUST_07";"Furniture";7;20;140.0;"2024-01-04"
4999688;"CUST_18";"Computers and electric accessories";7;22;150.5;"2023-01-13"
5000043;"CUST_20";"Patisserie";2;14;28.0;"2022-04-20"
5000098;"CUST_20";"Beverages";8;5;40.0;"2024-03-10"
5000633;"CUST_12";"Food";3;19;55.5;"2022-02-09"
5000699;"CUST_14";"Furniture";6;34;201.0;"2022-05-01"
5000906;"CUST_24";"Beverages";2;25;49.0;"2022-12-23"
5002416;"CUST_10";"Electric household essentials";4;22;86.0;"2022-02-18"
5002974;"CUST_09";"Butchers";2;8;16.0;"2024-06-27"
5005918;"CUST_15";"Butchers";2;38;76.0;"2024-10-18"
5005963;"CUST_12";"Milk Products";5;5;25.0;"2024-03-27"
5006011;"CUST_10";"Butchers";8;35;280.0;"2022-01-11"
5007237;"CUST_15";"Electric household essentials";3;29;87.0;"2024-11-25"
5007568;"CUST_22";"Food";10;25;245.0;"2024-01-30"
5007965;"CUST_05";"Computers and electric accessories";0;0;0.0;"2024-11-19"
5008001;"CUST_03";"Electric household essentials";6;19;111.0;"2024-11-04"
5009022;"CUST_15";"Food";4;14;56.0;"2024-12-02"
5009902;"CUST_23";"Computers and electric accessories";7;34;234.5;"2023-08-16"
5010435;"CUST_20";"Food";3;19;55.5;"2022-12-03"
5011391;"CUST_19";"Patisserie";5;31;152.5;"2022-12-22"
5011602;"CUST_11";"Computers and electric accessories";1;34;33.5;"2024-05-11"
5012129;"CUST_13";"Electric household essentials";0;0;0.0;"2024-12-04"
5012256;"CUST_10";"Furniture";4;40;158.0;"2022-04-16"
5013357;"CUST_07";"Food";4;40;158.0;"2024-11-02"
5013447;"CUST_21";"Electric household essentials";3;32;96.0;"2023-08-04"
5014165;"CUST_05";"Food";9;41;369.0;"2023-03-04"
5016365;"CUST_04";"Food";2;8;16.0;"2025-01-08"
5016366;"CUST_19";"Butchers";5;22;107.5;"2022-08-04"
5017130;"CUST_08";"Food";5;22;107.5;"2024-04-01"
5017412;"CUST_07";"Beverages";1;10;9.5;"2024-06-05"
5017877;"CUST_02";"Electric household essentials";1;11;11.0;"2023-01-21"
5020329;"CUST_05";"Electric household essentials";6;16;93.0;"2022-03-13"
5020561;"CUST_14";"Beverages";0;0;0.0;"2024-03-07"
5021310;"CUST_17";"Butchers";3;37;109.5;"2023-05-13"
5022230;"CUST_24";"Patisserie";8;16;124.0;"2023-02-11"
5023868;"CUST_05";"Milk Products";2;13;25.0;"2022-02-22"
5024579;"CUST_07";"Milk Products";8;28;220.0;"2023-01-21"
5025168;"CUST_01";"Butchers";5;17;85.0;"2022-07-28"
5026398;"CUST_25";"Butchers";9;37;328.5;"2022-04-07"
5026476;"CUST_11";"Food";3;40;118.5;"2024-02-09"
5026777;"CUST_19";"Milk Products";7;16;108.5;"2022-12-23"
5027059;"CUST_08";"Beverages";5;8;40.0;"2024-10-12"
5028536;"CUST_03";"Butchers";1;23;23.0;"2024-09-21"
5029574;"CUST_25";"Furniture";5;35;175.0;"2024-04-30"
5030328;"CUST_24";"Electric household essentials";7;23;161.0;"2022-01-13"
5032042;"CUST_08";"Patisserie";6;23;138.0;"2023-10-28"
5032085;"CUST_24";"Beverages";4;28;110.0;"2023-02-03"
5033281;"CUST_08";"Butchers";6;31;183.0;"2022-01-26"
5034035;"CUST_08";"Furniture";0;0;0.0;"2024-08-25"
5034413;"CUST_06";"Furniture";7;5;35.0;"2022-03-14"
5034759;"CUST_10";"Milk Products";9;37;328.5;"2024-12-26"
5034932;"CUST_23";"Computers and electric accessories";10;19;185.0;"2023-09-28"
5035012;"CUST_03";"Patisserie";7;13;87.5;"2024-11-27"
5035545;"CUST_04";"Butchers";3;14;42.0;"2022-09-05"
5035756;"CUST_02";"Computers and electric accessories";7;19;129.5;"2022-03-02"
5035840;"CUST_24";"Electric household essentials";7;20;140.0;"2022-05-03"
5037301;"CUST_21";"Patisserie";9;5;45.0;"2023-11-14"
5037401;"CUST_15";"Milk Products";1;11;11.0;"2022-10-31"
5038261;"CUST_17";"Patisserie";8;5;40.0;"2023-06-07"
5038677;"CUST_23";"Beverages";1;14;14.0;"2022-08-22"
5040560;"CUST_18";"Beverages";8;37;292.0;"2022-11-20"
5040605;"CUST_01";"Milk Products";9;7;58.5;"2024-02-03"
5041305;"CUST_07";"Butchers";0;0;0.0;"2024-11-29"
5042193;"CUST_19";"Beverages";7;34;234.5;"2024-05-13"
5042678;"CUST_15";"Butchers";4;13;50.0;"2022-10-27"
5043649;"CUST_19";"Butchers";7;26;182.0;"2022-07-12"
5044125;"CUST_02";"Furniture";7;41;287.0;"2024-01-30"
5044144;"CUST_02";"Electric household essentials";10;20;200.0;"2024-01-22"
5044258;"CUST_04";"Computers and electric accessories";10;26;260.0;"2023-01-26"
5044628;"CUST_01";"Butchers";9;41;369.0;"2022-01-07"
5045913;"CUST_01";"Furniture";4;38;152.0;"2022-10-17"
5046007;"CUST_07";"Computers and electric accessories";9;26;234.0;"2024-07-22"
5046818;"CUST_02";"Butchers";6;37;219.0;"2024-07-03"
5046899;"CUST_21";"Computers and electric accessories";9;20;180.0;"2023-01-20"
5047057;"CUST_10";"Butchers";1;16;15.5;"2024-05-02"
5047909;"CUST_03";"Milk Products";0;0;0.0;"2023-09-20"
5050241;"CUST_16";"Food";6;10;57.0;"2023-09-27"
5050894;"CUST_02";"Electric household essentials";6;41;246.0;"2022-07-13"
5051765;"CUST_11";"Food";4;10;38.0;"2024-05-09"
5052568;"CUST_17";"Patisserie";4;10;38.0;"2023-01-08"
5052868;"CUST_08";"Food";10;22;215.0;"2024-04-25"
5053624;"CUST_19";"Furniture";10;35;350.0;"2023-05-22"
5055357;"CUST_20";"Computers and electric accessories";6;28;165.0;"2024-10-05"
5055889;"CUST_08";"Patisserie";8;5;40.0;"2022-01-03"
5056575;"CUST_10";"Food";1;17;17.0;"2022-03-28"
5059104;"CUST_24";"Computers and electric accessories";6;31;183.0;"2022-08-08"
5059729;"CUST_16";"Butchers";9;20;180.0;"2023-10-11"
5060164;"CUST_04";"Butchers";4;28;110.0;"2023-08-01"
5060218;"CUST_07";"Milk Products";9;8;72.0;"2022-07-21"
5061076;"CUST_18";"Food";3;11;33.0;"2023-08-26"
5061512;"CUST_21";"Beverages";10;34;335.0;"2024-03-19"
5062634;"CUST_04";"Patisserie";2;41;82.0;"2023-07-06"
5063217;"CUST_03";"Patisserie";6;11;66.0;"2023-06-12"
5065235;"CUST_11";"Patisserie";5;20;100.0;"2022-11-03"
5069186;"CUST_17";"Electric household essentials";0;0;0.0;"2023-01-10"
5069350;"CUST_24";"Furniture";7;26;182.0;"2024-10-01"
5069428;"CUST_24";"Patisserie";6;22;129.0;"2023-05-18"
5069695;"CUST_01";"Milk Products";1;8;8.0;"2024-11-21"
5069841;"CUST_16";"Electric household essentials";7;16;108.5;"2022-03-12"
5070893;"CUST_07";"Computers and electric accessories";10;29;290.0;"2022-06-12"
5071376;"CUST_10";"Butchers";6;23;138.0;"2023-01-07"
5071954;"CUST_09";"Electric household essentials";7;26;182.0;"2022-12-04"
5072173;"CUST_23";"Computers and electric accessories";7;19;129.5;"2024-09-21"
5073816;"CUST_21";"Butchers";4;11;44.0;"2023-06-24"
5074325;"CUST_11";"Furniture";3;31;91.5;"2024-04-24"
5075174;"CUST_09";"Butchers";10;32;320.0;"2022-02-14"
5077047;"CUST_05";"Milk Products";4;16;62.0;"2023-04-11"
5077745;"CUST_03";"Electric household essentials";10;16;155.0;"2022-09-03"
5078189;"CUST_09";"Food";2;35;70.0;"2023-06-24"
5078259;"CUST_22";"Patisserie";3;7;19.5;"2023-01-16"
5080357;"CUST_06";"Beverages";0;0;0.0;"2023-07-22"
5080396;"CUST_04";"Butchers";4;41;164.0;"2024-06-14"
5081040;"CUST_04";"Electric household essentials";7;26;182.0;"2022-01-23"
5083807;"CUST_09";"Butchers";4;19;74.0;"2023-01-03"
5083959;"CUST_06";"Computers and electric accessories";3;41;123.0;"2024-01-02"
5084402;"CUST_12";"Butchers";1;37;36.5;"2024-04-06"
5085529;"CUST_05";"Computers and electric accessories";10;35;350.0;"2023-09-22"
5086683;"CUST_02";"Furniture";1;14;14.0;"2024-10-13"
5087206;"CUST_21";"Computers and electric accessories";0;0;0.0;"2022-10-21"
5088182;"CUST_18";"Beverages";10;31;305.0;"2024-11-26"
5091544;"CUST_17";"Milk Products";9;28;247.5;"2023-02-06"
5091925;"CUST_24";"Furniture";10;38;380.0;"2024-06-18"
5092009;"CUST_12";"Electric household essentials";1;29;29.0;"2024-08-18"
5092194;"CUST_04";"Patisserie";6;34;201.0;"2023-07-21"
5094937;"CUST_09";"Patisserie";4;22;86.0;"2022-10-25"
5095185;"CUST_05";"Beverages";4;41;164.0;"2024-07-21"
5096509;"CUST_22";"Milk Products";4;17;68.0;"2024-12-07"
5097238;"CUST_09";"Electric household essentials";6;37;219.0;"2023-03-20"
5100476;"CUST_08";"Food";7;10;66.5;"2024-03-20"
5100596;"CUST_04";"Butchers";10;23;230.0;"2022-06-14"
5101986;"CUST_15";"Beverages";0;0;0.0;"2024-06-16"
5102434;"CUST_10";"Beverages";0;0;0.0;"2024-01-06"
5103418;"CUST_02";"Patisserie";0;0;0.0;"2023-10-24"
5105777;"CUST_22";"Butchers";5;37;182.5;"2022-04-05"
5105838;"CUST_17";"Electric household essentials";3;41;123.0;"2024-05-24"
5106214;"CUST_24";"Food";9;29;261.0;"2024-12-30"
5107572;"CUST_06";"Butchers";8;7;52.0;"2023-09-06"
5109808;"CUST_18";"Milk Products";3;23;69.0;"2023-09-19"
5109989;"CUST_10";"Beverages";7;31;213.5;"2022-08-13"
5110591;"CUST_19";"Beverages";3;8;24.0;"2023-02-22"
5111184;"CUST_19";"Milk Products";6;20;120.0;"2024-07-18"
5111334;"CUST_12";"Milk Products";6;32;192.0;"2023-09-14"
5113509;"CUST_02";"Furniture";9;40;355.5;"2022-07-21"
5113959;"CUST_10";"Computers and electric accessories";4;26;104.0;"2023-05-16"
5114872;"CUST_10";"Computers and electric accessories";1;7;6.5;"2024-01-27"
5115102;"CUST_14";"Computers and electric accessories";4;38;152.0;"2025-01-12"
5115378;"CUST_16";"Butchers";7;8;56.0;"2022-11-15"
5115502;"CUST_13";"Food";8;22;172.0;"2023-12-02"
5115781;"CUST_02";"Butchers";6;40;237.0;"2022-07-01"
5115935;"CUST_05";"Furniture";4;20;80.0;"2022-07-31"
5116293;"CUST_02";"Patisserie";6;16;93.0;"2022-12-05"
5116695;"CUST_16";"Milk Products";8;32;256.0;"2023-08-16"
5116993;"CUST_04";"Furniture";9;35;315.0;"2024-05-21"
5117599;"CUST_18";"Milk Products";2;34;67.0;"2024-09-13"
5118834;"CUST_08";"Computers and electric accessories";4;28;110.0;"2022-04-25"
5119763;"CUST_22";"Electric household essentials";8;26;208.0;"2022-03-28"
5119908;"CUST_24";"Butchers";10;22;215.0;"2024-05-14"
5119926;"CUST_20";"Patisserie";5;34;167.5;"2024-01-02"
5120829;"CUST_12";"Furniture";3;11;33.0;"2022-02-13"
5121902;"CUST_25";"Patisserie";6;20;120.0;"2023-02-25"
5122095;"CUST_10";"Beverages";9;29;261.0;"2023-12-07"
5122390;"CUST_24";"Butchers";7;41;287.0;"2022-08-20"
5123327;"CUST_15";"Computers and electric accessories";7;26;182.0;"2024-03-03"
5123517;"CUST_12";"Food";4;19;74.0;"2024-12-13"
5125056;"CUST_01";"Electric household essentials";7;17;119.0;"2023-12-10"
5125110;"CUST_09";"Patisserie";0;0;0.0;"2024-08-13"
5127072;"CUST_18";"Electric household essentials";0;0;0.0;"2023-09-21"
5127097;"CUST_08";"Food";7;31;213.5;"2023-02-28"
5127571;"CUST_13";"Milk Products";6;5;30.0;"2024-10-04"
5129876;"CUST_02";"Computers and electric accessories";9;14;126.0;"2023-10-28"
5130448;"CUST_21";"Furniture";6;40;237.0;"2024-05-28"
5132787;"CUST_10";"Electric household essentials";5;19;92.5;"2023-06-12"
5133656;"CUST_22";"Beverages";6;35;210.0;"2022-05-27"
5134226;"CUST_24";"Butchers";2;41;82.0;"2022-07-10"
5135315;"CUST_25";"Furniture";5;5;25.0;"2022-03-12"
5136166;"CUST_18";"Computers and electric accessories";6;7;39.0;"2022-12-07"
5136594;"CUST_14";"Patisserie";7;31;213.5;"2022-03-23"
5138253;"CUST_20";"Beverages";2;8;16.0;"2023-12-18"
5138320;"CUST_21";"Butchers";8;32;256.0;"2024-08-19"
5139260;"CUST_16";"Beverages";2;28;55.0;"2023-07-19"
5139331;"CUST_24";"Furniture";6;41;246.0;"2022-11-28"
5140179;"CUST_08";"Computers and electric accessories";6;34;201.0;"2022-10-23"
5140377;"CUST_04";"Butchers";7;23;161.0;"2022-01-23"
5140543;"CUST_20";"Food";6;34;201.0;"2022-12-26"
5141030;"CUST_11";"Computers and electric accessories";9;14;126.0;"2023-11-20"
5142790;"CUST_23";"Furniture";2;13;25.0;"2023-05-30"
5142992;"CUST_19";"Electric household essentials";7;40;276.5;"2023-09-02"
5146937;"CUST_25";"Furniture";7;25;171.5;"2023-02-03"
5146966;"CUST_25";"Milk Products";5;23;115.0;"2022-10-19"
5147079;"CUST_07";"Food";4;28;110.0;"2024-06-20"
5147764;"CUST_01";"Furniture";5;7;32.5;"2023-09-06"
5148932;"CUST_06";"Computers and electric accessories";4;35;140.0;"2023-09-19"
5149243;"CUST_07";"Milk Products";9;32;288.0;"2024-10-31"
5149491;"CUST_13";"Milk Products";10;28;275.0;"2022-05-21"
5149787;"CUST_05";"Butchers";9;41;369.0;"2024-02-18"
5150250;"CUST_09";"Furniture";7;13;87.5;"2022-07-05"
5150834;"CUST_13";"Electric household essentials";10;41;410.0;"2022-02-24"
5151400;"CUST_10";"Patisserie";1;34;33.5;"2024-05-12"
5151808;"CUST_05";"Patisserie";9;16;139.5;"2024-02-25"
5151843;"CUST_16";"Furniture";2;32;64.0;"2023-02-09"
5152166;"CUST_06";"Milk Products";10;20;200.0;"2023-02-10"
5152448;"CUST_11";"Butchers";4;5;20.0;"2023-11-13"
5152688;"CUST_16";"Patisserie";3;10;28.5;"2024-01-09"
5153121;"CUST_14";"Food";2;20;40.0;"2025-01-02"
5153387;"CUST_14";"Electric household essentials";10;23;230.0;"2022-07-14"
5153449;"CUST_09";"Milk Products";4;31;122.0;"2024-06-16"
5155156;"CUST_02";"Beverages";6;17;102.0;"2023-06-30"
5155862;"CUST_20";"Butchers";1;22;21.5;"2024-11-10"
5156632;"CUST_23";"Milk Products";7;20;140.0;"2024-07-04"
5156689;"CUST_04";"Computers and electric accessories";8;11;88.0;"2023-01-31"
5156735;"CUST_11";"Milk Products";2;28;55.0;"2024-07-23"
5156844;"CUST_09";"Patisserie";6;34;201.0;"2023-02-23"
5157703;"CUST_17";"Electric household essentials";10;5;50.0;"2022-08-30"
5157840;"CUST_18";"Food";7;8;56.0;"2024-06-10"
5158663;"CUST_06";"Electric household essentials";7;34;234.5;"2024-02-01"
5158837;"CUST_17";"Food";0;0;0.0;"2023-03-20"
5161250;"CUST_12";"Furniture";8;11;88.0;"2024-12-31"
5161441;"CUST_15";"Patisserie";1;19;18.5;"2023-02-24"
5162382;"CUST_24";"Electric household essentials";0;0;0.0;"2023-08-26"
5162529;"CUST_15";"Milk Products";8;16;124.0;"2023-08-22"
5165507;"CUST_02";"Patisserie";5;26;130.0;"2022-10-31"
5167298;"CUST_04";"Furniture";6;14;84.0;"2023-12-30"
5169916;"CUST_19";"Beverages";10;28;275.0;"2023-10-14"
5171428;"CUST_08";"Milk Products";5;19;92.5;"2022-01-08"
5171451;"CUST_12";"Electric household essentials";8;17;136.0;"2022-05-30"
5171621;"CUST_12";"Computers and electric accessories";2;8;16.0;"2023-05-26"
5171717;"CUST_05";"Patisserie";6;8;48.0;"2023-06-19"
5171758;"CUST_19";"Electric household essentials";10;35;350.0;"2022-02-07"
5172007;"CUST_25";"Computers and electric accessories";9;37;328.5;"2023-12-31"
5172276;"CUST_07";"Electric household essentials";5;37;182.5;"2022-03-20"
5172318;"CUST_20";"Beverages";0;0;0.0;"2024-11-11"
5174529;"CUST_20";"Patisserie";8;22;172.0;"2024-05-13"
5175591;"CUST_09";"Butchers";5;40;197.5;"2023-01-06"
5177579;"CUST_14";"Milk Products";5;38;190.0;"2022-02-14"
5178719;"CUST_14";"Electric household essentials";10;5;50.0;"2024-12-13"
5178964;"CUST_14";"Beverages";3;28;82.5;"2023-11-14"
5179270;"CUST_20";"Patisserie";2;40;79.0;"2024-02-15"
5179274;"CUST_11";"Electric household essentials";2;26;52.0;"2024-10-01"
5181239;"CUST_04";"Furniture";2;10;19.0;"2022-07-25"
5182159;"CUST_20";"Patisserie";4;38;152.0;"2024-07-30"
5182329;"CUST_24";"Computers and electric accessories";10;16;155.0;"2022-06-22"
5182350;"CUST_07";"Food";7;29;203.0;"2024-10-30"
5184251;"CUST_02";"Milk Products";4;14;56.0;"2024-10-14"
5185719;"CUST_18";"Electric household essentials";2;20;40.0;"2024-01-28"
5186140;"CUST_13";"Food";6;31;183.0;"2023-07-04"
5186312;"CUST_01";"Butchers";5;17;85.0;"2023-11-21"
5187009;"CUST_09";"Furniture";5;19;92.5;"2023-11-19"
5187397;"CUST_11";"Food";2;26;52.0;"2023-03-20"
5187952;"CUST_22";"Beverages";8;22;172.0;"2024-10-12"
5188226;"CUST_05";"Milk Products";7;29;203.0;"2022-09-09"
5188476;"CUST_24";"Butchers";10;20;200.0;"2023-06-11"
5189317;"CUST_09";"Milk Products";3;16;46.5;"2024-12-16"
5189628;"CUST_04";"Milk Products";9;5;45.0;"2024-04-10"
5190143;"CUST_08";"Patisserie";9;34;301.5;"2024-11-09"
5190484;"CUST_08";"Food";6;25;147.0;"2022-11-07"
5192394;"CUST_18";"Patisserie";3;37;109.5;"2024-10-29"
5192766;"CUST_15";"Food";9;22;193.5;"2024-03-07"
5192905;"CUST_10";"Butchers";5;8;40.0;"2022-03-28"
5193416;"CUST_05";"Milk Products";0;0;0.0;"2024-12-16"
5193418;"CUST_10";"Furniture";2;26;52.0;"2022-09-06"
5193663;"CUST_07";"Patisserie";5;20;100.0;"2024-02-11"
5195842;"CUST_19";"Patisserie";9;7;58.5;"2023-02-10"
5196281;"CUST_20";"Computers and electric accessories";5;37;182.5;"2023-10-02"
5196670;"CUST_18";"Patisserie";5;17;85.0;"2022-09-07"
5197744;"CUST_16";"Patisserie";1;22;21.5;"2024-05-27"
5199524;"CUST_09";"Milk Products";9;14;126.0;"2024-10-09"
5200141;"CUST_23";"Electric household essentials";1;5;5.0;"2022-11-01"
5200496;"CUST_15";"Computers and electric accessories";1;20;20.0;"2022-05-16"
5200656;"CUST_20";"Food";10;29;290.0;"2023-01-08"
5200691;"CUST_16";"Food";9;17;153.0;"2022-07-18"
5202455;"CUST_09";"Patisserie";1;26;26.0;"2022-05-22"
5203845;"CUST_16";"Beverages";7;41;287.0;"2022-11-15"
5204789;"CUST_04";"Furniture";8;7;52.0;"2022-11-05"
5204987;"CUST_06";"Beverages";4;31;122.0;"2024-11-01"
5205620;"CUST_17";"Patisserie";7;20;140.0;"2023-06-26"
5206095;"CUST_14";"Milk Products";1;26;26.0;"2022-08-25"
5206226;"CUST_15";"Butchers";2;37;73.0;"2024-11-07"
5208918;"CUST_07";"Beverages";6;28;165.0;"2022-12-09"
5210463;"CUST_11";"Furniture";6;5;30.0;"2024-03-06"
5210678;"CUST_05";"Milk Products";8;11;88.0;"2023-10-31"
5210938;"CUST_10";"Beverages";8;11;88.0;"2022-11-30"
5211253;"CUST_19";"Furniture";0;0;0.0;"2022-07-12"
5211291;"CUST_05";"Butchers";8;41;328.0;"2023-06-04"
5212165;"CUST_19";"Computers and electric accessories";5;11;55.0;"2023-08-06"
5213298;"CUST_08";"Milk Products";3;10;28.5;"2024-02-21"
5214483;"CUST_22";"Computers and electric accessories";2;31;61.0;"2022-07-03"
5215490;"CUST_18";"Butchers";1;23;23.0;"2024-09-18"
5216018;"CUST_08";"Furniture";1;41;41.0;"2022-09-26"
5216726;"CUST_07";"Computers and electric accessories";6;26;156.0;"2024-04-18"
5217409;"CUST_22";"Milk Products";1;41;41.0;"2023-12-09"
5217730;"CUST_16";"Computers and electric accessories";7;32;224.0;"2024-10-30"
5217918;"CUST_18";"Patisserie";4;10;38.0;"2023-08-01"
5218835;"CUST_05";"Butchers";10;31;305.0;"2022-12-02"
5219093;"CUST_12";"Beverages";3;5;15.0;"2024-01-31"
5219250;"CUST_23";"Electric household essentials";3;23;69.0;"2023-02-08"
5219312;"CUST_04";"Butchers";6;22;129.0;"2022-09-20"
5220094;"CUST_17";"Butchers";2;35;70.0;"2022-07-28"
5221018;"CUST_11";"Butchers";1;26;26.0;"2022-06-26"
5221911;"CUST_09";"Beverages";9;10;85.5;"2023-07-09"
5224257;"CUST_08";"Butchers";9;13;112.5;"2022-08-13"
5224584;"CUST_01";"Beverages";3;22;64.5;"2022-06-23"
5225733;"CUST_02";"Patisserie";8;16;124.0;"2023-04-08"
5227674;"CUST_23";"Beverages";10;22;215.0;"2022-07-27"
5228318;"CUST_14";"Patisserie";1;34;33.5;"2022-03-10"
5229606;"CUST_10";"Butchers";1;13;12.5;"2022-05-29"
5230040;"CUST_25";"Beverages";5;5;25.0;"2022-07-12"
5230472;"CUST_09";"Computers and electric accessories";4;34;134.0;"2023-09-20"
5231180;"CUST_22";"Beverages";9;14;126.0;"2024-05-10"
5233566;"CUST_02";"Milk Products";1;14;14.0;"2024-09-23"
5233832;"CUST_23";"Butchers";6;40;237.0;"2023-03-25"
5235086;"CUST_18";"Electric household essentials";6;16;93.0;"2022-01-15"
5236248;"CUST_21";"Food";9;19;166.5;"2025-01-15"
5237132;"CUST_08";"Furniture";0;0;0.0;"2022-11-28"
5238211;"CUST_09";"Furniture";8;26;208.0;"2023-12-15"
5238332;"CUST_23";"Beverages";0;0;0.0;"2025-01-15"
5238973;"CUST_06";"Electric household essentials";0;0;0.0;"2023-02-06"
5239006;"CUST_03";"Milk Products";9;37;328.5;"2023-01-06"
5239417;"CUST_03";"Electric household essentials";9;13;112.5;"2022-04-01"
5239775;"CUST_23";"Electric household essentials";2;22;43.0;"2024-06-22"
5239863;"CUST_21";"Furniture";8;41;328.0;"2024-12-22"
5240246;"CUST_24";"Butchers";4;8;32.0;"2022-09-22"
5240249;"CUST_02";"Patisserie";9;8;72.0;"2024-01-04"
5240612;"CUST_01";"Patisserie";1;17;17.0;"2023-03-31"
5240854;"CUST_16";"Computers and electric accessories";6;35;210.0;"2024-10-09"
5241473;"CUST_22";"Electric household essentials";3;35;105.0;"2024-08-18"
5241822;"CUST_17";"Electric household essentials";8;29;232.0;"2022-12-09"
5242699;"CUST_24";"Patisserie";10;20;200.0;"2022-12-30"
5243487;"CUST_10";"Milk Products";2;14;28.0;"2024-09-17"
5243520;"CUST_13";"Patisserie";5;19;92.5;"2024-05-16"
5246412;"CUST_10";"Beverages";1;16;15.5;"2023-09-15"
5246508;"CUST_02";"Electric household essentials";2;41;82.0;"2024-06-09"
5246659;"CUST_25";"Computers and electric accessories";3;26;78.0;"2023-07-17"
5247770;"CUST_23";"Computers and electric accessories";5;14;70.0;"2023-12-19"
5248200;"CUST_19";"Butchers";4;32;128.0;"2024-07-24"
5248260;"CUST_19";"Computers and electric accessories";5;35;175.0;"2022-04-30"
5248957;"CUST_19";"Food";2;25;49.0;"2023-06-24"
5250994;"CUST_03";"Food";3;23;69.0;"2022-08-28"
5251547;"CUST_20";"Food";9;31;274.5;"2022-06-19"
5252548;"CUST_03";"Electric household essentials";8;11;88.0;"2022-12-28"
5254886;"CUST_22";"Beverages";10;34;335.0;"2023-05-26"
5256349;"CUST_25";"Beverages";4;7;26.0;"2022-09-27"
5257079;"CUST_08";"Computers and electric accessories";9;26;234.0;"2024-11-04"
5257621;"CUST_20";"Furniture";8;34;268.0;"2023-12-01"
5258073;"CUST_11";"Beverages";8;26;208.0;"2023-08-22"
5258958;"CUST_07";"Butchers";10;20;200.0;"2024-11-23"
5259345;"CUST_02";"Electric household essentials";10;26;260.0;"2024-05-15"
5259443;"CUST_15";"Milk Products";9;29;261.0;"2024-03-06"
5259478;"CUST_02";"Furniture";1;5;5.0;"2022-02-27"
5259819;"CUST_19";"Patisserie";5;7;32.5;"2022-02-18"
5260160;"CUST_24";"Patisserie";7;34;234.5;"2023-07-29"
5261605;"CUST_02";"Patisserie";2;25;49.0;"2023-12-15"
5261729;"CUST_02";"Computers and electric accessories";10;35;350.0;"2024-06-21"
5261739;"CUST_12";"Milk Products";1;32;32.0;"2023-04-05"
5263251;"CUST_14";"Patisserie";5;20;100.0;"2024-02-26"
5264491;"CUST_25";"Food";6;23;138.0;"2023-10-22"
5266615;"CUST_20";"Patisserie";0;0;0.0;"2024-04-10"
5266941;"CUST_03";"Patisserie";0;0;0.0;"2024-04-05"
5268822;"CUST_09";"Milk Products";7;23;161.0;"2022-05-22"
5268837;"CUST_01";"Electric household essentials";2;37;73.0;"2022-01-15"
5268893;"CUST_13";"Food";3;11;33.0;"2024-01-20"
5268986;"CUST_22";"Furniture";4;28;110.0;"2023-07-16"
5269978;"CUST_17";"Food";6;35;210.0;"2024-03-30"
5270259;"CUST_06";"Food";9;35;315.0;"2025-01-14"
5270278;"CUST_14";"Milk Products";2;16;31.0;"2022-02-13"
5270554;"CUST_16";"Electric household essentials";2;31;61.0;"2023-08-29"
5274178;"CUST_11";"Computers and electric accessories";9;22;193.5;"2022-07-05"
5274417;"CUST_03";"Milk Products";5;28;137.5;"2023-11-09"
5274500;"CUST_01";"Electric household essentials";5;37;182.5;"2023-06-09"
5275020;"CUST_17";"Butchers";2;34;67.0;"2023-04-25"
5275028;"CUST_02";"Electric household essentials";7;5;35.0;"2022-03-19"
5275219;"CUST_06";"Computers and electric accessories";5;35;175.0;"2024-08-26"
5275517;"CUST_10";"Food";8;29;232.0;"2024-11-29"
5276201;"CUST_08";"Computers and electric accessories";7;35;245.0;"2023-03-24"
5276329;"CUST_09";"Food";1;11;11.0;"2023-12-18"
5277569;"CUST_09";"Patisserie";4;11;44.0;"2024-11-16"
5277679;"CUST_20";"Computers and electric accessories";1;31;30.5;"2023-06-08"
5277964;"CUST_03";"Butchers";5;14;70.0;"2023-01-28"
5280034;"CUST_07";"Electric household essentials";3;16;46.5;"2022-02-18"
5280917;"CUST_20";"Furniture";0;0;0.0;"2022-05-23"
5281103;"CUST_12";"Milk Products";7;5;35.0;"2024-01-22"
5281882;"CUST_06";"Electric household essentials";1;29;29.0;"2024-02-18"
5282091;"CUST_21";"Patisserie";8;34;268.0;"2023-01-13"
5283369;"CUST_06";"Computers and electric accessories";7;11;77.0;"2024-04-16"
5283395;"CUST_21";"Computers and electric accessories";3;19;55.5;"2023-11-07"
5283643;"CUST_02";"Beverages";8;40;316.0;"2023-07-09"
5284723;"CUST_24";"Food";8;32;256.0;"2024-07-27"
5285633;"CUST_04";"Furniture";9;41;369.0;"2024-07-16"
5286184;"CUST_22";"Computers and electric accessories";1;22;21.5;"2022-06-28"
5286530;"CUST_01";"Computers and electric accessories";6;13;75.0;"2024-02-28"
5286547;"CUST_16";"Food";10;41;410.0;"2023-02-16"
5288250;"CUST_11";"Furniture";4;11;44.0;"2022-12-01"
5288559;"CUST_25";"Beverages";8;26;208.0;"2023-06-28"
5289066;"CUST_11";"Electric household essentials";5;41;205.0;"2024-09-06"
5289156;"CUST_18";"Furniture";4;40;158.0;"2022-12-13"
5289749;"CUST_18";"Beverages";4;14;56.0;"2023-04-02"
5290650;"CUST_01";"Butchers";9;37;328.5;"2023-06-28"
5291160;"CUST_06";"Electric household essentials";7;16;108.5;"2022-09-12"
5291414;"CUST_12";"Patisserie";7;14;98.0;"2022-03-02"
5292313;"CUST_16";"Butchers";8;32;256.0;"2023-11-26"
5292453;"CUST_09";"Furniture";8;28;220.0;"2023-04-22"
5293933;"CUST_20";"Computers and electric accessories";5;11;55.0;"2022-12-06"
5296489;"CUST_09";"Milk Products";4;5;20.0;"2024-12-07"
5298336;"CUST_21";"Food";5;19;92.5;"2024-12-22"
5298533;"CUST_03";"Food";8;13;100.0;"2023-11-24"
5299299;"CUST_18";"Butchers";6;7;39.0;"2023-07-31"
5299596;"CUST_13";"Computers and electric accessories";9;26;234.0;"2024-04-14"
5300736;"CUST_02";"Furniture";7;40;276.5;"2022-07-17"
5301234;"CUST_09";"Furniture";10;13;125.0;"2023-07-21"
5302343;"CUST_04";"Food";1;13;12.5;"2022-04-05"
5302358;"CUST_06";"Electric household essentials";6;23;138.0;"2024-10-31"
5304231;"CUST_05";"Butchers";5;31;152.5;"2024-01-20"
5305961;"CUST_24";"Food";4;29;116.0;"2024-06-02"
5306010;"CUST_11";"Butchers";10;14;140.0;"2024-08-24"
5306857;"CUST_08";"Patisserie";4;25;98.0;"2022-07-20"
5307105;"CUST_21";"Milk Products";1;8;8.0;"2024-07-14"
5308350;"CUST_19";"Food";10;22;215.0;"2022-01-18"
5308530;"CUST_07";"Milk Products";9;28;247.5;"2023-12-18"
5308548;"CUST_12";"Butchers";5;41;205.0;"2023-10-01"
5308673;"CUST_14";"Butchers";2;10;19.0;"2022-03-21"
5308843;"CUST_13";"Food";0;0;0.0;"2022-12-24"
5309004;"CUST_23";"Patisserie";1;16;15.5;"2022-10-30"
5309800;"CUST_16";"Butchers";4;37;146.0;"2022-10-18"
5310579;"CUST_18";"Furniture";10;19;185.0;"2024-07-02"
5311325;"CUST_05";"Computers and electric accessories";0;0;0.0;"2022-08-28"
5311558;"CUST_16";"Electric household essentials";10;23;230.0;"2024-12-06"
5312362;"CUST_09";"Furniture";4;5;20.0;"2024-12-06"
5313408;"CUST_04";"Food";3;17;51.0;"2023-12-04"
5314835;"CUST_22";"Patisserie";7;5;35.0;"2024-07-05"
5315119;"CUST_10";"Patisserie";3;10;28.5;"2024-09-01"
5317550;"CUST_23";"Furniture";4;29;116.0;"2024-05-14"
5318952;"CUST_11";"Food";1;31;30.5;"2025-01-12"
5319218;"CUST_11";"Computers and electric accessories";2;10;19.0;"2023-02-27"
5319794;"CUST_01";"Beverages";10;28;275.0;"2023-05-01"
5321202;"CUST_13";"Beverages";9;14;126.0;"2024-02-25"
5321880;"CUST_13";"Butchers";1;34;33.5;"2024-02-25"
5321918;"CUST_24";"Furniture";5;13;62.5;"2025-01-18"
5323387;"CUST_13";"Furniture";8;5;40.0;"2024-03-08"
5324237;"CUST_19";"Milk Products";9;32;288.0;"2023-11-09"
5326091;"CUST_05";"Computers and electric accessories";10;34;335.0;"2023-02-21"
5326454;"CUST_09";"Furniture";4;35;140.0;"2022-05-06"
5327909;"CUST_01";"Computers and electric accessories";4;13;50.0;"2023-04-04"
5328299;"CUST_23";"Patisserie";2;29;58.0;"2022-01-17"
5328500;"CUST_18";"Patisserie";6;25;147.0;"2024-02-11"
5328564;"CUST_19";"Milk Products";0;0;0.0;"2024-09-13"
5328604;"CUST_07";"Food";10;34;335.0;"2024-07-08"
5329115;"CUST_23";"Food";5;31;152.5;"2022-05-11"
5331650;"CUST_08";"Milk Products";8;14;112.0;"2023-04-03"
5332200;"CUST_19";"Butchers";9;38;342.0;"2024-10-21"
5332685;"CUST_07";"Butchers";10;32;320.0;"2022-09-03"
5333066;"CUST_19";"Milk Products";1;38;38.0;"2024-06-05"
5333157;"CUST_25";"Electric household essentials";2;17;34.0;"2023-12-30"
5336983;"CUST_10";"Computers and electric accessories";1;10;9.5;"2024-03-22"
5338814;"CUST_06";"Milk Products";10;41;410.0;"2023-03-13"
5338975;"CUST_01";"Butchers";3;23;69.0;"2024-01-25"
5341574;"CUST_01";"Computers and electric accessories";6;14;84.0;"2023-10-23"
5341621;"CUST_16";"Food";4;19;74.0;"2022-07-06"
5342329;"CUST_19";"Furniture";9;20;180.0;"2023-09-29"
5342424;"CUST_01";"Food";5;20;100.0;"2024-05-31"
5343433;"CUST_20";"Computers and electric accessories";7;32;224.0;"2022-12-11"
5343633;"CUST_25";"Electric household essentials";7;38;266.0;"2023-02-08"
5347448;"CUST_18";"Patisserie";8;11;88.0;"2022-08-29"
5350553;"CUST_03";"Electric household essentials";6;19;111.0;"2022-07-31"
5351182;"CUST_18";"Food";0;0;0.0;"2023-04-10"
5351535;"CUST_23";"Patisserie";8;41;328.0;"2024-10-15"
5352821;"CUST_16";"Patisserie";2;23;46.0;"2024-07-13"
5353177;"CUST_04";"Computers and electric accessories";6;32;192.0;"2024-01-01"
5353247;"CUST_02";"Food";7;31;213.5;"2024-03-13"
5355489;"CUST_25";"Furniture";1;8;8.0;"2024-01-23"
5356491;"CUST_24";"Milk Products";4;8;32.0;"2023-09-07"
5356552;"CUST_09";"Milk Products";8;5;40.0;"2023-10-19"
5358328;"CUST_20";"Furniture";6;14;84.0;"2023-04-29"
5358578;"CUST_16";"Milk Products";10;23;230.0;"2023-02-16"
5360194;"CUST_20";"Beverages";6;16;93.0;"2024-09-04"
5361549;"CUST_13";"Computers and electric accessories";8;25;196.0;"2022-07-13"
5361587;"CUST_09";"Beverages";9;5;45.0;"2024-07-17"
5361643;"CUST_19";"Food";2;23;46.0;"2023-12-19"
5362267;"CUST_09";"Beverages";4;29;116.0;"2022-09-11"
5362878;"CUST_10";"Computers and electric accessories";3;23;69.0;"2024-12-25"
5364503;"CUST_15";"Computers and electric accessories";10;23;230.0;"2023-09-13"
5365083;"CUST_07";"Milk Products";10;34;335.0;"2024-02-07"
5365850;"CUST_25";"Milk Products";2;35;70.0;"2024-02-01"
5366697;"CUST_01";"Milk Products";1;5;5.0;"2023-07-25"
5367164;"CUST_20";"Furniture";8;26;208.0;"2023-12-13"
5368211;"CUST_25";"Patisserie";1;8;8.0;"2024-08-01"
5368235;"CUST_25";"Food";10;28;275.0;"2022-02-20"
5369691;"CUST_24";"Food";5;13;62.5;"2022-02-16"
5371741;"CUST_12";"Electric household essentials";4;29;116.0;"2022-08-21"
5372218;"CUST_19";"Electric household essentials";7;17;119.0;"2024-09-12"
5372618;"CUST_08";"Electric household essentials";7;26;182.0;"2022-05-18"
5372777;"CUST_08";"Milk Products";6;5;30.0;"2022-05-30"
5373853;"CUST_13";"Patisserie";5;26;130.0;"2024-09-12"
5373878;"CUST_04";"Butchers";8;29;232.0;"2024-03-15"
5374169;"CUST_24";"Milk Products";5;10;47.5;"2022-02-24"
5374493;"CUST_23";"Computers and electric accessories";4;37;146.0;"2023-03-05"
5374685;"CUST_05";"Beverages";7;34;234.5;"2024-11-21"
5374866;"CUST_08";"Butchers";6;20;120.0;"2022-03-04"
5375311;"CUST_22";"Milk Products";3;10;28.5;"2024-01-19"
5375740;"CUST_15";"Furniture";8;11;88.0;"2024-04-07"
5376341;"CUST_16";"Food";6;17;102.0;"2022-02-22"
5377436;"CUST_09";"Patisserie";4;29;116.0;"2023-03-24"
5377881;"CUST_23";"Computers and electric accessories";0;0;0.0;"2023-05-29"
5379241;"CUST_05";"Butchers";10;34;335.0;"2023-04-12"
5380026;"CUST_08";"Furniture";10;7;65.0;"2022-07-08"
5380293;"CUST_05";"Computers and electric accessories";6;32;192.0;"2024-10-08"
5380552;"CUST_05";"Butchers";1;29;29.0;"2023-09-28"
5381153;"CUST_09";"Patisserie";5;10;47.5;"2023-11-05"
5381188;"CUST_17";"Furniture";5;5;25.0;"2022-12-15"
5381793;"CUST_05";"Furniture";9;8;72.0;"2024-12-09"
5383084;"CUST_18";"Patisserie";9;26;234.0;"2023-05-12"
5383343;"CUST_10";"Patisserie";2;38;76.0;"2024-10-19"
5383494;"CUST_15";"Butchers";4;22;86.0;"2024-10-10"
5384743;"CUST_19";"Electric household essentials";8;32;256.0;"2024-04-08"
5385403;"CUST_03";"Beverages";7;35;245.0;"2024-04-27"
5386507;"CUST_02";"Electric household essentials";1;35;35.0;"2024-09-02"
5386745;"CUST_01";"Patisserie";8;16;124.0;"2024-01-21"
5386801;"CUST_02";"Beverages";7;22;150.5;"2022-06-21"
5387201;"CUST_14";"Furniture";6;7;39.0;"2024-11-06"
5387401;"CUST_09";"Food";4;40;158.0;"2024-12-30"
5387564;"CUST_12";"Food";4;8;32.0;"2022-03-31"
5387960;"CUST_13";"Patisserie";6;16;93.0;"2022-04-26"
5387968;"CUST_18";"Electric household essentials";2;5;10.0;"2023-11-28"
5389189;"CUST_04";"Beverages";8;10;76.0;"2024-12-23"
5389562;"CUST_18";"Patisserie";5;38;190.0;"2022-05-03"
5390097;"CUST_02";"Beverages";3;32;96.0;"2022-12-10"
5390878;"CUST_12";"Food";4;34;134.0;"2024-05-02"
5391293;"CUST_07";"Furniture";8;20;160.0;"2024-12-29"
5391688;"CUST_01";"Electric household essentials";3;16;46.5;"2023-12-24"
5391734;"CUST_12";"Beverages";3;16;46.5;"2024-11-17"
5392536;"CUST_11";"Butchers";6;41;246.0;"2023-06-22"
5393801;"CUST_13";"Electric household essentials";8;23;184.0;"2023-12-12"
5394514;"CUST_18";"Patisserie";3;5;15.0;"2022-04-19"
5394856;"CUST_08";"Patisserie";2;29;58.0;"2024-10-24"
5395023;"CUST_23";"Electric household essentials";9;5;45.0;"2024-09-03"
5395129;"CUST_17";"Furniture";4;16;62.0;"2023-03-15"
5395458;"CUST_14";"Food";7;11;77.0;"2024-10-12"
5395629;"CUST_14";"Butchers";7;22;150.5;"2022-08-24"
5396051;"CUST_08";"Butchers";2;34;67.0;"2024-09-01"
5396093;"CUST_18";"Electric household essentials";8;13;100.0;"2025-01-03"
5396734;"CUST_03";"Butchers";9;28;247.5;"2024-06-24"
5398868;"CUST_09";"Milk Products";9;40;355.5;"2023-04-18"
5399162;"CUST_25";"Furniture";2;16;31.0;"2022-04-05"
5399331;"CUST_22";"Furniture";10;14;140.0;"2024-08-08"
5400225;"CUST_04";"Electric household essentials";8;31;244.0;"2023-06-14"
5400932;"CUST_15";"Food";10;25;245.0;"2023-03-01"
5401680;"CUST_21";"Electric household essentials";9;20;180.0;"2023-01-23"
5401881;"CUST_22";"Beverages";4;19;74.0;"2022-06-13"
5402378;"CUST_25";"Butchers";1;37;36.5;"2022-01-23"
5403498;"CUST_16";"Furniture";7;14;98.0;"2024-05-18"
5404376;"CUST_02";"Furniture";4;20;80.0;"2024-01-22"
5404379;"CUST_03";"Butchers";9;32;288.0;"2022-01-13"
5404975;"CUST_16";"Computers and electric accessories";8;19;148.0;"2024-08-26"
5405178;"CUST_24";"Butchers";6;37;219.0;"2023-10-07"
5405889;"CUST_05";"Patisserie";1;14;14.0;"2023-01-08"
5407015;"CUST_22";"Milk Products";5;10;47.5;"2023-07-10"
5407536;"CUST_19";"Electric household essentials";3;11;33.0;"2023-09-08"
5409965;"CUST_23";"Food";7;14;98.0;"2023-05-27"
5410273;"CUST_22";"Furniture";7;14;98.0;"2024-02-06"
5410292;"CUST_18";"Electric household essentials";7;13;87.5;"2022-11-13"
5410671;"CUST_20";"Milk Products";9;8;72.0;"2023-12-25"
5410939;"CUST_03";"Food";7;8;56.0;"2024-10-26"
5411098;"CUST_19";"Milk Products";4;20;80.0;"2023-03-20"
5412766;"CUST_20";"Furniture";10;40;395.0;"2022-10-02"
5412780;"CUST_20";"Beverages";8;35;280.0;"2024-01-14"
5413491;"CUST_01";"Patisserie";9;22;193.5;"2023-11-12"
5414836;"CUST_03";"Beverages";10;40;395.0;"2024-10-01"
5415838;"CUST_02";"Beverages";5;35;175.0;"2022-12-09"
5416741;"CUST_13";"Computers and electric accessories";0;0;0.0;"2022-02-02"
5416951;"CUST_25";"Furniture";1;16;15.5;"2024-05-27"
5418871;"CUST_04";"Computers and electric accessories";7;37;255.5;"2022-03-16"
5419806;"CUST_19";"Food";5;41;205.0;"2022-09-09"
5419965;"CUST_23";"Computers and electric accessories";0;0;0.0;"2024-01-16"
5420133;"CUST_24";"Butchers";5;37;182.5;"2024-01-14"
5421103;"CUST_14";"Computers and electric accessories";7;31;213.5;"2025-01-01"
5422440;"CUST_19";"Furniture";5;34;167.5;"2023-04-03"
5422631;"CUST_09";"Milk Products";8;7;52.0;"2025-01-12"
5423342;"CUST_19";"Computers and electric accessories";3;16;46.5;"2023-10-21"
5426061;"CUST_12";"Patisserie";9;23;207.0;"2024-06-23"
5426614;"CUST_19";"Milk Products";7;26;182.0;"2022-08-06"
5427219;"CUST_04";"Milk Products";0;0;0.0;"2024-12-19"
5428095;"CUST_01";"Food";3;11;33.0;"2022-05-22"
5428176;"CUST_03";"Patisserie";3;40;118.5;"2022-03-12"
5429014;"CUST_17";"Electric household essentials";5;23;115.0;"2023-12-06"
5430099;"CUST_08";"Patisserie";6;16;93.0;"2023-08-10"
5430495;"CUST_11";"Beverages";5;34;167.5;"2024-01-11"
5431135;"CUST_14";"Milk Products";10;28;275.0;"2022-07-02"
5431616;"CUST_17";"Furniture";1;16;15.5;"2024-11-26"
5431879;"CUST_10";"Electric household essentials";0;0;0.0;"2024-02-14"
5432899;"CUST_21";"Beverages";9;37;328.5;"2022-01-13"
5433450;"CUST_06";"Furniture";7;5;35.0;"2022-02-18"
5434376;"CUST_09";"Computers and electric accessories";9;20;180.0;"2022-09-22"
5434897;"CUST_25";"Butchers";1;38;38.0;"2023-03-21"
5436267;"CUST_02";"Furniture";4;26;104.0;"2022-01-30"
5436478;"CUST_13";"Computers and electric accessories";8;34;268.0;"2023-12-21"
5436799;"CUST_15";"Beverages";2;10;19.0;"2024-03-31"
5436979;"CUST_21";"Beverages";7;16;108.5;"2022-05-30"
5437649;"CUST_06";"Food";2;35;70.0;"2022-02-14"
5438923;"CUST_03";"Milk Products";4;40;158.0;"2023-07-21"
5439195;"CUST_21";"Beverages";4;22;86.0;"2023-06-29"
5439702;"CUST_20";"Electric household essentials";2;16;31.0;"2025-01-03"
5439767;"CUST_18";"Furniture";2;7;13.0;"2023-09-19"
5441868;"CUST_05";"Furniture";5;11;55.0;"2022-03-07"
5442078;"CUST_08";"Food";7;11;77.0;"2023-07-31"
5442490;"CUST_07";"Patisserie";7;11;77.0;"2024-12-31"
5442881;"CUST_16";"Patisserie";6;29;174.0;"2022-01-16"
5443961;"CUST_06";"Electric household essentials";4;31;122.0;"2022-04-29"
5444047;"CUST_21";"Milk Products";3;32;96.0;"2022-01-12"
5444304;"CUST_15";"Computers and electric accessories";9;41;369.0;"2023-04-22"
5444504;"CUST_05";"Food";10;20;200.0;"2022-04-26"
5445578;"CUST_11";"Furniture";8;7;52.0;"2023-04-11"
5448250;"CUST_03";"Computers and electric accessories";6;34;201.0;"2024-03-21"
5449031;"CUST_23";"Furniture";4;41;164.0;"2024-11-22"
5449047;"CUST_18";"Electric household essentials";2;29;58.0;"2023-06-23"
5449415;"CUST_18";"Electric household essentials";5;34;167.5;"2022-12-11"
5449515;"CUST_08";"Milk Products";8;29;232.0;"2024-09-24"
5449536;"CUST_01";"Butchers";8;37;292.0;"2024-05-19"
5451213;"CUST_12";"Beverages";9;35;315.0;"2024-01-12"
5451304;"CUST_14";"Furniture";1;10;9.5;"2022-07-21"
5451832;"CUST_06";"Butchers";7;13;87.5;"2024-07-12"
5452486;"CUST_13";"Electric household essentials";2;38;76.0;"2023-10-22"
5453068;"CUST_25";"Milk Products";7;13;87.5;"2022-01-05"
5453940;"CUST_25";"Furniture";7;13;87.5;"2023-03-30"
5455904;"CUST_02";"Electric household essentials";8;37;292.0;"2024-07-04"
5456972;"CUST_16";"Electric household essentials";2;41;82.0;"2023-11-05"
5458562;"CUST_21";"Computers and electric accessories";6;22;129.0;"2024-05-23"
5458839;"CUST_05";"Food";9;7;58.5;"2023-08-15"
5459004;"CUST_16";"Furniture";5;7;32.5;"2022-08-31"
5459334;"CUST_20";"Food";5;25;122.5;"2023-05-10"
5459776;"CUST_24";"Food";2;25;49.0;"2024-10-01"
5460403;"CUST_13";"Computers and electric accessories";1;32;32.0;"2024-12-10"
5460457;"CUST_09";"Milk Products";6;23;138.0;"2022-10-22"
5460852;"CUST_21";"Butchers";5;22;107.5;"2024-02-09"
5461118;"CUST_03";"Butchers";3;16;46.5;"2024-08-20"
5461728;"CUST_19";"Computers and electric accessories";3;5;15.0;"2024-10-07"
5465898;"CUST_14";"Computers and electric accessories";9;16;139.5;"2024-12-26"
5469699;"CUST_01";"Milk Products";7;13;87.5;"2023-01-21"
5469948;"CUST_20";"Furniture";6;13;75.0;"2022-09-01"
5471094;"CUST_14";"Butchers";3;7;19.5;"2022-08-24"
5471275;"CUST_14";"Food";6;11;66.0;"2023-02-26"
5471959;"CUST_23";"Computers and electric accessories";10;7;65.0;"2023-05-18"
5472933;"CUST_10";"Milk Products";9;32;288.0;"2022-05-12"
5473528;"CUST_16";"Patisserie";0;0;0.0;"2023-12-03"
5473549;"CUST_10";"Computers and electric accessories";4;35;140.0;"2024-03-28"
5474573;"CUST_03";"Food";3;19;55.5;"2023-09-12"
5475205;"CUST_08";"Computers and electric accessories";1;26;26.0;"2024-11-21"
5475355;"CUST_02";"Electric household essentials";6;41;246.0;"2024-01-08"
5475667;"CUST_14";"Food";3;7;19.5;"2024-09-30"
5476321;"CUST_02";"Computers and electric accessories";3;26;78.0;"2023-04-24"
5476798;"CUST_02";"Butchers";10;38;380.0;"2022-10-07"
5477262;"CUST_14";"Food";7;34;234.5;"2022-10-07"
5478659;"CUST_24";"Milk Products";5;38;190.0;"2024-02-22"
5478774;"CUST_17";"Patisserie";9;25;220.5;"2022-06-27"
5479660;"CUST_17";"Computers and electric accessories";8;28;220.0;"2023-02-11"
5481124;"CUST_03";"Furniture";9;26;234.0;"2022-01-14"
5481214;"CUST_14";"Patisserie";7;23;161.0;"2022-04-16"
5482525;"CUST_08";"Milk Products";8;8;64.0;"2022-08-09"
5482659;"CUST_20";"Computers and electric accessories";5;5;25.0;"2024-12-19"
5482804;"CUST_13";"Electric household essentials";8;16;124.0;"2024-11-08"
5483324;"CUST_21";"Food";8;22;172.0;"2024-07-17"
5483650;"CUST_04";"Computers and electric accessories";8;32;256.0;"2022-09-21"
5485024;"CUST_09";"Milk Products";2;14;28.0;"2024-05-12"
5485213;"CUST_05";"Computers and electric accessories";7;11;77.0;"2024-02-19"
5485829;"CUST_17";"Computers and electric accessories";8;41;328.0;"2023-05-21"
5486882;"CUST_01";"Milk Products";7;32;224.0;"2022-05-06"
5486919;"CUST_12";"Food";10;25;245.0;"2022-07-27"
5487046;"CUST_22";"Computers and electric accessories";9;32;288.0;"2022-06-06"
5487075;"CUST_09";"Patisserie";1;22;21.5;"2022-08-14"
5488509;"CUST_21";"Butchers";7;28;192.5;"2022-02-12"
5488903;"CUST_24";"Furniture";5;38;190.0;"2024-03-16"
5490508;"CUST_08";"Food";1;22;21.5;"2023-05-28"
5491571;"CUST_02";"Computers and electric accessories";7;17;119.0;"2024-03-10"
5492495;"CUST_19";"Furniture";5;11;55.0;"2023-05-07"
5493009;"CUST_10";"Food";8;22;172.0;"2022-01-17"
5494990;"CUST_16";"Computers and electric accessories";4;11;44.0;"2023-06-30"
5495445;"CUST_21";"Butchers";7;5;35.0;"2023-09-18"
5495475;"CUST_06";"Electric household essentials";5;20;100.0;"2022-06-11"
5497844;"CUST_03";"Milk Products";1;29;29.0;"2024-05-08"
5498271;"CUST_17";"Computers and electric accessories";0;0;0.0;"2024-01-25"
5498300;"CUST_04";"Food";2;11;22.0;"2024-10-18"
5498501;"CUST_23";"Food";10;23;230.0;"2023-03-17"
5498711;"CUST_20";"Furniture";6;13;75.0;"2024-12-23"
5498786;"CUST_11";"Computers and electric accessories";7;41;287.0;"2024-07-18"
5498797;"CUST_24";"Beverages";4;32;128.0;"2023-01-25"
5498882;"CUST_15";"Food";6;35;210.0;"2024-05-18"
5498917;"CUST_12";"Electric household essentials";3;11;33.0;"2024-07-25"
5500210;"CUST_14";"Electric household essentials";9;28;247.5;"2022-01-23"
5500378;"CUST_04";"Electric household essentials";7;34;234.5;"2022-02-22"
5501227;"CUST_20";"Butchers";9;8;72.0;"2024-08-11"
5501281;"CUST_19";"Electric household essentials";8;16;124.0;"2024-01-03"
5501500;"CUST_25";"Computers and electric accessories";10;35;350.0;"2024-05-17"
5501595;"CUST_03";"Milk Products";3;16;46.5;"2023-06-20"
5501762;"CUST_07";"Furniture";7;20;140.0;"2023-11-08"
5501865;"CUST_21";"Beverages";10;19;185.0;"2022-02-20"
5502229;"CUST_07";"Butchers";10;22;215.0;"2024-10-13"
5502375;"CUST_03";"Butchers";7;5;35.0;"2024-06-20"
5502712;"CUST_16";"Butchers";1;16;15.5;"2023-08-01"
5503303;"CUST_19";"Beverages";6;32;192.0;"2024-12-25"
5503377;"CUST_09";"Computers and electric accessories";4;28;110.0;"2023-07-13"
5504057;"CUST_03";"Patisserie";4;29;116.0;"2023-05-04"
5504141;"CUST_16";"Patisserie";5;38;190.0;"2024-11-30"
5504521;"CUST_05";"Beverages";0;0;0.0;"2024-04-19"
5505701;"CUST_04";"Milk Products";10;20;200.0;"2024-07-08"
5506088;"CUST_24";"Patisserie";2;37;73.0;"2022-05-31"
5507888;"CUST_23";"Butchers";6;13;75.0;"2024-01-03"
5508625;"CUST_06";"Butchers";1;11;11.0;"2024-12-13"
5509332;"CUST_02";"Food";9;34;301.5;"2022-12-29"
5509504;"CUST_02";"Furniture";4;19;74.0;"2023-06-20"
5510271;"CUST_23";"Furniture";4;16;62.0;"2024-05-28"
5510641;"CUST_14";"Patisserie";3;29;87.0;"2023-10-21"
5510664;"CUST_06";"Furniture";2;11;22.0;"2024-02-11"
5511793;"CUST_14";"Computers and electric accessories";10;25;245.0;"2023-04-16"
5512150;"CUST_21";"Butchers";2;34;67.0;"2024-04-17"
5512573;"CUST_08";"Patisserie";10;5;50.0;"2024-05-13"
5512644;"CUST_13";"Electric household essentials";1;5;5.0;"2022-05-30"
5513008;"CUST_11";"Computers and electric accessories";8;35;280.0;"2023-09-07"
5513567;"CUST_06";"Computers and electric accessories";10;19;185.0;"2022-10-13"
5513986;"CUST_13";"Furniture";1;26;26.0;"2024-08-08"
5514653;"CUST_18";"Butchers";10;14;140.0;"2022-04-23"
5515525;"CUST_01";"Computers and electric accessories";5;25;122.5;"2022-06-08"
5515647;"CUST_05";"Butchers";5;11;55.0;"2022-04-27"
5517289;"CUST_25";"Butchers";8;7;52.0;"2023-01-24"
5517386;"CUST_13";"Patisserie";2;10;19.0;"2023-04-23"
5518537;"CUST_19";"Food";1;11;11.0;"2023-02-08"
5518578;"CUST_06";"Electric household essentials";6;32;192.0;"2022-09-15"
5518783;"CUST_16";"Computers and electric accessories";6;26;156.0;"2023-06-10"
5520047;"CUST_18";"Patisserie";4;28;110.0;"2022-02-16"
5520149;"CUST_13";"Patisserie";7;10;66.5;"2023-12-18"
5520385;"CUST_24";"Milk Products";5;28;137.5;"2024-09-28"
5521089;"CUST_13";"Milk Products";3;29;87.0;"2024-06-21"
5523804;"CUST_09";"Electric household essentials";6;34;201.0;"2023-05-07"
5525208;"CUST_13";"Beverages";9;40;355.5;"2022-10-06"
5525894;"CUST_18";"Food";2;28;55.0;"2024-07-11"
5526147;"CUST_16";"Beverages";10;34;335.0;"2024-07-21"
5526938;"CUST_20";"Patisserie";3;20;60.0;"2022-12-31"
5527798;"CUST_16";"Electric household essentials";6;7;39.0;"2023-05-16"
5528637;"CUST_22";"Patisserie";10;34;335.0;"2023-02-22"
5529041;"CUST_07";"Butchers";7;26;182.0;"2024-09-03"
5529274;"CUST_17";"Milk Products";2;16;31.0;"2024-05-28"
5529689;"CUST_14";"Milk Products";10;31;305.0;"2022-06-28"
5529772;"CUST_12";"Patisserie";1;38;38.0;"2024-12-31"
5530234;"CUST_10";"Electric household essentials";8;29;232.0;"2023-06-30"
5530545;"CUST_01";"Food";10;7;65.0;"2023-11-26"
5531182;"CUST_06";"Furniture";3;20;60.0;"2022-06-13"
5531565;"CUST_21";"Beverages";8;22;172.0;"2022-09-15"
5532386;"CUST_02";"Milk Products";7;23;161.0;"2024-03-19"
5532395;"CUST_21";"Food";7;25;171.5;"2024-12-21"
5532478;"CUST_19";"Milk Products";10;8;80.0;"2024-07-12"
5533070;"CUST_12";"Electric household essentials";1;34;33.5;"2023-05-15"
5533205;"CUST_18";"Furniture";7;40;276.5;"2023-12-31"
5534368;"CUST_09";"Milk Products";6;23;138.0;"2022-04-14"
5535762;"CUST_18";"Butchers";7;5;35.0;"2022-12-31"
5536646;"CUST_24";"Electric household essentials";9;34;301.5;"2024-08-21"
5536792;"CUST_16";"Computers and electric accessories";10;31;305.0;"2022-01-18"
5537108;"CUST_09";"Furniture";4;20;80.0;"2022-01-16"
5539624;"CUST_16";"Milk Products";8;32;256.0;"2022-08-26"
5540233;"CUST_09";"Electric household essentials";7;10;66.5;"2024-11-02"
5541676;"CUST_17";"Beverages";9;17;153.0;"2024-03-20"
5543262;"CUST_24";"Food";6;22;129.0;"2023-08-11"
5543359;"CUST_09";"Beverages";2;23;46.0;"2022-12-04"
5543371;"CUST_15";"Milk Products";4;17;68.0;"2024-03-28"
5543548;"CUST_13";"Patisserie";2;16;31.0;"2023-01-01"
5543825;"CUST_18";"Patisserie";1;34;33.5;"2024-05-17"
5544368;"CUST_20";"Beverages";4;7;26.0;"2022-12-09"
5544428;"CUST_18";"Computers and electric accessories";8;23;184.0;"2023-07-25"
5545903;"CUST_25";"Milk Products";0;0;0.0;"2022-03-25"
5546642;"CUST_05";"Computers and electric accessories";3;32;96.0;"2023-09-09"
5547862;"CUST_24";"Food";10;20;200.0;"2022-07-16"
5547887;"CUST_01";"Patisserie";10;29;290.0;"2024-09-10"
5549998;"CUST_17";"Furniture";4;7;26.0;"2023-04-26"
5550602;"CUST_08";"Beverages";1;8;8.0;"2023-08-26"
5550924;"CUST_11";"Beverages";4;8;32.0;"2022-12-29"
5551793;"CUST_03";"Milk Products";5;14;70.0;"2024-04-06"
5552232;"CUST_02";"Electric household essentials";10;19;185.0;"2023-05-14"
5553241;"CUST_20";"Electric household essentials";5;26;130.0;"2024-08-20"
5554317;"CUST_14";"Beverages";4;13;50.0;"2022-03-10"
5554744;"CUST_07";"Furniture";9;41;369.0;"2024-07-07"
5555336;"CUST_13";"Beverages";8;16;124.0;"2024-10-09"
5557152;"CUST_06";"Food";7;17;119.0;"2022-11-09"
5557970;"CUST_11";"Food";10;23;230.0;"2024-08-16"
5558575;"CUST_14";"Food";1;34;33.5;"2023-08-24"
5559800;"CUST_01";"Food";8;22;172.0;"2022-11-25"
5560242;"CUST_12";"Beverages";2;8;16.0;"2022-08-13"
5560416;"CUST_18";"Milk Products";3;20;60.0;"2022-03-22"
5562599;"CUST_15";"Beverages";8;34;268.0;"2022-09-02"
5562705;"CUST_02";"Milk Products";1;13;12.5;"2022-07-21"
5563103;"CUST_18";"Furniture";9;7;58.5;"2022-10-20"
5563568;"CUST_21";"Patisserie";7;5;35.0;"2023-01-30"
5563947;"CUST_01";"Food";3;29;87.0;"2022-06-02"
5564406;"CUST_08";"Butchers";2;14;28.0;"2024-10-16"
5565868;"CUST_22";"Computers and electric accessories";9;20;180.0;"2024-07-30"
5566685;"CUST_06";"Milk Products";1;35;35.0;"2023-12-07"
5566845;"CUST_12";"Computers and electric accessories";10;23;230.0;"2024-08-23"
5567034;"CUST_07";"Beverages";5;22;107.5;"2024-10-31"
5567367;"CUST_15";"Food";3;31;91.5;"2022-12-18"
5568041;"CUST_13";"Butchers";10;28;275.0;"2022-01-22"
5568136;"CUST_04";"Patisserie";8;20;160.0;"2023-12-25"
5569187;"CUST_24";"Butchers";5;32;160.0;"2022-06-13"
5569617;"CUST_16";"Milk Products";7;11;77.0;"2022-07-03"
5570665;"CUST_24";"Electric household essentials";2;29;58.0;"2022-10-19"
5571174;"CUST_04";"Computers and electric accessories";4;16;62.0;"2024-04-24"
5571349;"CUST_10";"Electric household essentials";8;41;328.0;"2022-02-28"
5571853;"CUST_22";"Milk Products";4;28;110.0;"2024-04-02"
5573824;"CUST_16";"Patisserie";0;0;0.0;"2022-03-30"
5573907;"CUST_23";"Butchers";1;37;36.5;"2024-07-22"
5575598;"CUST_24";"Food";10;37;365.0;"2022-02-11"
5577357;"CUST_21";"Butchers";10;22;215.0;"2022-12-23"
5577538;"CUST_08";"Food";8;25;196.0;"2023-01-28"
5577761;"CUST_03";"Beverages";6;40;237.0;"2023-10-06"
5577825;"CUST_17";"Furniture";10;25;245.0;"2024-01-22"
5578307;"CUST_25";"Butchers";7;41;287.0;"2024-07-18"
5578636;"CUST_23";"Patisserie";4;41;164.0;"2024-06-03"
5579136;"CUST_24";"Beverages";8;25;196.0;"2023-05-12"
5581558;"CUST_09";"Computers and electric accessories";8;11;88.0;"2022-09-22"
5582053;"CUST_25";"Food";9;41;369.0;"2024-08-10"
5582373;"CUST_13";"Furniture";4;25;98.0;"2023-01-08"
5584015;"CUST_23";"Computers and electric accessories";6;5;30.0;"2022-02-08"
5584686;"CUST_21";"Milk Products";10;11;110.0;"2023-08-13"
5585168;"CUST_09";"Furniture";2;7;13.0;"2025-01-07"
5585946;"CUST_05";"Butchers";5;23;115.0;"2024-06-04"
5586175;"CUST_08";"Beverages";6;17;102.0;"2023-01-07"
5588546;"CUST_23";"Computers and electric accessories";3;11;33.0;"2023-10-07"
5588584;"CUST_21";"Milk Products";9;28;247.5;"2023-02-05"
5590212;"CUST_24";"Furniture";4;29;116.0;"2022-07-21"
5591807;"CUST_11";"Milk Products";6;16;93.0;"2022-03-02"
5592067;"CUST_20";"Butchers";1;34;33.5;"2023-02-10"
5592249;"CUST_07";"Computers and electric accessories";8;17;136.0;"2023-03-14"
5594869;"CUST_17";"Furniture";4;20;80.0;"2023-04-07"
5595359;"CUST_15";"Milk Products";4;32;128.0;"2024-08-15"
5595934;"CUST_08";"Milk Products";6;5;30.0;"2023-02-20"
5596069;"CUST_08";"Electric household essentials";6;13;75.0;"2024-06-04"
5597194;"CUST_12";"Milk Products";2;38;76.0;"2023-09-18"
5597494;"CUST_05";"Furniture";5;13;62.5;"2024-05-27"
5597499;"CUST_08";"Electric household essentials";10;13;125.0;"2023-12-07"
5597551;"CUST_03";"Computers and electric accessories";5;11;55.0;"2022-11-24"
5597910;"CUST_01";"Computers and electric accessories";5;32;160.0;"2022-07-31"
5598006;"CUST_05";"Electric household essentials";5;23;115.0;"2024-01-09"
5598682;"CUST_13";"Butchers";5;34;167.5;"2022-04-25"
5599144;"CUST_05";"Patisserie";0;0;0.0;"2022-09-11"
5599747;"CUST_19";"Patisserie";0;0;0.0;"2022-05-15"
5600366;"CUST_24";"Furniture";5;34;167.5;"2022-12-22"
5600766;"CUST_21";"Food";5;25;122.5;"2022-04-10"
5600824;"CUST_08";"Electric household essentials";9;32;288.0;"2023-10-29"
5601134;"CUST_04";"Patisserie";10;38;380.0;"2022-06-09"
5601162;"CUST_22";"Computers and electric accessories";1;26;26.0;"2022-01-26"
5602350;"CUST_25";"Food";7;17;119.0;"2022-12-03"
5602800;"CUST_13";"Butchers";8;28;220.0;"2024-04-21"
5602943;"CUST_13";"Electric household essentials";3;31;91.5;"2023-01-25"
5602945;"CUST_03";"Electric household essentials";5;26;130.0;"2023-09-29"
5603167;"CUST_10";"Milk Products";8;26;208.0;"2023-05-09"
5603264;"CUST_23";"Milk Products";10;38;380.0;"2024-04-09"
5603923;"CUST_11";"Milk Products";9;28;247.5;"2023-06-14"
5604451;"CUST_08";"Food";8;35;280.0;"2023-12-28"
5605094;"CUST_07";"Food";6;25;147.0;"2024-04-01"
5605251;"CUST_13";"Food";3;13;37.5;"2022-07-30"
5606325;"CUST_23";"Beverages";1;16;15.5;"2024-08-09"
5606970;"CUST_11";"Computers and electric accessories";3;23;69.0;"2024-07-07"
5608512;"CUST_17";"Butchers";6;26;156.0;"2022-09-27"
5611269;"CUST_23";"Patisserie";4;40;158.0;"2024-08-08"
5611996;"CUST_09";"Food";6;23;138.0;"2024-11-07"
5612017;"CUST_16";"Food";2;31;61.0;"2024-07-25"
5612175;"CUST_03";"Food";2;35;70.0;"2025-01-16"
5612604;"CUST_03";"Beverages";5;14;70.0;"2024-08-23"
5612697;"CUST_22";"Computers and electric accessories";3;25;73.5;"2022-10-01"
5612933;"CUST_23";"Butchers";0;0;0.0;"2022-06-02"
5613029;"CUST_03";"Electric household essentials";5;40;197.5;"2024-11-07"
5613059;"CUST_07";"Food";4;11;44.0;"2024-08-15"
5613119;"CUST_24";"Patisserie";9;28;247.5;"2024-02-07"
5613380;"CUST_01";"Beverages";10;37;365.0;"2024-04-03"
5615246;"CUST_21";"Computers and electric accessories";6;34;201.0;"2023-02-10"
5615436;"CUST_07";"Beverages";6;26;156.0;"2022-07-21"
5615619;"CUST_09";"Patisserie";8;13;100.0;"2023-05-06"
5616762;"CUST_04";"Butchers";8;22;172.0;"2022-01-24"
5617475;"CUST_12";"Beverages";5;8;40.0;"2023-09-30"
5618781;"CUST_09";"Milk Products";5;11;55.0;"2022-11-04"
5620470;"CUST_06";"Food";5;22;107.5;"2022-07-19"
5621564;"CUST_09";"Food";1;32;32.0;"2023-03-04"
5621708;"CUST_04";"Butchers";2;28;55.0;"2023-11-29"
5622173;"CUST_07";"Beverages";5;8;40.0;"2023-10-16"
5623265;"CUST_10";"Food";1;34;33.5;"2023-06-05"
5624506;"CUST_18";"Food";8;23;184.0;"2024-10-12"
5624556;"CUST_21";"Electric household essentials";4;41;164.0;"2023-08-22"
5625570;"CUST_05";"Patisserie";1;20;20.0;"2024-07-16"
5625684;"CUST_22";"Computers and electric accessories";4;20;80.0;"2022-11-09"
5626224;"CUST_14";"Computers and electric accessories";10;17;170.0;"2022-03-17"
5627047;"CUST_16";"Butchers";7;40;276.5;"2022-02-06"
5628115;"CUST_08";"Milk Products";2;38;76.0;"2023-08-13"
5628367;"CUST_04";"Food";3;41;123.0;"2023-01-29"
5629281;"CUST_20";"Computers and electric accessories";6;35;210.0;"2024-04-12"
5629754;"CUST_04";"Beverages";9;34;301.5;"2022-02-20"
5629949;"CUST_25";"Beverages";8;37;292.0;"2023-10-02"
5630495;"CUST_12";"Patisserie";8;26;208.0;"2023-01-09"
5630572;"CUST_04";"Patisserie";7;40;276.5;"2023-10-05"
5631765;"CUST_19";"Electric household essentials";4;19;74.0;"2022-11-10"
5633288;"CUST_14";"Electric household essentials";5;26;130.0;"2024-09-10"
5634366;"CUST_24";"Patisserie";2;32;64.0;"2023-06-12"
5634676;"CUST_18";"Electric household essentials";6;40;237.0;"2023-05-25"
5635056;"CUST_04";"Computers and electric accessories";6;17;102.0;"2023-04-24"
5635734;"CUST_14";"Computers and electric accessories";2;38;76.0;"2024-01-31"
5636224;"CUST_23";"Computers and electric accessories";4;22;86.0;"2024-10-04"
5636940;"CUST_02";"Electric household essentials";4;29;116.0;"2022-10-16"
5637200;"CUST_14";"Electric household essentials";2;16;31.0;"2022-09-11"
5637756;"CUST_19";"Electric household essentials";4;41;164.0;"2024-01-28"
5639217;"CUST_16";"Computers and electric accessories";2;38;76.0;"2022-07-05"
5642720;"CUST_18";"Furniture";9;13;112.5;"2024-07-15"
5643421;"CUST_07";"Computers and electric accessories";3;11;33.0;"2022-10-09"
5643700;"CUST_16";"Beverages";1;16;15.5;"2022-04-14"
5645530;"CUST_14";"Beverages";10;25;245.0;"2024-06-06"
5645945;"CUST_01";"Milk Products";8;29;232.0;"2024-01-24"
5646436;"CUST_16";"Butchers";2;26;52.0;"2023-01-17"
5646577;"CUST_06";"Milk Products";4;16;62.0;"2023-09-11"
5646983;"CUST_19";"Butchers";5;29;145.0;"2023-07-01"
5647023;"CUST_12";"Furniture";4;40;158.0;"2022-04-14"
5647147;"CUST_05";"Electric household essentials";6;19;111.0;"2024-05-16"
5647485;"CUST_15";"Food";9;13;112.5;"2024-01-13"
5648628;"CUST_22";"Patisserie";3;10;28.5;"2024-03-22"
5649317;"CUST_20";"Food";4;10;38.0;"2022-06-16"
5649444;"CUST_08";"Patisserie";6;20;120.0;"2023-10-15"
5649900;"CUST_12";"Patisserie";7;5;35.0;"2024-02-14"
5650070;"CUST_21";"Beverages";6;28;165.0;"2022-07-11"
5650094;"CUST_01";"Butchers";6;8;48.0;"2022-11-25"
5651502;"CUST_05";"Milk Products";6;23;138.0;"2024-04-20"
5652811;"CUST_21";"Milk Products";2;28;55.0;"2022-07-14"
5653315;"CUST_18";"Computers and electric accessories";8;40;316.0;"2023-06-26"
5653387;"CUST_12";"Furniture";7;14;98.0;"2022-05-29"
5654404;"CUST_06";"Milk Products";7;20;140.0;"2023-07-25"
5655357;"CUST_06";"Patisserie";10;20;200.0;"2024-09-28"
5656754;"CUST_11";"Beverages";5;7;32.5;"2023-10-14"
5657102;"CUST_19";"Beverages";1;41;41.0;"2024-05-25"
5657713;"CUST_11";"Patisserie";5;38;190.0;"2024-04-29"
5657839;"CUST_24";"Furniture";5;40;197.5;"2024-04-01"
5659150;"CUST_04";"Beverages";6;5;30.0;"2024-07-18"
5659196;"CUST_18";"Milk Products";6;7;39.0;"2022-04-14"
5659774;"CUST_25";"Butchers";10;5;50.0;"2025-01-04"
5659844;"CUST_14";"Patisserie";8;40;316.0;"2022-10-01"
5660916;"CUST_02";"Food";3;41;123.0;"2023-09-19"
5661146;"CUST_22";"Furniture";1;13;12.5;"2022-05-16"
5662508;"CUST_24";"Furniture";10;34;335.0;"2022-06-15"
5664358;"CUST_07";"Computers and electric accessories";1;35;35.0;"2022-01-04"
5665072;"CUST_18";"Electric household essentials";10;29;290.0;"2024-09-08"
5665378;"CUST_14";"Furniture";4;40;158.0;"2022-03-09"
5665870;"CUST_24";"Beverages";3;7;19.5;"2024-06-10"
5667204;"CUST_07";"Milk Products";10;23;230.0;"2023-10-10"
5670625;"CUST_09";"Furniture";9;34;301.5;"2022-08-30"
5671217;"CUST_17";"Computers and electric accessories";9;22;193.5;"2023-01-06"
5671863;"CUST_10";"Computers and electric accessories";1;31;30.5;"2022-03-20"
5672977;"CUST_18";"Milk Products";9;13;112.5;"2024-12-22"
5674806;"CUST_14";"Butchers";1;22;21.5;"2022-09-29"
5675288;"CUST_01";"Computers and electric accessories";3;34;100.5;"2024-02-18"
5675339;"CUST_20";"Electric household essentials";4;34;134.0;"2024-01-12"
5675587;"CUST_23";"Food";10;31;305.0;"2022-12-13"
5676229;"CUST_18";"Food";2;23;46.0;"2022-02-21"
5678133;"CUST_04";"Milk Products";9;16;139.5;"2022-07-27"
5678219;"CUST_13";"Furniture";4;16;62.0;"2024-01-25"
5678337;"CUST_20";"Beverages";8;26;208.0;"2022-01-11"
5678403;"CUST_04";"Computers and electric accessories";7;32;224.0;"2023-09-19"
5679757;"CUST_19";"Butchers";8;37;292.0;"2022-01-15"
5680789;"CUST_13";"Food";9;37;328.5;"2022-11-08"
5680991;"CUST_19";"Patisserie";8;29;232.0;"2023-08-24"
5681367;"CUST_25";"Patisserie";8;26;208.0;"2022-04-26"
5682458;"CUST_20";"Beverages";1;10;9.5;"2024-05-08"
5682462;"CUST_20";"Beverages";8;40;316.0;"2024-05-19"
5683061;"CUST_02";"Electric household essentials";8;26;208.0;"2022-05-27"
5683189;"CUST_23";"Beverages";4;34;134.0;"2024-10-05"
5684003;"CUST_14";"Milk Products";4;20;80.0;"2023-01-01"
5684370;"CUST_11";"Computers and electric accessories";5;32;160.0;"2022-10-06"
5684409;"CUST_01";"Food";4;13;50.0;"2025-01-03"
5686495;"CUST_20";"Patisserie";5;20;100.0;"2022-07-02"
5687185;"CUST_21";"Butchers";1;14;14.0;"2022-02-05"
5687388;"CUST_21";"Beverages";5;34;167.5;"2022-09-29"
5687512;"CUST_24";"Milk Products";2;8;16.0;"2023-11-07"
5687979;"CUST_20";"Patisserie";1;32;32.0;"2024-05-11"
5689168;"CUST_11";"Patisserie";2;26;52.0;"2022-02-24"
5690028;"CUST_05";"Electric household essentials";8;22;172.0;"2022-04-18"
5690131;"CUST_20";"Furniture";10;35;350.0;"2022-06-05"
5690221;"CUST_06";"Food";1;37;36.5;"2022-10-06"
5692167;"CUST_18";"Electric household essentials";2;13;25.0;"2024-09-25"
5692250;"CUST_19";"Electric household essentials";3;13;37.5;"2022-09-11"
5692725;"CUST_14";"Patisserie";10;5;50.0;"2024-02-23"
5693955;"CUST_08";"Electric household essentials";0;0;0.0;"2022-07-01"
5695976;"CUST_09";"Butchers";10;8;80.0;"2022-09-19"
5698201;"CUST_10";"Butchers";2;32;64.0;"2024-09-14"
5698793;"CUST_13";"Food";2;11;22.0;"2024-03-18"
5700321;"CUST_09";"Computers and electric accessories";7;23;161.0;"2022-08-25"
5700967;"CUST_08";"Furniture";8;35;280.0;"2022-06-13"
5701048;"CUST_08";"Butchers";5;8;40.0;"2024-08-17"
5701415;"CUST_12";"Furniture";10;16;155.0;"2022-06-30"
5701600;"CUST_18";"Computers and electric accessories";5;5;25.0;"2022-06-01"
5701666;"CUST_14";"Electric household essentials";4;37;146.0;"2023-09-27"
5701956;"CUST_07";"Electric household essentials";3;13;37.5;"2022-05-30"
5702123;"CUST_21";"Food";4;23;92.0;"2023-08-27"
5702698;"CUST_16";"Butchers";8;17;136.0;"2023-06-20"
5703601;"CUST_20";"Electric household essentials";1;22;21.5;"2022-12-18"
5703677;"CUST_23";"Butchers";9;13;112.5;"2022-09-13"
5703980;"CUST_02";"Computers and electric accessories";2;37;73.0;"2023-09-24"
5704093;"CUST_09";"Electric household essentials";8;10;76.0;"2024-04-23"
5705131;"CUST_19";"Milk Products";4;10;38.0;"2024-03-27"
5705847;"CUST_01";"Computers and electric accessories";8;13;100.0;"2022-12-28"
5706555;"CUST_13";"Furniture";1;22;21.5;"2024-05-06"
5707886;"CUST_06";"Beverages";10;7;65.0;"2022-05-12"
5708335;"CUST_21";"Food";7;8;56.0;"2023-05-28"
5708736;"CUST_01";"Computers and electric accessories";2;20;40.0;"2022-05-17"
5709336;"CUST_10";"Food";2;10;19.0;"2025-01-18"
5709844;"CUST_19";"Butchers";4;28;110.0;"2022-09-21"
5710740;"CUST_16";"Butchers";10;38;380.0;"2024-04-25"
5710989;"CUST_21";"Beverages";10;41;410.0;"2023-08-13"
5711029;"CUST_21";"Butchers";3;41;123.0;"2024-10-18"
5711730;"CUST_05";"Electric household essentials";1;20;20.0;"2023-09-25"
5712926;"CUST_05";"Computers and electric accessories";9;13;112.5;"2022-01-30"
5713524;"CUST_01";"Milk Products";7;20;140.0;"2023-07-02"
5714071;"CUST_23";"Furniture";6;13;75.0;"2023-02-12"
5714450;"CUST_03";"Butchers";5;38;190.0;"2024-04-04"
5715479;"CUST_01";"Beverages";10;20;200.0;"2023-01-31"
5715500;"CUST_17";"Food";3;34;100.5;"2024-06-05"
5715686;"CUST_06";"Electric household essentials";8;41;328.0;"2025-01-07"
5716826;"CUST_09";"Furniture";7;10;66.5;"2024-04-15"
5717466;"CUST_08";"Food";9;20;180.0;"2024-06-14"
5717880;"CUST_08";"Beverages";6;26;156.0;"2024-07-11"
5719635;"CUST_20";"Furniture";9;11;99.0;"2024-07-02"
5720404;"CUST_22";"Beverages";7;37;255.5;"2022-03-22"
5721092;"CUST_07";"Patisserie";5;34;167.5;"2023-08-07"
5721176;"CUST_18";"Electric household essentials";10;23;230.0;"2023-07-07"
5721686;"CUST_04";"Furniture";6;7;39.0;"2024-06-15"
5721746;"CUST_07";"Electric household essentials";7;19;129.5;"2022-03-23"
5721774;"CUST_07";"Food";8;11;88.0;"2024-01-13"
5725550;"CUST_18";"Furniture";1;7;6.5;"2024-11-17"
5726935;"CUST_09";"Milk Products";9;23;207.0;"2022-02-23"
5728167;"CUST_07";"Patisserie";4;16;62.0;"2024-09-30"
5728541;"CUST_12";"Furniture";0;0;0.0;"2022-01-27"
5728893;"CUST_23";"Patisserie";10;38;380.0;"2023-09-01"
5729612;"CUST_11";"Patisserie";8;38;304.0;"2022-10-10"
5730630;"CUST_25";"Milk Products";5;7;32.5;"2023-12-04"
5731588;"CUST_04";"Electric household essentials";6;32;192.0;"2024-01-22"
5731675;"CUST_22";"Butchers";4;26;104.0;"2022-09-03"
5731969;"CUST_16";"Electric household essentials";4;13;50.0;"2022-04-22"
5732305;"CUST_21";"Butchers";1;23;23.0;"2022-02-05"
5732366;"CUST_09";"Furniture";6;19;111.0;"2022-02-15"
5733731;"CUST_15";"Computers and electric accessories";4;13;50.0;"2022-12-24"
5735627;"CUST_13";"Milk Products";6;5;30.0;"2023-08-17"
5735723;"CUST_05";"Electric household essentials";8;5;40.0;"2022-11-26"
5736213;"CUST_21";"Butchers";9;40;355.5;"2024-05-06"
5737126;"CUST_09";"Butchers";8;34;268.0;"2022-06-17"
5737875;"CUST_01";"Electric household essentials";6;22;129.0;"2022-08-16"
5739434;"CUST_05";"Electric household essentials";2;23;46.0;"2022-04-15"
5739751;"CUST_15";"Electric household essentials";5;8;40.0;"2023-01-22"
5740060;"CUST_06";"Furniture";6;16;93.0;"2024-08-04"
5740802;"CUST_12";"Electric household essentials";1;16;15.5;"2024-09-20"
5740887;"CUST_10";"Electric household essentials";4;23;92.0;"2023-12-17"
5740962;"CUST_14";"Beverages";6;29;174.0;"2024-12-11"
5741074;"CUST_11";"Electric household essentials";6;37;219.0;"2023-01-31"
5742371;"CUST_18";"Food";0;0;0.0;"2023-04-25"
5743023;"CUST_22";"Electric household essentials";2;22;43.0;"2022-12-17"
5743639;"CUST_23";"Furniture";9;7;58.5;"2023-08-07"
5744111;"CUST_13";"Beverages";3;8;24.0;"2024-08-21"
5744175;"CUST_21";"Electric household essentials";8;41;328.0;"2022-07-28"
5744845;"CUST_18";"Milk Products";3;13;37.5;"2024-11-14"
5746841;"CUST_16";"Butchers";6;38;228.0;"2024-10-03"
5746885;"CUST_03";"Computers and electric accessories";10;17;170.0;"2022-11-28"
5746977;"CUST_13";"Butchers";9;26;234.0;"2023-06-15"
5747087;"CUST_23";"Milk Products";6;13;75.0;"2022-12-07"
5747284;"CUST_07";"Patisserie";5;40;197.5;"2023-10-03"
5747894;"CUST_14";"Beverages";6;14;84.0;"2024-09-25"
5748429;"CUST_24";"Milk Products";10;23;230.0;"2022-02-18"
5748431;"CUST_05";"Butchers";8;28;220.0;"2024-05-19"
5749242;"CUST_01";"Food";7;35;245.0;"2022-01-23"
5750056;"CUST_24";"Furniture";2;35;70.0;"2023-09-20"
5750278;"CUST_20";"Electric household essentials";4;14;56.0;"2022-06-05"
5750828;"CUST_17";"Milk Products";7;14;98.0;"2022-06-20"
5751953;"CUST_20";"Food";4;22;86.0;"2023-06-09"
5752809;"CUST_11";"Butchers";0;0;0.0;"2023-12-24"
5754130;"CUST_13";"Milk Products";2;13;25.0;"2024-12-20"
5754863;"CUST_05";"Food";6;10;57.0;"2022-04-30"
5756331;"CUST_18";"Furniture";5;38;190.0;"2023-08-02"
5756608;"CUST_15";"Furniture";3;40;118.5;"2024-03-28"
5758502;"CUST_21";"Food";3;25;73.5;"2024-01-01"
5758686;"CUST_09";"Beverages";10;28;275.0;"2023-02-08"
5759876;"CUST_03";"Food";3;41;123.0;"2023-12-27"
5760846;"CUST_19";"Electric household essentials";5;10;47.5;"2024-06-23"
5761154;"CUST_25";"Butchers";3;16;46.5;"2023-02-26"
5761267;"CUST_22";"Computers and electric accessories";7;38;266.0;"2022-02-28"
5761822;"CUST_07";"Furniture";10;40;395.0;"2024-04-24"
5761932;"CUST_09";"Butchers";10;22;215.0;"2024-10-18"
5762331;"CUST_24";"Beverages";5;25;122.5;"2022-12-31"
5762651;"CUST_12";"Patisserie";1;20;20.0;"2024-02-12"
5762742;"CUST_10";"Milk Products";4;13;50.0;"2022-11-19"
5762983;"CUST_24";"Furniture";10;7;65.0;"2023-07-15"
5763933;"CUST_07";"Patisserie";0;0;0.0;"2022-11-30"
5763958;"CUST_03";"Beverages";5;29;145.0;"2024-01-09"
5764401;"CUST_08";"Food";7;26;182.0;"2024-06-03"
5765739;"CUST_03";"Beverages";6;28;165.0;"2022-07-06"
5769114;"CUST_21";"Milk Products";7;14;98.0;"2023-09-20"
5769565;"CUST_11";"Butchers";7;40;276.5;"2022-05-12"
5770406;"CUST_04";"Milk Products";7;31;213.5;"2022-08-27"
5770780;"CUST_16";"Electric household essentials";2;16;31.0;"2023-08-18"
5771647;"CUST_24";"Patisserie";6;40;237.0;"2022-06-14"
5771988;"CUST_22";"Patisserie";0;0;0.0;"2023-04-07"
5773308;"CUST_07";"Furniture";5;17;85.0;"2024-01-01"
5773507;"CUST_04";"Computers and electric accessories";8;7;52.0;"2023-01-27"
5773604;"CUST_20";"Butchers";8;5;40.0;"2023-10-20"
5773991;"CUST_01";"Food";7;8;56.0;"2022-09-30"
5775795;"CUST_14";"Food";9;23;207.0;"2023-01-17"
5776425;"CUST_20";"Furniture";7;14;98.0;"2022-09-08"
5777361;"CUST_11";"Patisserie";1;7;6.5;"2024-03-18"
5778640;"CUST_17";"Electric household essentials";7;28;192.5;"2023-12-31"
5778866;"CUST_21";"Computers and electric accessories";5;41;205.0;"2024-08-22"
5779439;"CUST_09";"Computers and electric accessories";1;16;15.5;"2024-06-21"
5780579;"CUST_08";"Furniture";0;0;0.0;"2023-05-23"
5780655;"CUST_11";"Beverages";5;29;145.0;"2024-11-12"
5781403;"CUST_10";"Beverages";8;41;328.0;"2024-12-10"
5782507;"CUST_21";"Milk Products";3;28;82.5;"2024-10-02"
5782730;"CUST_05";"Beverages";3;16;46.5;"2022-10-03"
5786761;"CUST_03";"Computers and electric accessories";5;13;62.5;"2023-10-25"
5786843;"CUST_17";"Beverages";2;31;61.0;"2024-05-05"
5789870;"CUST_23";"Butchers";6;26;156.0;"2023-11-23"
5793195;"CUST_23";"Furniture";0;0;0.0;"2022-02-15"
5793965;"CUST_15";"Computers and electric accessories";10;31;305.0;"2024-04-08"
5796004;"CUST_21";"Patisserie";6;29;174.0;"2022-05-06"
5796230;"CUST_03";"Milk Products";5;8;40.0;"2022-05-30"
5796919;"CUST_09";"Milk Products";6;13;75.0;"2024-06-03"
5797421;"CUST_01";"Patisserie";10;38;380.0;"2024-05-21"
5798363;"CUST_13";"Beverages";1;22;21.5;"2024-05-13"
5798656;"CUST_19";"Milk Products";6;32;192.0;"2023-08-19"
5798687;"CUST_03";"Beverages";3;26;78.0;"2024-03-15"
5798862;"CUST_05";"Furniture";3;40;118.5;"2024-07-28"
5799395;"CUST_18";"Milk Products";1;14;14.0;"2022-04-22"
5799921;"CUST_13";"Computers and electric accessories";6;34;201.0;"2024-12-03"
5801836;"CUST_23";"Computers and electric accessories";8;22;172.0;"2022-10-13"
5802934;"CUST_23";"Milk Products";9;32;288.0;"2022-01-25"
5804012;"CUST_16";"Computers and electric accessories";9;22;193.5;"2022-09-08"
5804265;"CUST_11";"Computers and electric accessories";2;34;67.0;"2025-01-18"
5805061;"CUST_06";"Beverages";3;16;46.5;"2023-07-31"
5805909;"CUST_09";"Furniture";8;38;304.0;"2024-06-02"
5806136;"CUST_14";"Patisserie";4;5;20.0;"2023-11-13"
5806795;"CUST_16";"Milk Products";5;5;25.0;"2022-03-14"
5807928;"CUST_08";"Butchers";9;20;180.0;"2024-11-08"
5808902;"CUST_08";"Patisserie";8;8;64.0;"2024-05-08"
5809744;"CUST_18";"Food";4;17;68.0;"2023-01-29"
5810308;"CUST_13";"Food";3;17;51.0;"2023-06-08"
5810679;"CUST_19";"Computers and electric accessories";8;38;304.0;"2024-11-24"
5811160;"CUST_09";"Furniture";8;29;232.0;"2023-01-30"
5813861;"CUST_04";"Furniture";6;16;93.0;"2022-04-17"
5814096;"CUST_01";"Patisserie";3;17;51.0;"2022-08-08"
5814800;"CUST_11";"Electric household essentials";6;26;156.0;"2024-08-13"
5815128;"CUST_01";"Food";3;13;37.5;"2024-11-01"
5815480;"CUST_07";"Beverages";6;10;57.0;"2024-01-02"
5815945;"CUST_12";"Furniture";6;20;120.0;"2023-09-05"
5819222;"CUST_14";"Milk Products";1;34;33.5;"2022-06-10"
5819436;"CUST_10";"Furniture";3;5;15.0;"2022-06-16"
5819995;"CUST_07";"Butchers";10;26;260.0;"2023-04-04"
5821224;"CUST_11";"Milk Products";9;28;247.5;"2022-05-21"
5821430;"CUST_01";"Patisserie";1;38;38.0;"2022-06-27"
5821825;"CUST_13";"Patisserie";4;28;110.0;"2022-12-29"
5822350;"CUST_16";"Electric household essentials";1;38;38.0;"2022-03-21"
5823559;"CUST_14";"Furniture";1;40;39.5;"2024-01-17"
5824333;"CUST_18";"Furniture";6;13;75.0;"2024-07-23"
5824634;"CUST_12";"Butchers";4;32;128.0;"2022-05-24"
5825024;"CUST_13";"Patisserie";8;20;160.0;"2023-01-31"
5825215;"CUST_07";"Food";6;17;102.0;"2023-12-31"
5826237;"CUST_08";"Furniture";9;7;58.5;"2024-09-21"
5826244;"CUST_17";"Milk Products";2;19;37.0;"2024-07-07"
5827116;"CUST_03";"Computers and electric accessories";7;20;140.0;"2023-11-05"
5828470;"CUST_09";"Butchers";2;34;67.0;"2022-11-17"
5829041;"CUST_21";"Food";1;22;21.5;"2023-05-11"
5830519;"CUST_03";"Patisserie";4;7;26.0;"2022-07-22"
5830623;"CUST_03";"Computers and electric accessories";5;41;205.0;"2024-09-29"
5830669;"CUST_05";"Beverages";8;8;64.0;"2022-02-09"
5830740;"CUST_19";"Electric household essentials";1;19;18.5;"2023-11-20"
5830803;"CUST_13";"Food";8;11;88.0;"2023-03-19"
5831445;"CUST_17";"Beverages";4;25;98.0;"2023-10-31"
5832757;"CUST_10";"Butchers";9;7;58.5;"2024-07-22"
5833782;"CUST_17";"Milk Products";0;0;0.0;"2023-09-25"
5834095;"CUST_04";"Patisserie";5;26;130.0;"2022-01-04"
5834615;"CUST_03";"Milk Products";7;13;87.5;"2022-04-08"
5834846;"CUST_05";"Electric household essentials";6;16;93.0;"2022-06-17"
5835918;"CUST_11";"Patisserie";9;34;301.5;"2024-11-06"
5836005;"CUST_19";"Butchers";5;38;190.0;"2024-10-19"
5836421;"CUST_01";"Furniture";2;13;25.0;"2022-03-10"
5837003;"CUST_19";"Milk Products";2;37;73.0;"2024-07-19"
5838065;"CUST_01";"Food";2;5;10.0;"2023-05-27"
5838263;"CUST_10";"Milk Products";8;14;112.0;"2022-04-26"
5838495;"CUST_14";"Milk Products";9;8;72.0;"2022-10-17"
5839296;"CUST_11";"Beverages";6;14;84.0;"2023-08-25"
5841884;"CUST_16";"Milk Products";7;7;45.5;"2024-04-13"
5841902;"CUST_05";"Milk Products";1;13;12.5;"2023-07-10"
5842189;"CUST_02";"Patisserie";6;17;102.0;"2023-01-18"
5842704;"CUST_01";"Patisserie";6;5;30.0;"2023-09-30"
5843541;"CUST_10";"Patisserie";8;13;100.0;"2023-12-04"
5844885;"CUST_06";"Furniture";1;34;33.5;"2024-11-24"
5844928;"CUST_19";"Beverages";6;25;147.0;"2024-09-09"
5845226;"CUST_08";"Patisserie";10;20;200.0;"2023-07-24"
5846086;"CUST_18";"Patisserie";1;10;9.5;"2022-04-15"
5846723;"CUST_05";"Patisserie";3;19;55.5;"2024-01-28"
5847493;"CUST_17";"Beverages";2;14;28.0;"2024-01-30"
5848699;"CUST_19";"Patisserie";1;23;23.0;"2023-10-29"
5849098;"CUST_16";"Furniture";3;35;105.0;"2024-06-23"
5849592;"CUST_01";"Beverages";2;14;28.0;"2024-05-17"
5849869;"CUST_02";"Electric household essentials";1;10;9.5;"2022-08-27"
5849928;"CUST_06";"Electric household essentials";1;41;41.0;"2022-01-09"
5851222;"CUST_07";"Butchers";8;28;220.0;"2023-07-16"
5853925;"CUST_01";"Patisserie";2;13;25.0;"2024-06-23"
5855475;"CUST_08";"Furniture";4;26;104.0;"2023-07-13"
5856430;"CUST_24";"Patisserie";4;22;86.0;"2024-05-17"
5856641;"CUST_25";"Milk Products";5;32;160.0;"2023-02-07"
5856842;"CUST_03";"Furniture";6;20;120.0;"2022-12-04"
5857201;"CUST_05";"Electric household essentials";10;11;110.0;"2024-11-08"
5859101;"CUST_21";"Electric household essentials";5;16;77.5;"2024-01-19"
5859797;"CUST_25";"Patisserie";1;29;29.0;"2022-05-28"
5859843;"CUST_13";"Furniture";10;16;155.0;"2025-01-09"
5861014;"CUST_21";"Patisserie";4;29;116.0;"2024-03-21"
5861199;"CUST_19";"Beverages";10;31;305.0;"2022-12-30"
5861553;"CUST_05";"Beverages";3;41;123.0;"2023-01-18"
5862292;"CUST_11";"Beverages";0;0;0.0;"2023-04-16"
5862349;"CUST_19";"Milk Products";6;32;192.0;"2025-01-08"
5863318;"CUST_18";"Butchers";3;34;100.5;"2022-04-09"
5863441;"CUST_14";"Patisserie";10;29;290.0;"2023-03-11"
5864711;"CUST_22";"Patisserie";4;31;122.0;"2022-03-02"
5866259;"CUST_09";"Food";7;29;203.0;"2023-04-19"
5866486;"CUST_16";"Patisserie";4;5;20.0;"2022-01-06"
5867303;"CUST_08";"Milk Products";1;28;27.5;"2024-08-27"
5867581;"CUST_05";"Beverages";4;25;98.0;"2023-03-27"
5868243;"CUST_15";"Patisserie";4;13;50.0;"2022-01-19"
5869329;"CUST_01";"Beverages";6;25;147.0;"2023-05-06"
5870039;"CUST_08";"Butchers";1;10;9.5;"2022-03-28"
5870405;"CUST_18";"Electric household essentials";7;17;119.0;"2022-12-17"
5870737;"CUST_17";"Computers and electric accessories";10;41;410.0;"2024-12-24"
5872134;"CUST_13";"Patisserie";8;32;256.0;"2023-05-29"
5872878;"CUST_24";"Patisserie";9;29;261.0;"2023-06-20"
5873481;"CUST_12";"Computers and electric accessories";1;41;41.0;"2022-11-26"
5874122;"CUST_20";"Furniture";8;25;196.0;"2024-11-03"
5874772;"CUST_23";"Food";7;7;45.5;"2023-09-09"
5877044;"CUST_03";"Electric household essentials";5;23;115.0;"2023-04-13"
5878279;"CUST_02";"Furniture";7;11;77.0;"2024-02-25"
5878503;"CUST_21";"Beverages";7;16;108.5;"2024-06-07"
5879899;"CUST_21";"Furniture";7;38;266.0;"2024-10-31"
5880645;"CUST_25";"Beverages";5;32;160.0;"2024-09-22"
5881214;"CUST_02";"Patisserie";3;20;60.0;"2022-01-18"
5883129;"CUST_03";"Butchers";6;38;228.0;"2022-09-10"
5884888;"CUST_04";"Furniture";9;20;180.0;"2023-12-25"
5885259;"CUST_01";"Food";5;34;167.5;"2024-01-08"
5885391;"CUST_22";"Electric household essentials";8;23;184.0;"2023-06-24"
5885894;"CUST_01";"Patisserie";10;25;245.0;"2022-02-09"
5888173;"CUST_01";"Furniture";7;10;66.5;"2023-02-14"
5888368;"CUST_12";"Computers and electric accessories";3;19;55.5;"2022-07-31"
5888872;"CUST_04";"Milk Products";7;8;56.0;"2024-10-15"
5889960;"CUST_15";"Patisserie";9;29;261.0;"2023-07-10"
5890227;"CUST_14";"Electric household essentials";7;16;108.5;"2022-11-05"
5890409;"CUST_17";"Beverages";9;29;261.0;"2022-10-26"
5890815;"CUST_12";"Milk Products";2;23;46.0;"2024-05-29"
5892317;"CUST_17";"Beverages";5;7;32.5;"2022-06-15"
5893458;"CUST_25";"Butchers";4;23;92.0;"2023-08-13"
5894246;"CUST_14";"Furniture";2;11;22.0;"2022-05-09"
5895413;"CUST_21";"Patisserie";2;34;67.0;"2024-04-29"
5896151;"CUST_21";"Electric household essentials";6;26;156.0;"2024-02-25"
5897445;"CUST_19";"Butchers";3;41;123.0;"2022-02-14"
5897477;"CUST_05";"Furniture";9;40;355.5;"2022-04-16"
5898104;"CUST_06";"Beverages";9;14;126.0;"2024-03-29"
5899779;"CUST_10";"Furniture";6;40;237.0;"2024-11-15"
5899902;"CUST_17";"Milk Products";4;5;20.0;"2023-04-11"
5901521;"CUST_20";"Milk Products";9;26;234.0;"2024-06-30"
5901894;"CUST_24";"Furniture";10;34;335.0;"2023-02-03"
5902799;"CUST_15";"Milk Products";4;8;32.0;"2023-09-03"
5903404;"CUST_16";"Furniture";1;32;32.0;"2024-08-08"
5904701;"CUST_18";"Patisserie";1;16;15.5;"2024-10-04"
5905211;"CUST_18";"Computers and electric accessories";3;11;33.0;"2024-03-21"
5906197;"CUST_24";"Food";5;34;167.5;"2023-03-04"
5906554;"CUST_09";"Beverages";8;17;136.0;"2023-10-12"
5907338;"CUST_25";"Beverages";9;38;342.0;"2025-01-18"
5908874;"CUST_15";"Milk Products";9;20;180.0;"2024-09-29"
5910508;"CUST_08";"Patisserie";10;16;155.0;"2022-11-15"
5911306;"CUST_21";"Milk Products";8;34;268.0;"2022-10-10"
5912098;"CUST_21";"Patisserie";6;10;57.0;"2022-02-17"
5912161;"CUST_11";"Patisserie";10;37;365.0;"2022-11-04"
5912657;"CUST_10";"Patisserie";10;20;200.0;"2024-08-31"
5913117;"CUST_23";"Electric household essentials";6;38;228.0;"2023-07-17"
5913491;"CUST_07";"Food";6;34;201.0;"2024-08-17"
5913765;"CUST_25";"Furniture";7;35;245.0;"2024-01-28"
5914951;"CUST_01";"Food";2;11;22.0;"2023-08-29"
5915154;"CUST_15";"Patisserie";10;5;50.0;"2023-04-07"
5915197;"CUST_25";"Food";1;34;33.5;"2022-10-16"
5916266;"CUST_23";"Food";3;19;55.5;"2023-10-19"
5916658;"CUST_11";"Milk Products";2;29;58.0;"2024-05-11"
5916912;"CUST_01";"Computers and electric accessories";8;26;208.0;"2023-12-10"
5916928;"CUST_21";"Butchers";6;23;138.0;"2023-02-22"
5917033;"CUST_23";"Milk Products";1;8;8.0;"2022-01-14"
5921082;"CUST_16";"Food";5;10;47.5;"2022-08-26"
5921416;"CUST_11";"Butchers";2;8;16.0;"2024-04-05"
5921721;"CUST_20";"Butchers";7;22;150.5;"2022-04-09"
5923084;"CUST_10";"Furniture";8;35;280.0;"2022-12-11"
5923282;"CUST_02";"Butchers";4;10;38.0;"2024-02-16"
5926111;"CUST_11";"Patisserie";9;34;301.5;"2023-05-01"
5926128;"CUST_02";"Furniture";5;35;175.0;"2023-07-21"
5926411;"CUST_06";"Furniture";3;41;123.0;"2024-12-26"
5926696;"CUST_12";"Butchers";8;34;268.0;"2022-08-24"
5926927;"CUST_24";"Patisserie";1;20;20.0;"2025-01-03"
5928099;"CUST_24";"Butchers";6;28;165.0;"2022-07-21"
5928216;"CUST_13";"Butchers";10;23;230.0;"2024-05-18"
5928440;"CUST_19";"Furniture";2;25;49.0;"2022-04-29"
5929291;"CUST_16";"Food";6;31;183.0;"2022-05-12"
5929470;"CUST_07";"Beverages";8;31;244.0;"2024-07-21"
5930319;"CUST_16";"Electric household essentials";3;26;78.0;"2022-08-29"
5930877;"CUST_02";"Furniture";2;5;10.0;"2022-02-02"
5935601;"CUST_13";"Patisserie";3;16;46.5;"2024-07-19"
5936172;"CUST_22";"Food";3;25;73.5;"2025-01-13"
5936341;"CUST_23";"Patisserie";8;32;256.0;"2022-07-13"
5936373;"CUST_24";"Food";1;14;14.0;"2023-10-28"
5936766;"CUST_20";"Patisserie";5;37;182.5;"2024-12-22"
5936964;"CUST_04";"Milk Products";10;8;80.0;"2024-11-12"
5937092;"CUST_02";"Milk Products";6;5;30.0;"2024-11-12"
5937987;"CUST_12";"Beverages";7;10;66.5;"2022-10-24"
5938028;"CUST_18";"Computers and electric accessories";1;14;14.0;"2023-02-20"
5938374;"CUST_02";"Electric household essentials";6;13;75.0;"2023-05-31"
5938384;"CUST_03";"Patisserie";10;20;200.0;"2024-12-18"
5939026;"CUST_01";"Furniture";6;13;75.0;"2024-07-01"
5939344;"CUST_10";"Milk Products";7;37;255.5;"2022-01-24"
5939495;"CUST_07";"Electric household essentials";3;34;100.5;"2023-05-01"
5940844;"CUST_23";"Beverages";2;32;64.0;"2023-09-12"
5941171;"CUST_21";"Furniture";2;13;25.0;"2023-12-05"
5941390;"CUST_16";"Computers and electric accessories";8;23;184.0;"2024-09-07"
5941938;"CUST_08";"Food";7;19;129.5;"2023-12-12"
5942238;"CUST_12";"Beverages";1;13;12.5;"2023-05-01"
5942806;"CUST_16";"Patisserie";10;26;260.0;"2022-11-13"
5943276;"CUST_02";"Food";2;41;82.0;"2023-07-25"
5943650;"CUST_18";"Furniture";9;11;99.0;"2024-01-30"
5944361;"CUST_01";"Milk Products";4;32;128.0;"2022-10-10"
5944536;"CUST_02";"Beverages";9;22;193.5;"2024-04-02"
5945222;"CUST_04";"Butchers";5;34;167.5;"2024-08-11"
5945537;"CUST_15";"Computers and electric accessories";8;41;328.0;"2024-02-14"
5946038;"CUST_17";"Beverages";3;37;109.5;"2024-12-30"
5948038;"CUST_06";"Computers and electric accessories";1;29;29.0;"2023-04-15"
5951378;"CUST_13";"Furniture";7;28;192.5;"2024-08-23"
5951686;"CUST_13";"Computers and electric accessories";3;35;105.0;"2023-07-30"
5951718;"CUST_06";"Furniture";6;32;192.0;"2024-04-22"
5953662;"CUST_10";"Beverages";2;22;43.0;"2022-12-02"
5955516;"CUST_11";"Patisserie";8;5;40.0;"2022-06-25"
5956886;"CUST_19";"Milk Products";9;16;139.5;"2024-03-17"
5957357;"CUST_18";"Electric household essentials";3;41;123.0;"2023-08-10"
5958317;"CUST_18";"Patisserie";5;38;190.0;"2023-11-03"
5958952;"CUST_22";"Milk Products";10;37;365.0;"2022-07-07"
5959676;"CUST_19";"Milk Products";2;28;55.0;"2022-09-14"
5960367;"CUST_10";"Furniture";6;26;156.0;"2023-03-11"
5960598;"CUST_08";"Computers and electric accessories";0;0;0.0;"2023-06-07"
5960646;"CUST_21";"Beverages";8;8;64.0;"2024-03-18"
5960789;"CUST_11";"Computers and electric accessories";3;11;33.0;"2022-09-28"
5962064;"CUST_21";"Food";1;7;6.5;"2022-11-08"
5963334;"CUST_07";"Computers and electric accessories";0;0;0.0;"2022-02-11"
5964540;"CUST_19";"Milk Products";5;23;115.0;"2023-07-22"
5965201;"CUST_13";"Beverages";5;41;205.0;"2023-03-20"
5965598;"CUST_24";"Milk Products";1;20;20.0;"2022-10-18"
5965620;"CUST_23";"Furniture";4;11;44.0;"2022-06-13"
5968294;"CUST_09";"Electric household essentials";3;22;64.5;"2024-05-13"
5969171;"CUST_03";"Food";3;22;64.5;"2022-03-24"
5969212;"CUST_04";"Patisserie";10;10;95.0;"2024-10-14"
5969269;"CUST_04";"Beverages";8;32;256.0;"2024-07-29"
5969755;"CUST_16";"Milk Products";4;32;128.0;"2023-12-25"
5970836;"CUST_22";"Food";10;31;305.0;"2023-10-03"
5970986;"CUST_05";"Patisserie";4;34;134.0;"2024-06-27"
5972272;"CUST_09";"Beverages";6;7;39.0;"2022-07-10"
5973228;"CUST_12";"Beverages";6;14;84.0;"2023-12-25"
5974170;"CUST_04";"Computers and electric accessories";10;19;185.0;"2024-01-21"
5974928;"CUST_01";"Patisserie";7;8;56.0;"2024-09-01"
5975735;"CUST_17";"Beverages";5;29;145.0;"2022-09-07"
5976886;"CUST_10";"Furniture";4;38;152.0;"2022-07-11"
5977413;"CUST_14";"Food";2;16;31.0;"2022-08-20"
5978214;"CUST_19";"Beverages";8;31;244.0;"2024-06-06"
5978239;"CUST_07";"Butchers";10;8;80.0;"2022-12-10"
5978654;"CUST_17";"Beverages";5;8;40.0;"2022-08-12"
5979898;"CUST_13";"Beverages";10;34;335.0;"2024-10-10"
5980130;"CUST_22";"Butchers";3;10;28.5;"2022-11-07"
5980975;"CUST_13";"Furniture";0;0;0.0;"2023-08-01"
5981197;"CUST_11";"Beverages";10;19;185.0;"2023-02-23"
5982675;"CUST_24";"Patisserie";5;22;107.5;"2023-01-11"
5983240;"CUST_13";"Electric household essentials";5;38;190.0;"2023-04-25"
5983420;"CUST_03";"Milk Products";8;28;220.0;"2024-02-25"
5984056;"CUST_14";"Electric household essentials";3;16;46.5;"2023-04-16"
5984083;"CUST_20";"Computers and electric accessories";6;14;84.0;"2023-03-07"
5984226;"CUST_12";"Beverages";10;26;260.0;"2024-10-11"
5984900;"CUST_14";"Food";6;40;237.0;"2022-08-12"
5985157;"CUST_25";"Butchers";7;34;234.5;"2022-07-13"
5985386;"CUST_12";"Electric household essentials";1;5;5.0;"2023-01-03"
5985449;"CUST_09";"Butchers";1;37;36.5;"2023-08-27"
5985666;"CUST_09";"Furniture";8;38;304.0;"2023-07-13"
5985965;"CUST_25";"Furniture";5;5;25.0;"2024-03-20"
5986313;"CUST_05";"Beverages";6;40;237.0;"2023-01-03"
5986903;"CUST_05";"Butchers";3;8;24.0;"2022-07-26"
5987428;"CUST_08";"Beverages";3;34;100.5;"2024-08-10"
5989344;"CUST_16";"Patisserie";9;25;220.5;"2024-06-13"
5990311;"CUST_14";"Milk Products";7;28;192.5;"2023-04-05"
5990486;"CUST_13";"Butchers";1;26;26.0;"2024-01-29"
5990910;"CUST_05";"Food";6;38;228.0;"2024-08-02"
5991314;"CUST_06";"Beverages";5;7;32.5;"2022-05-09"
5991912;"CUST_24";"Furniture";2;11;22.0;"2022-02-23"
5992097;"CUST_17";"Patisserie";0;0;0.0;"2024-02-13"
5992182;"CUST_24";"Milk Products";4;14;56.0;"2022-12-23"
5992674;"CUST_15";"Furniture";7;7;45.5;"2024-05-12"
5993328;"CUST_16";"Furniture";1;41;41.0;"2022-09-02"
5995127;"CUST_10";"Computers and electric accessories";6;14;84.0;"2024-09-01"
5995528;"CUST_19";"Computers and electric accessories";9;11;99.0;"2023-01-14"
5997049;"CUST_03";"Computers and electric accessories";7;14;98.0;"2024-10-14"
5999343;"CUST_19";"Electric household essentials";1;10;9.5;"2022-07-17"
6001401;"CUST_13";"Butchers";5;5;25.0;"2022-06-29"
6001621;"CUST_15";"Furniture";1;16;15.5;"2022-10-09"
6002055;"CUST_16";"Milk Products";1;17;17.0;"2022-03-20"
6004569;"CUST_03";"Milk Products";6;10;57.0;"2024-07-17"
6004811;"CUST_18";"Electric household essentials";6;31;183.0;"2023-07-08"
6005354;"CUST_11";"Food";7;20;140.0;"2024-02-04"
6005962;"CUST_22";"Electric household essentials";2;16;31.0;"2022-11-23"
6006069;"CUST_20";"Furniture";1;11;11.0;"2022-01-29"
6007030;"CUST_10";"Food";6;40;237.0;"2023-10-28"
6007278;"CUST_17";"Beverages";10;28;275.0;"2023-03-31"
6007293;"CUST_20";"Furniture";7;11;77.0;"2024-05-10"
6008086;"CUST_10";"Patisserie";1;20;20.0;"2023-10-02"
6008262;"CUST_11";"Furniture";2;13;25.0;"2022-11-24"
6008281;"CUST_19";"Furniture";4;41;164.0;"2024-06-29"
6008493;"CUST_11";"Computers and electric accessories";5;35;175.0;"2024-01-18"
6010260;"CUST_14";"Beverages";1;37;36.5;"2023-07-21"
6012250;"CUST_11";"Milk Products";2;13;25.0;"2024-08-24"
6012297;"CUST_18";"Furniture";5;13;62.5;"2024-08-26"
6012730;"CUST_21";"Electric household essentials";5;20;100.0;"2022-05-14"
6013565;"CUST_06";"Butchers";8;28;220.0;"2023-07-22"
6015616;"CUST_06";"Electric household essentials";4;34;134.0;"2022-05-30"
6015868;"CUST_07";"Patisserie";0;0;0.0;"2023-04-08"
6016690;"CUST_06";"Computers and electric accessories";3;20;60.0;"2023-12-13"
6016967;"CUST_07";"Furniture";9;41;369.0;"2022-08-15"
6017215;"CUST_11";"Computers and electric accessories";7;31;213.5;"2024-04-08"
6017531;"CUST_21";"Milk Products";4;7;26.0;"2024-10-05"
6017693;"CUST_14";"Beverages";1;20;20.0;"2022-02-24"
6018241;"CUST_20";"Milk Products";3;13;37.5;"2024-10-16"
6018998;"CUST_18";"Furniture";9;26;234.0;"2024-09-08"
6019366;"CUST_16";"Furniture";7;26;182.0;"2023-07-09"
6020454;"CUST_12";"Milk Products";3;8;24.0;"2023-09-16"
6022574;"CUST_12";"Electric household essentials";5;20;100.0;"2023-06-24"
6023185;"CUST_17";"Electric household essentials";9;41;369.0;"2023-03-31"
6023854;"CUST_13";"Butchers";4;32;128.0;"2022-01-31"
6024315;"CUST_18";"Patisserie";3;40;118.5;"2022-06-25"
6025445;"CUST_06";"Butchers";10;37;365.0;"2023-11-24"
6026363;"CUST_20";"Computers and electric accessories";6;19;111.0;"2024-06-14"
6026881;"CUST_18";"Food";8;22;172.0;"2024-06-02"
6027222;"CUST_18";"Food";2;41;82.0;"2024-06-10"
6027273;"CUST_01";"Milk Products";1;13;12.5;"2023-03-20"
6028561;"CUST_25";"Milk Products";7;28;192.5;"2022-05-01"
6029235;"CUST_24";"Butchers";9;35;315.0;"2023-10-20"
6030067;"CUST_11";"Milk Products";4;22;86.0;"2022-03-15"
6030366;"CUST_17";"Furniture";6;7;39.0;"2022-11-30"
6034757;"CUST_07";"Food";7;34;234.5;"2023-09-27"
6035994;"CUST_15";"Beverages";8;13;100.0;"2024-10-30"
6036315;"CUST_23";"Milk Products";5;29;145.0;"2022-06-10"
6036397;"CUST_06";"Butchers";0;0;0.0;"2023-10-08"
6036535;"CUST_06";"Milk Products";7;8;56.0;"2024-09-13"
6036571;"CUST_05";"Food";6;8;48.0;"2022-10-15"
6036689;"CUST_18";"Beverages";6;7;39.0;"2024-07-15"
6037062;"CUST_04";"Butchers";10;34;335.0;"2022-08-13"
6037665;"CUST_24";"Patisserie";6;28;165.0;"2024-03-11"
6038207;"CUST_02";"Patisserie";4;11;44.0;"2024-12-26"
6038542;"CUST_17";"Butchers";4;32;128.0;"2022-09-09"
6038887;"CUST_10";"Electric household essentials";7;5;35.0;"2024-07-11"
6039236;"CUST_13";"Food";10;25;245.0;"2024-01-31"
6039588;"CUST_01";"Furniture";7;25;171.5;"2024-03-02"
6040270;"CUST_02";"Patisserie";7;10;66.5;"2023-06-12"
6040995;"CUST_09";"Computers and electric accessories";8;29;232.0;"2022-07-24"
6042205;"CUST_02";"Patisserie";9;13;112.5;"2024-03-10"
6043282;"CUST_21";"Furniture";5;34;167.5;"2024-01-10"
6043884;"CUST_24";"Food";1;34;33.5;"2024-07-08"
6045260;"CUST_25";"Beverages";3;20;60.0;"2024-07-01"
6046922;"CUST_10";"Food";7;35;245.0;"2023-08-21"
6048384;"CUST_07";"Butchers";4;41;164.0;"2022-05-19"
6049911;"CUST_10";"Milk Products";1;13;12.5;"2022-09-13"
6050928;"CUST_12";"Beverages";9;13;112.5;"2024-08-20"
6051216;"CUST_07";"Computers and electric accessories";10;28;275.0;"2022-09-23"
6052024;"CUST_17";"Furniture";3;32;96.0;"2022-01-08"
6053212;"CUST_08";"Electric household essentials";10;7;65.0;"2023-11-02"
6053470;"CUST_14";"Milk Products";3;8;24.0;"2023-03-02"
6053571;"CUST_04";"Computers and electric accessories";8;41;328.0;"2023-03-01"
6053836;"CUST_11";"Furniture";1;20;20.0;"2023-12-12"
6053875;"CUST_07";"Computers and electric accessories";10;20;200.0;"2024-09-16"
6055420;"CUST_24";"Furniture";2;23;46.0;"2023-11-22"
6057467;"CUST_07";"Milk Products";1;14;14.0;"2024-11-03"
6058330;"CUST_08";"Patisserie";8;25;196.0;"2022-05-24"
6058992;"CUST_14";"Furniture";7;26;182.0;"2022-08-24"
6062230;"CUST_18";"Patisserie";4;10;38.0;"2023-02-19"
6062926;"CUST_01";"Beverages";3;26;78.0;"2024-04-28"
6063632;"CUST_22";"Furniture";2;38;76.0;"2022-06-14"
6063963;"CUST_06";"Computers and electric accessories";9;38;342.0;"2022-05-13"
6064040;"CUST_08";"Computers and electric accessories";6;26;156.0;"2023-06-08"
6064430;"CUST_22";"Computers and electric accessories";1;25;24.5;"2022-03-04"
6064627;"CUST_01";"Beverages";9;8;72.0;"2022-08-21"
6065064;"CUST_03";"Patisserie";4;10;38.0;"2023-05-24"
6066679;"CUST_11";"Electric household essentials";2;23;46.0;"2023-03-09"
6070296;"CUST_19";"Electric household essentials";3;11;33.0;"2024-01-31"
6071236;"CUST_04";"Beverages";3;20;60.0;"2024-11-14"
6071674;"CUST_13";"Milk Products";10;16;155.0;"2022-02-11"
6073559;"CUST_19";"Butchers";0;0;0.0;"2023-07-18"
6075626;"CUST_20";"Food";4;11;44.0;"2024-02-02"
6076046;"CUST_18";"Milk Products";1;8;8.0;"2024-01-25"
6077319;"CUST_12";"Beverages";3;20;60.0;"2024-06-05"
6077372;"CUST_12";"Food";6;34;201.0;"2023-10-20"
6078486;"CUST_20";"Computers and electric accessories";4;16;62.0;"2024-04-25"
6079647;"CUST_12";"Beverages";2;25;49.0;"2022-10-08"
6082372;"CUST_10";"Furniture";5;38;190.0;"2022-03-27"
6083342;"CUST_13";"Beverages";6;7;39.0;"2024-09-16"
6083435;"CUST_25";"Food";3;22;64.5;"2023-08-31"
6084238;"CUST_11";"Milk Products";2;5;10.0;"2023-10-28"
6084707;"CUST_16";"Milk Products";10;29;290.0;"2024-12-07"
6085136;"CUST_12";"Food";7;41;287.0;"2023-01-01"
6085231;"CUST_24";"Beverages";7;20;140.0;"2022-04-06"
6086093;"CUST_19";"Beverages";7;10;66.5;"2024-03-13"
6086262;"CUST_22";"Beverages";3;16;46.5;"2022-11-11"
6087379;"CUST_24";"Milk Products";9;38;342.0;"2023-04-19"
6087492;"CUST_24";"Patisserie";3;5;15.0;"2023-12-14"
6087808;"CUST_06";"Furniture";1;26;26.0;"2022-09-27"
6087945;"CUST_01";"Computers and electric accessories";4;8;32.0;"2023-11-24"
6087995;"CUST_01";"Electric household essentials";6;23;138.0;"2024-01-16"
6088854;"CUST_06";"Patisserie";9;14;126.0;"2024-12-17"
6088884;"CUST_12";"Electric household essentials";3;38;114.0;"2022-09-22"
6089049;"CUST_24";"Electric household essentials";7;29;203.0;"2024-03-25"
6089183;"CUST_09";"Patisserie";1;8;8.0;"2024-12-31"
6090167;"CUST_06";"Beverages";7;16;108.5;"2023-11-18"
6090746;"CUST_05";"Furniture";2;22;43.0;"2022-03-02"
6091565;"CUST_15";"Computers and electric accessories";7;25;171.5;"2022-09-09"
6091744;"CUST_12";"Butchers";5;32;160.0;"2022-10-28"
6091754;"CUST_05";"Computers and electric accessories";3;22;64.5;"2024-06-03"
6092112;"CUST_23";"Butchers";5;16;77.5;"2024-01-09"
6092283;"CUST_02";"Beverages";7;40;276.5;"2024-12-28"
6093600;"CUST_09";"Electric household essentials";3;29;87.0;"2024-09-21"
6094184;"CUST_11";"Food";3;20;60.0;"2025-01-06"
6095170;"CUST_13";"Furniture";10;38;380.0;"2022-11-27"
6096297;"CUST_24";"Milk Products";10;34;335.0;"2024-05-24"
6096860;"CUST_18";"Furniture";0;0;0.0;"2024-05-15"
6096878;"CUST_20";"Food";2;5;10.0;"2023-01-02"
6096957;"CUST_05";"Patisserie";10;37;365.0;"2024-02-10"
6097303;"CUST_10";"Food";4;25;98.0;"2022-03-14"
6097606;"CUST_03";"Butchers";2;28;55.0;"2023-12-20"
6098786;"CUST_03";"Beverages";4;5;20.0;"2022-08-02"
6099359;"CUST_09";"Butchers";5;34;167.5;"2024-03-23"
6100931;"CUST_15";"Electric household essentials";1;29;29.0;"2022-04-28"
6102269;"CUST_07";"Beverages";9;41;369.0;"2023-10-03"
6102615;"CUST_05";"Butchers";2;31;61.0;"2022-03-04"
6102791;"CUST_02";"Furniture";0;0;0.0;"2022-04-05"
6103372;"CUST_23";"Food";3;23;69.0;"2024-10-08"
6103550;"CUST_04";"Computers and electric accessories";10;25;245.0;"2022-11-13"
6104935;"CUST_18";"Beverages";3;29;87.0;"2022-05-06"
6105571;"CUST_25";"Electric household essentials";2;37;73.0;"2024-10-17"
6106136;"CUST_07";"Furniture";9;7;58.5;"2024-02-03"
6107048;"CUST_14";"Milk Products";10;23;230.0;"2023-12-19"
6108090;"CUST_11";"Milk Products";5;16;77.5;"2022-06-08"
6108978;"CUST_20";"Milk Products";4;8;32.0;"2022-11-17"
6109021;"CUST_06";"Electric household essentials";1;28;27.5;"2024-11-03"
6109911;"CUST_15";"Electric household essentials";4;32;128.0;"2024-09-16"
6110164;"CUST_05";"Computers and electric accessories";7;28;192.5;"2023-10-12"
6110225;"CUST_10";"Computers and electric accessories";4;19;74.0;"2023-03-05"
6111288;"CUST_05";"Patisserie";10;29;290.0;"2023-11-01"
6111459;"CUST_14";"Computers and electric accessories";8;14;112.0;"2023-05-22"
6113286;"CUST_07";"Electric household essentials";3;22;64.5;"2023-12-05"
6113330;"CUST_23";"Patisserie";8;19;148.0;"2022-05-18"
6113342;"CUST_23";"Beverages";9;5;45.0;"2023-01-05"
6115131;"CUST_11";"Electric household essentials";7;16;108.5;"2024-11-27"
6115982;"CUST_25";"Patisserie";1;5;5.0;"2023-05-14"
6116778;"CUST_18";"Milk Products";3;8;24.0;"2023-05-30"
6116884;"CUST_20";"Food";5;34;167.5;"2024-12-02"
6117034;"CUST_15";"Computers and electric accessories";2;22;43.0;"2023-05-16"
6117321;"CUST_13";"Milk Products";8;28;220.0;"2023-10-01"
6117863;"CUST_12";"Furniture";3;41;123.0;"2022-10-10"
6117973;"CUST_10";"Electric household essentials";7;26;182.0;"2022-05-15"
6118432;"CUST_08";"Butchers";1;28;27.5;"2022-08-25"
6118643;"CUST_02";"Milk Products";10;8;80.0;"2022-10-29"
6118838;"CUST_14";"Beverages";7;14;98.0;"2022-09-28"
6122892;"CUST_12";"Patisserie";9;26;234.0;"2024-01-12"
6123067;"CUST_09";"Beverages";4;22;86.0;"2024-11-30"
6123799;"CUST_05";"Food";8;31;244.0;"2024-05-05"
6124315;"CUST_15";"Furniture";1;14;14.0;"2022-08-29"
6124741;"CUST_17";"Food";3;23;69.0;"2022-04-17"
6125814;"CUST_14";"Milk Products";4;20;80.0;"2023-05-28"
6126106;"CUST_10";"Milk Products";0;0;0.0;"2022-08-31"
6126205;"CUST_25";"Computers and electric accessories";9;8;72.0;"2022-04-23"
6126899;"CUST_10";"Milk Products";7;23;161.0;"2023-11-08"
6128965;"CUST_10";"Computers and electric accessories";6;31;183.0;"2024-09-26"
6129356;"CUST_24";"Beverages";7;22;150.5;"2024-07-25"
6129392;"CUST_25";"Computers and electric accessories";7;19;129.5;"2024-11-20"
6130668;"CUST_22";"Electric household essentials";0;0;0.0;"2022-01-19"
6131364;"CUST_11";"Beverages";5;7;32.5;"2024-10-29"
6131542;"CUST_18";"Beverages";3;41;123.0;"2024-07-22"
6133268;"CUST_13";"Patisserie";0;0;0.0;"2024-03-17"
6135005;"CUST_02";"Beverages";7;29;203.0;"2024-02-12"
6135201;"CUST_22";"Beverages";1;22;21.5;"2023-09-07"
6135773;"CUST_08";"Computers and electric accessories";6;19;111.0;"2022-06-13"
6136154;"CUST_19";"Furniture";7;16;108.5;"2024-07-02"
6136306;"CUST_02";"Milk Products";1;23;23.0;"2023-07-13"
6136490;"CUST_03";"Food";10;40;395.0;"2024-06-14"
6137503;"CUST_02";"Butchers";7;38;266.0;"2022-04-05"
6138247;"CUST_06";"Milk Products";3;13;37.5;"2024-12-07"
6139701;"CUST_18";"Food";9;41;369.0;"2022-05-30"
6141590;"CUST_15";"Milk Products";7;40;276.5;"2023-08-20"
6141899;"CUST_22";"Beverages";10;22;215.0;"2024-01-02"
6142111;"CUST_09";"Beverages";3;16;46.5;"2024-03-02"
6144549;"CUST_02";"Milk Products";3;34;100.5;"2023-10-04"
6145546;"CUST_24";"Milk Products";8;16;124.0;"2023-12-14"
6145877;"CUST_20";"Computers and electric accessories";4;17;68.0;"2024-10-15"
6146488;"CUST_12";"Beverages";1;31;30.5;"2023-02-17"
6147473;"CUST_25";"Patisserie";7;13;87.5;"2023-09-08"
6147765;"CUST_07";"Patisserie";5;14;70.0;"2022-05-22"
6149033;"CUST_08";"Patisserie";1;37;36.5;"2024-06-17"
6149882;"CUST_09";"Beverages";1;34;33.5;"2023-01-22"
6151684;"CUST_09";"Butchers";7;13;87.5;"2024-06-30"
6152767;"CUST_03";"Electric household essentials";4;26;104.0;"2024-10-14"
6152928;"CUST_24";"Patisserie";7;29;203.0;"2022-03-24"
6155057;"CUST_20";"Furniture";8;35;280.0;"2023-06-07"
6156200;"CUST_21";"Furniture";9;35;315.0;"2024-04-21"
6156746;"CUST_13";"Patisserie";3;37;109.5;"2024-10-06"
6157163;"CUST_08";"Electric household essentials";2;26;52.0;"2023-01-09"
6157602;"CUST_21";"Food";7;31;213.5;"2023-10-22"
6158929;"CUST_21";"Food";6;20;120.0;"2022-01-29"
6159011;"CUST_21";"Furniture";1;7;6.5;"2022-07-20"
6159311;"CUST_02";"Beverages";0;0;0.0;"2024-10-18"
6159378;"CUST_14";"Milk Products";6;5;30.0;"2023-01-24"
6159552;"CUST_03";"Butchers";3;7;19.5;"2023-01-04"
6161257;"CUST_02";"Milk Products";4;20;80.0;"2024-03-16"
6161762;"CUST_03";"Electric household essentials";7;41;287.0;"2023-01-14"
6162123;"CUST_22";"Food";3;25;73.5;"2024-07-06"
6162358;"CUST_05";"Butchers";10;14;140.0;"2022-07-04"
6162781;"CUST_09";"Butchers";10;23;230.0;"2022-02-27"
6162855;"CUST_09";"Electric household essentials";2;35;70.0;"2023-06-29"
6165989;"CUST_13";"Food";5;11;55.0;"2023-12-13"
6166231;"CUST_06";"Furniture";9;28;247.5;"2024-04-17"
6166332;"CUST_07";"Beverages";9;13;112.5;"2022-02-15"
6166688;"CUST_08";"Patisserie";6;41;246.0;"2023-09-29"
6167313;"CUST_17";"Food";4;41;164.0;"2025-01-12"
6167687;"CUST_14";"Electric household essentials";7;11;77.0;"2024-09-06"
6167710;"CUST_15";"Food";7;34;234.5;"2023-07-31"
6170543;"CUST_08";"Furniture";1;7;6.5;"2024-11-13"
6172140;"CUST_19";"Furniture";4;37;146.0;"2024-05-30"
6172206;"CUST_16";"Beverages";0;0;0.0;"2024-04-24"
6172739;"CUST_03";"Beverages";0;0;0.0;"2023-09-12"
6173941;"CUST_17";"Patisserie";9;16;139.5;"2023-02-23"
6174168;"CUST_13";"Beverages";10;28;275.0;"2023-03-18"
6175359;"CUST_14";"Electric household essentials";5;10;47.5;"2023-04-13"
6175706;"CUST_19";"Patisserie";7;11;77.0;"2022-04-18"
6176210;"CUST_17";"Milk Products";7;32;224.0;"2024-02-18"
6176256;"CUST_19";"Milk Products";4;32;128.0;"2023-09-19"
6177742;"CUST_07";"Food";6;11;66.0;"2024-01-09"
6178045;"CUST_06";"Food";1;13;12.5;"2024-02-03"
6179212;"CUST_05";"Milk Products";3;29;87.0;"2022-01-08"
6179500;"CUST_02";"Butchers";4;16;62.0;"2022-06-15"
6179719;"CUST_08";"Computers and electric accessories";4;13;50.0;"2022-03-29"
6179863;"CUST_02";"Butchers";0;0;0.0;"2023-10-29"
6181011;"CUST_24";"Milk Products";8;29;232.0;"2022-09-27"
6181532;"CUST_14";"Food";4;28;110.0;"2023-09-05"
6182374;"CUST_04";"Furniture";5;38;190.0;"2024-03-27"
6182431;"CUST_07";"Milk Products";9;5;45.0;"2024-03-03"
6183279;"CUST_06";"Food";4;20;80.0;"2024-12-21"
6184133;"CUST_21";"Electric household essentials";8;16;124.0;"2024-05-14"
6185003;"CUST_20";"Electric household essentials";8;38;304.0;"2023-06-30"
6185500;"CUST_22";"Computers and electric accessories";7;23;161.0;"2024-06-04"
6185567;"CUST_11";"Furniture";4;11;44.0;"2024-07-17"
6185568;"CUST_01";"Furniture";10;8;80.0;"2024-12-11"
6186202;"CUST_14";"Patisserie";0;0;0.0;"2023-02-25"
6186500;"CUST_21";"Food";9;37;328.5;"2023-07-04"
6187461;"CUST_14";"Food";3;23;69.0;"2023-03-05"
6187845;"CUST_21";"Computers and electric accessories";3;13;37.5;"2023-07-11"
6187949;"CUST_18";"Butchers";3;20;60.0;"2023-11-29"
6188459;"CUST_16";"Furniture";4;38;152.0;"2023-04-17"
6188649;"CUST_01";"Electric household essentials";7;17;119.0;"2024-10-13"
6188727;"CUST_16";"Computers and electric accessories";6;5;30.0;"2025-01-11"
6189191;"CUST_10";"Patisserie";2;20;40.0;"2022-03-01"
6189225;"CUST_09";"Milk Products";4;16;62.0;"2023-06-04"
6189337;"CUST_04";"Milk Products";5;31;152.5;"2023-11-13"
6190160;"CUST_05";"Butchers";2;13;25.0;"2023-06-17"
6191176;"CUST_16";"Computers and electric accessories";1;26;26.0;"2024-10-11"
6192129;"CUST_10";"Patisserie";10;25;245.0;"2024-03-02"
6192944;"CUST_19";"Electric household essentials";8;34;268.0;"2025-01-03"
6193647;"CUST_14";"Electric household essentials";10;17;170.0;"2022-06-05"
6194378;"CUST_13";"Patisserie";10;13;125.0;"2022-08-13"
6195024;"CUST_13";"Beverages";5;34;167.5;"2024-08-09"
6195176;"CUST_08";"Beverages";3;7;19.5;"2023-06-10"
6195298;"CUST_14";"Furniture";7;41;287.0;"2023-12-22"
6195779;"CUST_14";"Butchers";3;26;78.0;"2023-10-17"
6196135;"CUST_05";"Electric household essentials";2;32;64.0;"2023-07-10"
6197590;"CUST_10";"Beverages";7;22;150.5;"2022-08-15"
6198629;"CUST_15";"Computers and electric accessories";2;14;28.0;"2023-10-05"
6199720;"CUST_24";"Milk Products";2;8;16.0;"2024-07-13"
6200475;"CUST_14";"Electric household essentials";6;22;129.0;"2024-05-10"
6202481;"CUST_14";"Food";5;35;175.0;"2023-03-31"
6203082;"CUST_16";"Computers and electric accessories";10;26;260.0;"2024-01-12"
6203639;"CUST_11";"Beverages";5;32;160.0;"2022-06-07"
6204154;"CUST_18";"Electric household essentials";10;32;320.0;"2022-03-05"
6204232;"CUST_10";"Computers and electric accessories";6;8;48.0;"2023-07-29"
6204485;"CUST_08";"Beverages";7;16;108.5;"2022-12-29"
6205992;"CUST_11";"Beverages";6;16;93.0;"2023-07-08"
6206009;"CUST_21";"Computers and electric accessories";0;0;0.0;"2022-08-04"
6206996;"CUST_23";"Computers and electric accessories";0;0;0.0;"2022-01-31"
6207746;"CUST_23";"Patisserie";7;22;150.5;"2024-03-15"
6207869;"CUST_08";"Patisserie";8;20;160.0;"2023-10-02"
6208291;"CUST_12";"Furniture";9;26;234.0;"2023-03-10"
6209236;"CUST_14";"Furniture";1;20;20.0;"2023-08-22"
6209928;"CUST_05";"Beverages";10;14;140.0;"2023-10-03"
6211037;"CUST_20";"Patisserie";7;10;66.5;"2024-07-24"
6212454;"CUST_17";"Computers and electric accessories";5;23;115.0;"2024-04-14"
6213133;"CUST_08";"Milk Products";5;34;167.5;"2022-03-10"
6213892;"CUST_12";"Food";8;34;268.0;"2022-09-15"
6213919;"CUST_20";"Milk Products";3;5;15.0;"2022-03-28"
6214485;"CUST_13";"Computers and electric accessories";8;38;304.0;"2023-12-03"
6215665;"CUST_22";"Beverages";1;38;38.0;"2023-06-13"
6215670;"CUST_19";"Patisserie";8;29;232.0;"2023-12-04"
6216918;"CUST_20";"Patisserie";8;37;292.0;"2022-07-07"
6217772;"CUST_20";"Milk Products";5;11;55.0;"2024-03-24"
6218354;"CUST_08";"Food";4;29;116.0;"2023-01-20"
6218720;"CUST_20";"Beverages";8;14;112.0;"2023-06-01"
6218723;"CUST_15";"Beverages";9;20;180.0;"2022-11-12"
6219185;"CUST_10";"Patisserie";6;14;84.0;"2022-12-03"
6219786;"CUST_08";"Electric household essentials";10;41;410.0;"2022-09-05"
6220248;"CUST_11";"Furniture";9;19;166.5;"2023-04-16"
6220253;"CUST_08";"Patisserie";6;34;201.0;"2024-04-19"
6220862;"CUST_21";"Electric household essentials";4;13;50.0;"2023-04-04"
6223608;"CUST_02";"Electric household essentials";3;38;114.0;"2024-10-07"
6223914;"CUST_21";"Furniture";4;28;110.0;"2024-08-12"
6224018;"CUST_09";"Food";8;35;280.0;"2023-08-25"
6224076;"CUST_08";"Electric household essentials";2;37;73.0;"2024-01-10"
6226129;"CUST_24";"Computers and electric accessories";3;14;42.0;"2022-07-16"
6227305;"CUST_22";"Beverages";0;0;0.0;"2022-01-31"
6229221;"CUST_10";"Patisserie";7;7;45.5;"2023-04-07"
6229274;"CUST_05";"Butchers";1;5;5.0;"2023-11-16"
6229496;"CUST_15";"Patisserie";7;41;287.0;"2024-03-29"
6229504;"CUST_07";"Food";3;31;91.5;"2024-08-30"
6229786;"CUST_04";"Food";2;31;61.0;"2022-01-20"
6231583;"CUST_19";"Food";7;23;161.0;"2022-03-29"
6231912;"CUST_05";"Computers and electric accessories";5;34;167.5;"2024-12-06"
6233251;"CUST_08";"Furniture";2;37;73.0;"2024-05-26"
6233472;"CUST_13";"Patisserie";1;29;29.0;"2023-02-26"
6233782;"CUST_14";"Butchers";0;0;0.0;"2022-02-14"
6234282;"CUST_20";"Milk Products";9;32;288.0;"2024-12-13"
6234785;"CUST_10";"Milk Products";6;8;48.0;"2024-10-27"
6234812;"CUST_06";"Computers and electric accessories";6;14;84.0;"2024-09-08"
6237111;"CUST_15";"Furniture";10;20;200.0;"2023-07-01"
6237791;"CUST_13";"Patisserie";8;5;40.0;"2022-06-13"
6237848;"CUST_04";"Computers and electric accessories";4;17;68.0;"2022-01-12"
6237980;"CUST_01";"Furniture";8;23;184.0;"2024-08-12"
6237983;"CUST_18";"Butchers";6;28;165.0;"2022-05-30"
6239964;"CUST_22";"Milk Products";3;37;109.5;"2023-01-31"
6241154;"CUST_10";"Food";5;25;122.5;"2023-06-21"
6241198;"CUST_24";"Computers and electric accessories";0;0;0.0;"2023-10-02"
6241258;"CUST_19";"Butchers";4;8;32.0;"2024-07-27"
6243391;"CUST_19";"Furniture";1;20;20.0;"2024-07-04"
6243402;"CUST_09";"Butchers";10;7;65.0;"2024-02-12"
6246140;"CUST_20";"Electric household essentials";2;41;82.0;"2022-09-27"
6247691;"CUST_17";"Furniture";9;11;99.0;"2024-05-08"
6248356;"CUST_14";"Electric household essentials";3;38;114.0;"2024-10-16"
6249236;"CUST_02";"Beverages";10;22;215.0;"2023-07-04"
6250088;"CUST_10";"Beverages";2;7;13.0;"2022-08-26"
6251701;"CUST_07";"Food";0;0;0.0;"2024-06-25"
6252321;"CUST_03";"Butchers";10;5;50.0;"2023-01-06"
6253708;"CUST_12";"Furniture";6;26;156.0;"2022-11-03"
6254334;"CUST_23";"Butchers";0;0;0.0;"2022-03-29"
6254766;"CUST_23";"Computers and electric accessories";5;23;115.0;"2024-05-04"
6255024;"CUST_14";"Beverages";3;32;96.0;"2023-07-18"
6257706;"CUST_19";"Beverages";2;40;79.0;"2022-01-17"
6257905;"CUST_19";"Furniture";5;40;197.5;"2024-08-29"
6260322;"CUST_08";"Electric household essentials";3;37;109.5;"2022-02-15"
6260961;"CUST_16";"Electric household essentials";1;41;41.0;"2024-10-25"
6262851;"CUST_18";"Furniture";5;34;167.5;"2024-08-12"
6263189;"CUST_08";"Milk Products";10;20;200.0;"2022-01-09"
6263624;"CUST_21";"Electric household essentials";8;35;280.0;"2023-11-29"
6263807;"CUST_10";"Computers and electric accessories";6;28;165.0;"2023-03-06"
6264210;"CUST_02";"Patisserie";9;31;274.5;"2024-04-17"
6265170;"CUST_14";"Computers and electric accessories";6;20;120.0;"2023-06-15"
6267293;"CUST_07";"Beverages";4;20;80.0;"2023-12-28"
6267373;"CUST_19";"Food";6;29;174.0;"2022-05-29"
6269570;"CUST_25";"Computers and electric accessories";6;22;129.0;"2024-03-10"
6269833;"CUST_01";"Computers and electric accessories";7;17;119.0;"2023-08-14"
6270217;"CUST_17";"Butchers";7;11;77.0;"2024-04-24"
6271059;"CUST_10";"Furniture";1;8;8.0;"2024-03-17"
6271401;"CUST_03";"Butchers";1;34;33.5;"2023-01-12"
6271428;"CUST_25";"Electric household essentials";3;10;28.5;"2022-07-12"
6271863;"CUST_15";"Furniture";4;41;164.0;"2023-11-26"
6272497;"CUST_19";"Patisserie";4;25;98.0;"2023-07-06"
6272504;"CUST_14";"Furniture";0;0;0.0;"2023-02-28"
6272697;"CUST_16";"Furniture";4;13;50.0;"2022-06-21"
6272881;"CUST_01";"Electric household essentials";8;13;100.0;"2022-04-29"
6274299;"CUST_15";"Food";10;29;290.0;"2022-01-18"
6275399;"CUST_03";"Furniture";2;40;79.0;"2024-05-31"
6275978;"CUST_13";"Electric household essentials";9;35;315.0;"2023-07-05"
6276011;"CUST_15";"Butchers";4;37;146.0;"2022-06-10"
6276223;"CUST_14";"Milk Products";4;5;20.0;"2024-01-14"
6276518;"CUST_24";"Beverages";3;16;46.5;"2024-04-08"
6276845;"CUST_17";"Computers and electric accessories";9;14;126.0;"2023-12-22"
6278418;"CUST_05";"Milk Products";0;0;0.0;"2023-03-21"
6278864;"CUST_15";"Food";4;37;146.0;"2024-11-28"
6279943;"CUST_23";"Food";3;31;91.5;"2023-06-10"
6280148;"CUST_19";"Computers and electric accessories";1;23;23.0;"2024-07-25"
6280574;"CUST_20";"Milk Products";2;37;73.0;"2022-03-12"
6281250;"CUST_04";"Patisserie";4;23;92.0;"2023-09-21"
6281747;"CUST_11";"Beverages";7;34;234.5;"2023-11-05"
6281965;"CUST_19";"Beverages";1;40;39.5;"2022-03-11"
6283478;"CUST_12";"Food";8;11;88.0;"2022-06-11"
6283940;"CUST_01";"Food";1;14;14.0;"2022-09-21"
6285433;"CUST_24";"Computers and electric accessories";0;0;0.0;"2023-07-18"
6286103;"CUST_13";"Furniture";3;16;46.5;"2022-09-07"
6286190;"CUST_16";"Beverages";8;28;220.0;"2023-07-23"
6287445;"CUST_19";"Butchers";4;41;164.0;"2024-04-27"
6287586;"CUST_15";"Patisserie";5;7;32.5;"2022-03-25"
6287862;"CUST_15";"Food";1;20;20.0;"2024-09-07"
6287957;"CUST_01";"Butchers";5;28;137.5;"2023-06-19"
6287988;"CUST_03";"Milk Products";6;32;192.0;"2024-12-03"
6288602;"CUST_12";"Butchers";8;35;280.0;"2023-11-28"
6288635;"CUST_01";"Butchers";9;11;99.0;"2023-04-14"
6288656;"CUST_20";"Furniture";10;10;95.0;"2023-01-10"
6288657;"CUST_24";"Patisserie";7;17;119.0;"2022-10-07"
6289960;"CUST_16";"Butchers";4;35;140.0;"2023-01-03"
6291669;"CUST_06";"Computers and electric accessories";5;22;107.5;"2023-09-01"
6292001;"CUST_22";"Food";5;19;92.5;"2023-10-21"
6292395;"CUST_08";"Food";0;0;0.0;"2023-07-11"
6292683;"CUST_08";"Food";8;37;292.0;"2023-07-28"
6292699;"CUST_18";"Computers and electric accessories";8;31;244.0;"2025-01-14"
6292835;"CUST_07";"Computers and electric accessories";7;34;234.5;"2022-04-25"
6293757;"CUST_18";"Beverages";1;25;24.5;"2022-04-03"
6293942;"CUST_13";"Beverages";3;16;46.5;"2022-04-05"
6295698;"CUST_12";"Milk Products";4;37;146.0;"2024-10-17"
6297355;"CUST_19";"Patisserie";8;7;52.0;"2024-06-17"
6297431;"CUST_01";"Electric household essentials";9;35;315.0;"2024-06-04"
6298267;"CUST_06";"Beverages";3;26;78.0;"2022-11-06"
6298574;"CUST_01";"Milk Products";4;5;20.0;"2023-05-09"
6300521;"CUST_21";"Beverages";9;31;274.5;"2022-11-21"
6301893;"CUST_01";"Computers and electric accessories";3;26;78.0;"2024-04-27"
6304327;"CUST_18";"Electric household essentials";0;0;0.0;"2023-03-23"
6305251;"CUST_01";"Computers and electric accessories";10;25;245.0;"2024-10-27"
6306864;"CUST_04";"Milk Products";9;5;45.0;"2023-12-03"
6307499;"CUST_22";"Electric household essentials";0;0;0.0;"2023-06-22"
6308409;"CUST_03";"Milk Products";7;11;77.0;"2023-05-12"
6308565;"CUST_19";"Computers and electric accessories";4;11;44.0;"2024-02-10"
6308905;"CUST_22";"Furniture";10;20;200.0;"2024-04-21"
6309225;"CUST_07";"Electric household essentials";4;16;62.0;"2023-08-15"
6310599;"CUST_04";"Electric household essentials";6;28;165.0;"2024-09-22"
6311622;"CUST_17";"Furniture";7;29;203.0;"2023-11-30"
6312219;"CUST_09";"Electric household essentials";8;23;184.0;"2023-04-13"
6312937;"CUST_14";"Computers and electric accessories";2;23;46.0;"2024-02-09"
6314178;"CUST_12";"Computers and electric accessories";9;17;153.0;"2022-12-27"
6314198;"CUST_23";"Beverages";0;0;0.0;"2024-01-06"
6314299;"CUST_19";"Milk Products";6;41;246.0;"2022-02-14"
6314451;"CUST_03";"Patisserie";5;19;92.5;"2023-01-10"
6314774;"CUST_25";"Milk Products";8;38;304.0;"2025-01-08"
6314933;"CUST_13";"Electric household essentials";8;41;328.0;"2022-05-25"
6315393;"CUST_04";"Furniture";9;26;234.0;"2022-08-10"
6315447;"CUST_21";"Patisserie";9;14;126.0;"2025-01-12"
6315677;"CUST_18";"Food";4;29;116.0;"2024-05-22"
6318554;"CUST_17";"Furniture";6;26;156.0;"2024-04-23"
6319342;"CUST_23";"Patisserie";4;16;62.0;"2022-10-21"
6319740;"CUST_04";"Milk Products";3;13;37.5;"2024-11-16"
6320451;"CUST_02";"Furniture";9;38;342.0;"2024-01-12"
6321123;"CUST_17";"Furniture";9;13;112.5;"2024-05-25"
6321793;"CUST_24";"Electric household essentials";6;23;138.0;"2024-05-15"
6322703;"CUST_17";"Milk Products";2;5;10.0;"2023-07-11"
6323263;"CUST_22";"Milk Products";10;23;230.0;"2024-09-01"
6324193;"CUST_25";"Food";7;22;150.5;"2024-09-07"
6324328;"CUST_24";"Food";1;29;29.0;"2023-10-19"
6325008;"CUST_22";"Butchers";10;22;215.0;"2022-02-13"
6325122;"CUST_07";"Patisserie";9;5;45.0;"2024-04-03"
6325212;"CUST_03";"Patisserie";8;31;244.0;"2023-06-07"
6327819;"CUST_01";"Computers and electric accessories";3;32;96.0;"2022-09-12"
6328369;"CUST_12";"Food";0;0;0.0;"2024-03-18"
6328740;"CUST_07";"Electric household essentials";8;41;328.0;"2024-07-29"
6329331;"CUST_24";"Beverages";5;16;77.5;"2022-01-01"
6329480;"CUST_18";"Food";3;41;123.0;"2022-08-21"
6329610;"CUST_11";"Computers and electric accessories";6;22;129.0;"2022-04-12"
6330122;"CUST_10";"Butchers";9;22;193.5;"2022-01-20"
6330492;"CUST_13";"Beverages";8;34;268.0;"2023-05-26"
6330621;"CUST_17";"Electric household essentials";0;0;0.0;"2024-01-12"
6333391;"CUST_18";"Furniture";9;40;355.5;"2022-06-29"
6334198;"CUST_04";"Milk Products";6;38;228.0;"2023-03-02"
6334800;"CUST_09";"Furniture";8;14;112.0;"2024-07-31"
6337676;"CUST_07";"Furniture";9;11;99.0;"2023-02-28"
6339700;"CUST_15";"Milk Products";7;23;161.0;"2022-01-27"
6339738;"CUST_25";"Butchers";7;22;150.5;"2022-04-01"
6340470;"CUST_17";"Butchers";6;7;39.0;"2022-10-12"
6342314;"CUST_25";"Patisserie";7;32;224.0;"2023-05-27"
6342389;"CUST_02";"Food";0;0;0.0;"2024-10-09"
6343666;"CUST_15";"Furniture";8;28;220.0;"2024-11-13"
6345102;"CUST_23";"Food";6;28;165.0;"2022-12-20"
6346223;"CUST_04";"Patisserie";2;10;19.0;"2022-11-08"
6346461;"CUST_03";"Furniture";3;20;60.0;"2022-01-14"
6350381;"CUST_05";"Patisserie";4;29;116.0;"2022-10-08"
6352253;"CUST_24";"Butchers";4;34;134.0;"2022-09-19"
6352458;"CUST_01";"Butchers";1;28;27.5;"2022-07-21"
6352989;"CUST_13";"Food";6;19;111.0;"2024-08-31"
6354290;"CUST_17";"Butchers";7;34;234.5;"2024-05-05"
6354477;"CUST_06";"Butchers";6;28;165.0;"2024-08-26"
6354929;"CUST_11";"Milk Products";9;14;126.0;"2025-01-06"
6355229;"CUST_01";"Food";9;14;126.0;"2023-09-23"
6357043;"CUST_02";"Electric household essentials";7;34;234.5;"2024-02-09"
6357302;"CUST_20";"Beverages";1;26;26.0;"2022-09-09"
6358543;"CUST_02";"Computers and electric accessories";5;31;152.5;"2024-01-22"
6359024;"CUST_15";"Butchers";6;40;237.0;"2024-03-15"
6360170;"CUST_22";"Furniture";2;11;22.0;"2024-06-13"
6360373;"CUST_23";"Milk Products";10;16;155.0;"2023-02-11"
6360517;"CUST_16";"Furniture";8;29;232.0;"2023-08-11"
6360570;"CUST_13";"Electric household essentials";8;19;148.0;"2022-08-24"
6362597;"CUST_22";"Computers and electric accessories";2;26;52.0;"2023-02-05"
6362659;"CUST_09";"Beverages";4;28;110.0;"2024-06-30"
6363176;"CUST_04";"Furniture";6;7;39.0;"2023-09-13"
6363608;"CUST_15";"Patisserie";7;31;213.5;"2022-09-24"
6364377;"CUST_10";"Milk Products";2;29;58.0;"2024-12-03"
6364752;"CUST_23";"Patisserie";0;0;0.0;"2024-07-14"
6365546;"CUST_02";"Beverages";7;16;108.5;"2022-08-13"
6366734;"CUST_17";"Food";4;31;122.0;"2024-04-29"
6368570;"CUST_10";"Food";4;41;164.0;"2024-11-22"
6370101;"CUST_10";"Milk Products";2;10;19.0;"2023-08-07"
6371483;"CUST_09";"Milk Products";7;8;56.0;"2024-04-14"
6374273;"CUST_07";"Butchers";2;34;67.0;"2022-05-03"
6375385;"CUST_24";"Furniture";8;20;160.0;"2023-06-07"
6375821;"CUST_19";"Butchers";5;41;205.0;"2023-09-29"
6375978;"CUST_23";"Milk Products";10;20;200.0;"2022-04-07"
6376012;"CUST_20";"Computers and electric accessories";3;32;96.0;"2024-07-27"
6376057;"CUST_18";"Electric household essentials";7;13;87.5;"2023-10-11"
6376357;"CUST_16";"Butchers";0;0;0.0;"2024-09-29"
6376468;"CUST_24";"Furniture";3;35;105.0;"2023-06-05"
6376665;"CUST_09";"Food";10;40;395.0;"2024-01-01"
6376892;"CUST_20";"Furniture";5;28;137.5;"2023-05-17"
6377916;"CUST_14";"Furniture";6;16;93.0;"2024-02-11"
6377971;"CUST_07";"Butchers";10;11;110.0;"2022-10-30"
6378657;"CUST_05";"Electric household essentials";3;38;114.0;"2024-11-11"
6379138;"CUST_17";"Food";9;25;220.5;"2023-12-14"
6379175;"CUST_12";"Beverages";3;20;60.0;"2024-03-18"
6379297;"CUST_19";"Butchers";9;8;72.0;"2022-05-19"
6380866;"CUST_22";"Computers and electric accessories";0;0;0.0;"2024-05-29"
6380869;"CUST_15";"Patisserie";9;8;72.0;"2022-05-02"
6381262;"CUST_05";"Electric household essentials";8;34;268.0;"2024-06-05"
6382732;"CUST_05";"Milk Products";6;22;129.0;"2024-02-23"
6383303;"CUST_04";"Butchers";4;22;86.0;"2022-08-18"
6383474;"CUST_13";"Milk Products";5;16;77.5;"2024-11-16"
6383632;"CUST_12";"Electric household essentials";2;35;70.0;"2025-01-18"
6383890;"CUST_10";"Butchers";3;35;105.0;"2023-07-26"
6384068;"CUST_09";"Beverages";8;28;220.0;"2022-06-13"
6386294;"CUST_05";"Beverages";8;7;52.0;"2024-06-03"
6388954;"CUST_07";"Computers and electric accessories";4;22;86.0;"2022-06-30"
6390873;"CUST_07";"Electric household essentials";1;11;11.0;"2023-12-03"
6392061;"CUST_16";"Beverages";5;40;197.5;"2023-01-30"
6392444;"CUST_10";"Beverages";3;40;118.5;"2022-11-11"
6392993;"CUST_25";"Beverages";10;29;290.0;"2024-09-10"
6393003;"CUST_12";"Furniture";8;19;148.0;"2024-10-08"
6395052;"CUST_09";"Food";8;41;328.0;"2024-10-02"
6396781;"CUST_03";"Computers and electric accessories";0;0;0.0;"2023-02-04"
6396944;"CUST_15";"Butchers";2;28;55.0;"2024-09-13"
6397507;"CUST_22";"Patisserie";8;40;316.0;"2022-08-26"
6397794;"CUST_03";"Food";6;20;120.0;"2024-05-21"
6398385;"CUST_20";"Butchers";5;34;167.5;"2023-03-18"
6398436;"CUST_15";"Beverages";7;41;287.0;"2024-06-03"
6400204;"CUST_11";"Furniture";2;17;34.0;"2022-07-18"
6400472;"CUST_24";"Computers and electric accessories";4;5;20.0;"2024-12-29"
6400478;"CUST_12";"Patisserie";8;31;244.0;"2022-09-03"
6400580;"CUST_07";"Furniture";9;34;301.5;"2023-09-11"
6400673;"CUST_15";"Computers and electric accessories";8;17;136.0;"2022-01-21"
6400966;"CUST_18";"Food";7;34;234.5;"2023-05-01"
6402109;"CUST_23";"Beverages";6;34;201.0;"2022-04-03"
6402114;"CUST_10";"Patisserie";7;28;192.5;"2023-12-05"
6402496;"CUST_13";"Furniture";5;10;47.5;"2022-08-26"
6403470;"CUST_13";"Computers and electric accessories";1;22;21.5;"2022-06-03"
6404316;"CUST_04";"Computers and electric accessories";6;28;165.0;"2022-04-06"
6404565;"CUST_01";"Computers and electric accessories";8;32;256.0;"2023-05-21"
6404760;"CUST_10";"Food";2;11;22.0;"2022-04-20"
6405052;"CUST_07";"Food";9;25;220.5;"2023-06-14"
6405900;"CUST_16";"Butchers";6;35;210.0;"2024-09-10"
6406070;"CUST_02";"Food";8;22;172.0;"2024-06-08"
6407088;"CUST_22";"Milk Products";8;5;40.0;"2022-12-10"
6407417;"CUST_11";"Milk Products";6;29;174.0;"2024-12-20"
6407825;"CUST_08";"Computers and electric accessories";1;22;21.5;"2024-11-08"
6408271;"CUST_14";"Electric household essentials";9;22;193.5;"2022-11-08"
6409562;"CUST_08";"Beverages";7;25;171.5;"2024-12-16"
6411912;"CUST_17";"Electric household essentials";8;41;328.0;"2024-11-01"
6412787;"CUST_11";"Patisserie";2;22;43.0;"2023-04-06"
6414336;"CUST_01";"Furniture";8;11;88.0;"2022-01-13"
6414347;"CUST_25";"Milk Products";10;32;320.0;"2024-12-15"
6414764;"CUST_08";"Electric household essentials";3;16;46.5;"2022-09-08"
6415667;"CUST_10";"Computers and electric accessories";2;8;16.0;"2022-09-05"
6415831;"CUST_18";"Beverages";10;35;350.0;"2024-08-21"
6415917;"CUST_24";"Butchers";10;22;215.0;"2023-03-10"
6416009;"CUST_22";"Patisserie";4;7;26.0;"2023-01-13"
6417585;"CUST_05";"Electric household essentials";2;32;64.0;"2023-02-08"
6417718;"CUST_12";"Computers and electric accessories";6;17;102.0;"2023-04-22"
6417831;"CUST_22";"Computers and electric accessories";0;0;0.0;"2024-01-05"
6418246;"CUST_20";"Furniture";9;16;139.5;"2022-11-11"
6420393;"CUST_24";"Patisserie";10;29;290.0;"2022-03-14"
6420801;"CUST_17";"Butchers";7;8;56.0;"2024-03-10"
6421356;"CUST_21";"Food";8;17;136.0;"2024-09-01"
6421767;"CUST_01";"Food";6;20;120.0;"2022-04-06"
6422350;"CUST_11";"Butchers";2;38;76.0;"2024-06-06"
6423634;"CUST_02";"Patisserie";5;25;122.5;"2024-08-02"
6424495;"CUST_06";"Computers and electric accessories";9;8;72.0;"2023-05-21"
6425374;"CUST_04";"Furniture";2;34;67.0;"2023-08-04"
6426118;"CUST_10";"Butchers";9;23;207.0;"2022-08-09"
6427135;"CUST_10";"Beverages";2;22;43.0;"2023-11-09"
6429023;"CUST_13";"Patisserie";5;14;70.0;"2022-10-06"
6429558;"CUST_05";"Beverages";8;11;88.0;"2024-02-18"
6429566;"CUST_01";"Milk Products";3;40;118.5;"2023-03-08"
6429820;"CUST_08";"Electric household essentials";8;17;136.0;"2024-01-31"
6430445;"CUST_20";"Computers and electric accessories";9;37;328.5;"2023-02-06"
6431534;"CUST_21";"Beverages";5;11;55.0;"2023-06-21"
6432290;"CUST_17";"Food";5;17;85.0;"2024-09-25"
6433419;"CUST_01";"Patisserie";2;22;43.0;"2024-06-19"
6434080;"CUST_01";"Butchers";0;0;0.0;"2022-06-02"
6434099;"CUST_25";"Patisserie";0;0;0.0;"2024-08-08"
6434833;"CUST_20";"Food";6;35;210.0;"2022-09-15"
6434836;"CUST_17";"Patisserie";7;22;150.5;"2024-05-16"
6437047;"CUST_03";"Electric household essentials";7;37;255.5;"2023-03-28"
6437443;"CUST_24";"Patisserie";8;10;76.0;"2024-11-26"
6437858;"CUST_08";"Electric household essentials";10;17;170.0;"2024-10-03"
6438974;"CUST_17";"Computers and electric accessories";5;19;92.5;"2024-06-29"
6439601;"CUST_09";"Milk Products";5;17;85.0;"2023-11-16"
6439849;"CUST_24";"Patisserie";3;41;123.0;"2022-10-01"
6440331;"CUST_17";"Milk Products";2;32;64.0;"2022-03-31"
6440445;"CUST_15";"Furniture";3;32;96.0;"2024-05-10"
6440999;"CUST_04";"Milk Products";2;16;31.0;"2022-06-28"
6441457;"CUST_21";"Beverages";2;22;43.0;"2023-01-17"
6442349;"CUST_17";"Milk Products";5;28;137.5;"2025-01-01"
6442602;"CUST_11";"Computers and electric accessories";4;11;44.0;"2023-12-22"
6442868;"CUST_02";"Food";3;22;64.5;"2023-06-13"
6445701;"CUST_04";"Furniture";4;14;56.0;"2023-01-28"
6445899;"CUST_19";"Patisserie";3;40;118.5;"2024-11-14"
6447649;"CUST_09";"Food";4;25;98.0;"2024-08-12"
6447825;"CUST_19";"Food";7;29;203.0;"2024-07-01"
6448726;"CUST_10";"Butchers";10;8;80.0;"2022-12-07"
6449718;"CUST_12";"Beverages";3;22;64.5;"2022-06-18"
6449781;"CUST_12";"Food";3;10;28.5;"2022-03-30"
6450000;"CUST_06";"Patisserie";10;38;380.0;"2022-01-02"
6450172;"CUST_06";"Milk Products";8;40;316.0;"2022-08-09"
6450930;"CUST_21";"Beverages";9;16;139.5;"2023-12-06"
6451411;"CUST_22";"Milk Products";6;7;39.0;"2023-12-31"
6452259;"CUST_22";"Beverages";4;28;110.0;"2023-04-25"
6452444;"CUST_09";"Food";6;11;66.0;"2024-04-20"
6453492;"CUST_15";"Food";9;22;193.5;"2022-06-12"
6454214;"CUST_11";"Patisserie";2;38;76.0;"2024-07-23"
6454565;"CUST_24";"Furniture";3;13;37.5;"2022-05-07"
6454872;"CUST_03";"Furniture";7;41;287.0;"2024-03-07"
6454963;"CUST_06";"Milk Products";9;28;247.5;"2022-04-19"
6457304;"CUST_09";"Patisserie";4;29;116.0;"2023-09-26"
6457330;"CUST_19";"Beverages";5;29;145.0;"2023-01-14"
6457506;"CUST_11";"Furniture";1;14;14.0;"2023-04-15"
6457805;"CUST_12";"Electric household essentials";4;20;80.0;"2024-02-27"
6459760;"CUST_09";"Milk Products";3;5;15.0;"2023-10-25"
6460758;"CUST_13";"Patisserie";4;41;164.0;"2023-07-29"
6460857;"CUST_06";"Computers and electric accessories";6;35;210.0;"2022-02-23"
6461021;"CUST_11";"Milk Products";9;8;72.0;"2022-10-16"
6461094;"CUST_19";"Beverages";3;7;19.5;"2024-04-04"
6461820;"CUST_18";"Food";0;0;0.0;"2023-11-29"
6462908;"CUST_19";"Beverages";8;41;328.0;"2024-09-18"
6462918;"CUST_07";"Electric household essentials";7;13;87.5;"2024-04-15"
6467014;"CUST_02";"Milk Products";9;7;58.5;"2023-08-06"
6468939;"CUST_24";"Beverages";6;26;156.0;"2023-07-22"
6469412;"CUST_15";"Beverages";1;8;8.0;"2023-04-04"
6470137;"CUST_10";"Milk Products";5;32;160.0;"2024-07-20"
6470413;"CUST_11";"Beverages";5;7;32.5;"2022-09-18"
6470632;"CUST_10";"Food";10;25;245.0;"2023-04-08"
6471352;"CUST_17";"Beverages";4;20;80.0;"2025-01-05"
6471785;"CUST_06";"Food";1;41;41.0;"2024-01-30"
6473121;"CUST_08";"Patisserie";4;23;92.0;"2022-06-08"
6473625;"CUST_20";"Electric household essentials";7;20;140.0;"2024-04-25"
6474038;"CUST_05";"Butchers";10;7;65.0;"2023-01-08"
6474195;"CUST_16";"Electric household essentials";1;10;9.5;"2024-07-16"
6474835;"CUST_19";"Butchers";10;13;125.0;"2024-07-26"
6476117;"CUST_16";"Patisserie";3;17;51.0;"2025-01-16"
6476793;"CUST_24";"Computers and electric accessories";2;31;61.0;"2022-11-05"
6478003;"CUST_02";"Patisserie";3;34;100.5;"2025-01-13"
6478148;"CUST_12";"Butchers";2;23;46.0;"2024-09-09"
6478731;"CUST_15";"Furniture";6;13;75.0;"2022-02-21"
6480679;"CUST_13";"Butchers";9;38;342.0;"2024-04-10"
6481216;"CUST_18";"Electric household essentials";5;25;122.5;"2023-11-17"
6481590;"CUST_22";"Beverages";7;22;150.5;"2022-08-24"
6481866;"CUST_06";"Computers and electric accessories";7;20;140.0;"2025-01-08"
6483370;"CUST_25";"Food";2;35;70.0;"2023-06-21"
6483684;"CUST_10";"Patisserie";9;10;85.5;"2024-03-09"
6484421;"CUST_08";"Food";9;13;112.5;"2022-11-06"
6485374;"CUST_18";"Patisserie";8;31;244.0;"2024-05-20"
6486541;"CUST_22";"Butchers";7;41;287.0;"2023-09-29"
6489506;"CUST_01";"Furniture";5;23;115.0;"2023-12-25"
6490027;"CUST_19";"Beverages";9;35;315.0;"2024-08-20"
6490151;"CUST_08";"Computers and electric accessories";4;35;140.0;"2024-10-17"
6490745;"CUST_04";"Food";7;23;161.0;"2024-12-01"
6490751;"CUST_07";"Electric household essentials";1;16;15.5;"2023-04-27"
6491456;"CUST_04";"Computers and electric accessories";6;8;48.0;"2023-12-21"
6491775;"CUST_06";"Electric household essentials";5;11;55.0;"2023-06-29"
6492020;"CUST_18";"Computers and electric accessories";3;14;42.0;"2022-05-03"
6492305;"CUST_23";"Electric household essentials";10;37;365.0;"2024-06-13"
6492555;"CUST_13";"Milk Products";4;20;80.0;"2024-09-05"
6493139;"CUST_06";"Butchers";0;0;0.0;"2024-08-22"
6494793;"CUST_01";"Computers and electric accessories";7;37;255.5;"2023-07-16"
6494987;"CUST_21";"Beverages";7;32;224.0;"2022-05-04"
6495763;"CUST_17";"Butchers";8;38;304.0;"2023-09-26"
6496274;"CUST_19";"Food";3;40;118.5;"2024-01-03"
6496740;"CUST_24";"Food";8;11;88.0;"2023-02-11"
6497599;"CUST_21";"Electric household essentials";10;31;305.0;"2023-01-23"
6498807;"CUST_13";"Electric household essentials";3;20;60.0;"2024-08-20"
6499717;"CUST_06";"Computers and electric accessories";5;28;137.5;"2024-07-15"
6499936;"CUST_12";"Food";7;31;213.5;"2023-02-16"
6500125;"CUST_08";"Computers and electric accessories";8;34;268.0;"2024-11-09"
6500682;"CUST_19";"Butchers";1;10;9.5;"2022-03-20"
6500890;"CUST_07";"Electric household essentials";5;10;47.5;"2024-03-15"
6500900;"CUST_08";"Patisserie";4;5;20.0;"2022-06-22"
6501235;"CUST_02";"Patisserie";9;38;342.0;"2024-10-23"
6501326;"CUST_05";"Beverages";8;35;280.0;"2023-07-04"
6501945;"CUST_25";"Patisserie";5;19;92.5;"2023-12-03"
6502014;"CUST_15";"Patisserie";3;19;55.5;"2022-03-29"
6505976;"CUST_16";"Milk Products";1;32;32.0;"2023-08-24"
6506236;"CUST_07";"Patisserie";1;29;29.0;"2022-12-25"
6506416;"CUST_02";"Furniture";5;25;122.5;"2024-07-24"
6508162;"CUST_06";"Beverages";2;40;79.0;"2024-05-08"
6509362;"CUST_16";"Furniture";9;28;247.5;"2022-05-05"
6509376;"CUST_01";"Food";7;23;161.0;"2024-11-02"
6509903;"CUST_21";"Furniture";2;11;22.0;"2022-08-26"
6510149;"CUST_01";"Electric household essentials";8;22;172.0;"2024-08-19"
6510355;"CUST_13";"Food";10;20;200.0;"2023-06-15"
6510550;"CUST_11";"Beverages";3;34;100.5;"2022-03-11"
6513125;"CUST_14";"Beverages";10;41;410.0;"2023-05-20"
6514016;"CUST_22";"Electric household essentials";6;26;156.0;"2023-12-16"
6516663;"CUST_15";"Butchers";9;31;274.5;"2022-02-24"
6516845;"CUST_07";"Food";1;29;29.0;"2022-09-11"
6516879;"CUST_25";"Patisserie";2;22;43.0;"2023-06-30"
6517884;"CUST_20";"Computers and electric accessories";6;32;192.0;"2024-05-23"
6518451;"CUST_11";"Food";8;26;208.0;"2024-08-01"
6519165;"CUST_13";"Food";7;31;213.5;"2023-06-09"
6519351;"CUST_10";"Electric household essentials";6;5;30.0;"2023-03-29"
6522171;"CUST_24";"Beverages";7;32;224.0;"2024-01-31"
6522433;"CUST_22";"Computers and electric accessories";0;0;0.0;"2024-10-19"
6522613;"CUST_19";"Computers and electric accessories";0;0;0.0;"2023-04-13"
6523729;"CUST_14";"Furniture";10;11;110.0;"2024-06-14"
6524933;"CUST_15";"Food";10;37;365.0;"2022-03-13"
6526512;"CUST_06";"Electric household essentials";5;38;190.0;"2022-12-24"
6528218;"CUST_17";"Beverages";9;40;355.5;"2023-12-20"
6528640;"CUST_08";"Furniture";9;25;220.5;"2022-02-18"
6529007;"CUST_10";"Milk Products";6;14;84.0;"2023-06-03"
6529390;"CUST_04";"Computers and electric accessories";8;41;328.0;"2022-11-26"
6529533;"CUST_09";"Computers and electric accessories";7;22;150.5;"2024-06-18"
6530143;"CUST_17";"Butchers";6;8;48.0;"2023-10-12"
6530329;"CUST_10";"Computers and electric accessories";8;17;136.0;"2024-04-29"
6530858;"CUST_08";"Beverages";2;31;61.0;"2024-05-25"
6531036;"CUST_17";"Milk Products";4;5;20.0;"2023-07-07"
6532456;"CUST_24";"Computers and electric accessories";10;32;320.0;"2024-07-12"
6533357;"CUST_21";"Milk Products";8;20;160.0;"2022-04-18"
6533363;"CUST_20";"Food";3;23;69.0;"2022-09-13"
6533713;"CUST_21";"Food";2;25;49.0;"2024-10-04"
6533918;"CUST_07";"Furniture";10;40;395.0;"2022-12-03"
6538434;"CUST_12";"Electric household essentials";5;29;145.0;"2022-03-02"
6539175;"CUST_18";"Furniture";10;19;185.0;"2024-09-09"
6540041;"CUST_12";"Furniture";10;32;320.0;"2023-11-19"
6541492;"CUST_14";"Electric household essentials";4;20;80.0;"2023-05-02"
6541597;"CUST_05";"Patisserie";1;26;26.0;"2024-08-12"
6543986;"CUST_18";"Butchers";10;37;365.0;"2024-10-12"
6544317;"CUST_22";"Milk Products";10;20;200.0;"2022-07-20"
6544404;"CUST_21";"Computers and electric accessories";6;19;111.0;"2023-03-04"
6545897;"CUST_06";"Patisserie";2;31;61.0;"2022-01-07"
6546488;"CUST_02";"Milk Products";9;11;99.0;"2023-01-29"
6546571;"CUST_09";"Butchers";5;13;62.5;"2023-07-28"
6547964;"CUST_10";"Electric household essentials";7;10;66.5;"2022-08-15"
6547993;"CUST_25";"Food";9;20;180.0;"2023-01-25"
6548842;"CUST_06";"Electric household essentials";3;13;37.5;"2022-06-01"
6549525;"CUST_22";"Beverages";7;25;171.5;"2023-10-02"
6551677;"CUST_23";"Computers and electric accessories";9;26;234.0;"2024-11-10"
6553626;"CUST_23";"Computers and electric accessories";3;5;15.0;"2022-05-19"
6553703;"CUST_23";"Food";7;17;119.0;"2024-05-22"
6553826;"CUST_14";"Food";9;23;207.0;"2023-01-21"
6554226;"CUST_04";"Beverages";2;41;82.0;"2022-01-02"
6555691;"CUST_19";"Food";8;19;148.0;"2024-08-24"
6555696;"CUST_23";"Computers and electric accessories";9;11;99.0;"2022-05-27"
6556712;"CUST_15";"Milk Products";0;0;0.0;"2024-04-22"
6557660;"CUST_11";"Butchers";10;31;305.0;"2024-01-13"
6559162;"CUST_14";"Food";9;29;261.0;"2024-01-26"
6559568;"CUST_07";"Beverages";2;31;61.0;"2024-01-12"
6560074;"CUST_16";"Patisserie";10;22;215.0;"2024-05-08"
6560278;"CUST_12";"Furniture";1;41;41.0;"2025-01-03"
6562034;"CUST_16";"Food";4;41;164.0;"2023-02-08"
6562327;"CUST_14";"Food";8;17;136.0;"2022-05-23"
6562777;"CUST_01";"Butchers";8;7;52.0;"2022-12-09"
6562922;"CUST_01";"Food";6;31;183.0;"2024-09-13"
6562987;"CUST_20";"Computers and electric accessories";4;22;86.0;"2024-06-19"
6563779;"CUST_22";"Food";1;35;35.0;"2023-07-27"
6564035;"CUST_10";"Electric household essentials";9;26;234.0;"2024-09-07"
6564279;"CUST_25";"Computers and electric accessories";3;23;69.0;"2022-02-02"
6566133;"CUST_04";"Butchers";9;14;126.0;"2022-07-27"
6567750;"CUST_05";"Furniture";4;25;98.0;"2022-10-26"
6568002;"CUST_02";"Beverages";9;35;315.0;"2024-04-15"
6568038;"CUST_05";"Computers and electric accessories";2;40;79.0;"2023-12-16"
6568290;"CUST_06";"Computers and electric accessories";9;19;166.5;"2024-09-05"
6568701;"CUST_08";"Patisserie";3;23;69.0;"2022-03-18"
6569223;"CUST_25";"Furniture";6;35;210.0;"2024-10-02"
6569285;"CUST_24";"Butchers";1;10;9.5;"2022-02-21"
6569366;"CUST_24";"Electric household essentials";7;37;255.5;"2024-04-06"
6569610;"CUST_12";"Computers and electric accessories";6;23;138.0;"2024-01-20"
6569843;"CUST_04";"Beverages";6;31;183.0;"2022-06-28"
6570351;"CUST_15";"Furniture";8;35;280.0;"2023-06-25"
6571048;"CUST_07";"Food";1;5;5.0;"2023-08-31"
6572288;"CUST_09";"Butchers";8;8;64.0;"2023-03-01"
6573079;"CUST_02";"Milk Products";7;28;192.5;"2022-10-24"
6573349;"CUST_20";"Beverages";8;31;244.0;"2024-07-19"
6573538;"CUST_16";"Computers and electric accessories";10;28;275.0;"2024-06-24"
6574877;"CUST_12";"Patisserie";8;34;268.0;"2023-10-10"
6575376;"CUST_08";"Butchers";10;38;380.0;"2023-09-02"
6576319;"CUST_24";"Milk Products";3;26;78.0;"2022-03-01"
6576457;"CUST_19";"Patisserie";10;17;170.0;"2022-03-17"
6576597;"CUST_03";"Computers and electric accessories";9;19;166.5;"2023-02-09"
6577096;"CUST_05";"Butchers";2;37;73.0;"2022-06-01"
6577325;"CUST_18";"Food";4;34;134.0;"2023-06-14"
6580606;"CUST_16";"Computers and electric accessories";3;32;96.0;"2023-11-21"
6580825;"CUST_05";"Beverages";9;40;355.5;"2024-05-03"
6580870;"CUST_02";"Patisserie";5;22;107.5;"2022-04-27"
6581631;"CUST_04";"Milk Products";5;5;25.0;"2022-08-07"
6582092;"CUST_18";"Beverages";1;22;21.5;"2024-04-09"
6582130;"CUST_03";"Electric household essentials";9;23;207.0;"2024-12-25"
6582263;"CUST_12";"Butchers";3;28;82.5;"2022-04-03"
6582789;"CUST_24";"Computers and electric accessories";4;19;74.0;"2023-01-23"
6583453;"CUST_01";"Food";3;19;55.5;"2024-11-04"
6583535;"CUST_24";"Computers and electric accessories";1;38;38.0;"2023-12-07"
6583758;"CUST_14";"Furniture";6;16;93.0;"2024-04-21"
6585500;"CUST_25";"Electric household essentials";0;0;0.0;"2022-10-09"
6586324;"CUST_15";"Butchers";6;31;183.0;"2024-05-08"
6587636;"CUST_13";"Patisserie";7;28;192.5;"2022-04-30"
6587902;"CUST_24";"Milk Products";8;37;292.0;"2024-05-14"
6589273;"CUST_07";"Computers and electric accessories";3;34;100.5;"2022-03-25"
6590263;"CUST_14";"Patisserie";7;5;35.0;"2024-12-11"
6590291;"CUST_07";"Patisserie";3;14;42.0;"2022-05-01"
6590458;"CUST_21";"Beverages";2;8;16.0;"2024-01-29"
6590577;"CUST_05";"Computers and electric accessories";5;25;122.5;"2023-02-16"
6590776;"CUST_24";"Beverages";6;28;165.0;"2022-12-11"
6591705;"CUST_08";"Butchers";6;37;219.0;"2023-04-01"
6593922;"CUST_18";"Food";9;25;220.5;"2024-09-18"
6593940;"CUST_04";"Milk Products";3;38;114.0;"2024-07-26"
6594654;"CUST_22";"Patisserie";9;11;99.0;"2023-10-11"
6595084;"CUST_25";"Butchers";8;16;124.0;"2023-06-24"
6595410;"CUST_25";"Electric household essentials";4;11;44.0;"2022-08-16"
6595686;"CUST_18";"Milk Products";0;0;0.0;"2023-11-13"
6595811;"CUST_24";"Butchers";3;22;64.5;"2024-08-22"
6596970;"CUST_25";"Food";6;22;129.0;"2023-10-29"
6598320;"CUST_06";"Food";4;13;50.0;"2024-05-05"
6598342;"CUST_06";"Computers and electric accessories";10;16;155.0;"2024-04-19"
6599014;"CUST_19";"Furniture";5;11;55.0;"2024-01-02"
6600014;"CUST_15";"Patisserie";2;14;28.0;"2022-02-10"
6600756;"CUST_18";"Food";7;25;171.5;"2023-05-19"
6600908;"CUST_14";"Food";6;25;147.0;"2023-08-25"
6601827;"CUST_08";"Beverages";7;16;108.5;"2022-03-18"
6603466;"CUST_22";"Furniture";9;7;58.5;"2023-08-26"
6603467;"CUST_10";"Computers and electric accessories";10;20;200.0;"2023-09-19"
6603773;"CUST_11";"Electric household essentials";6;16;93.0;"2024-03-29"
6604135;"CUST_22";"Electric household essentials";8;25;196.0;"2023-01-15"
6605932;"CUST_20";"Beverages";10;28;275.0;"2023-08-15"
6606275;"CUST_18";"Furniture";8;7;52.0;"2022-02-28"
6606292;"CUST_19";"Beverages";5;37;182.5;"2023-12-21"
6607116;"CUST_09";"Food";3;10;28.5;"2022-01-23"
6607897;"CUST_20";"Milk Products";8;14;112.0;"2022-10-02"
6608719;"CUST_03";"Patisserie";2;14;28.0;"2022-05-27"
6609162;"CUST_23";"Milk Products";5;37;182.5;"2024-02-18"
6609436;"CUST_22";"Food";8;11;88.0;"2023-04-15"
6609828;"CUST_07";"Food";5;8;40.0;"2022-04-06"
6609869;"CUST_08";"Milk Products";10;29;290.0;"2024-11-02"
6610318;"CUST_24";"Electric household essentials";4;5;20.0;"2023-04-19"
6610649;"CUST_22";"Beverages";1;14;14.0;"2024-06-17"
6612014;"CUST_22";"Furniture";4;5;20.0;"2023-11-05"
6612546;"CUST_05";"Beverages";3;40;118.5;"2023-10-31"
6614330;"CUST_08";"Beverages";7;16;108.5;"2023-02-01"
6614992;"CUST_21";"Furniture";6;28;165.0;"2023-12-20"
6615544;"CUST_07";"Furniture";1;11;11.0;"2024-09-01"
6615635;"CUST_22";"Furniture";0;0;0.0;"2023-03-20"
6615723;"CUST_22";"Milk Products";8;13;100.0;"2022-02-27"
6615809;"CUST_20";"Computers and electric accessories";0;0;0.0;"2023-06-22"
6615966;"CUST_17";"Milk Products";6;38;228.0;"2023-09-05"
6616600;"CUST_17";"Food";4;20;80.0;"2022-11-20"
6617081;"CUST_10";"Electric household essentials";3;23;69.0;"2022-05-02"
6617830;"CUST_23";"Patisserie";10;23;230.0;"2024-02-28"
6618312;"CUST_13";"Patisserie";3;13;37.5;"2022-07-09"
6618865;"CUST_21";"Furniture";9;40;355.5;"2023-03-02"
6619000;"CUST_16";"Furniture";10;22;215.0;"2024-05-02"
6619258;"CUST_21";"Butchers";1;8;8.0;"2023-12-27"
6620511;"CUST_07";"Furniture";3;38;114.0;"2022-07-29"
6621029;"CUST_17";"Milk Products";8;28;220.0;"2023-01-27"
6621370;"CUST_14";"Computers and electric accessories";2;28;55.0;"2023-12-24"
6622369;"CUST_04";"Butchers";7;11;77.0;"2023-10-08"
6623586;"CUST_13";"Computers and electric accessories";3;11;33.0;"2022-02-17"
6625191;"CUST_22";"Beverages";8;25;196.0;"2022-05-23"
6627221;"CUST_17";"Food";2;25;49.0;"2023-08-03"
6628977;"CUST_05";"Food";7;23;161.0;"2023-08-24"
6629897;"CUST_11";"Beverages";7;31;213.5;"2024-03-05"
6630344;"CUST_04";"Milk Products";8;14;112.0;"2023-02-24"
6630594;"CUST_07";"Milk Products";5;8;40.0;"2023-12-03"
6631615;"CUST_15";"Milk Products";3;37;109.5;"2022-07-08"
6632197;"CUST_07";"Computers and electric accessories";4;19;74.0;"2022-09-15"
6632861;"CUST_16";"Furniture";8;5;40.0;"2023-08-22"
6632930;"CUST_03";"Patisserie";1;41;41.0;"2022-02-17"
6633737;"CUST_03";"Beverages";10;31;305.0;"2023-07-12"
6633776;"CUST_12";"Beverages";6;32;192.0;"2023-07-06"
6634398;"CUST_08";"Butchers";9;32;288.0;"2024-01-24"
6635815;"CUST_03";"Butchers";2;38;76.0;"2022-02-05"
6636272;"CUST_14";"Beverages";5;14;70.0;"2022-10-03"
6636511;"CUST_06";"Computers and electric accessories";6;34;201.0;"2024-04-23"
6636583;"CUST_20";"Patisserie";3;28;82.5;"2024-01-06"
6636773;"CUST_05";"Electric household essentials";9;38;342.0;"2022-09-02"
6637102;"CUST_08";"Furniture";10;7;65.0;"2023-08-22"
6638995;"CUST_03";"Patisserie";9;34;301.5;"2023-01-06"
6639076;"CUST_08";"Butchers";3;8;24.0;"2024-08-08"
6639197;"CUST_10";"Electric household essentials";4;38;152.0;"2023-06-20"
6639567;"CUST_08";"Furniture";10;35;350.0;"2024-06-30"
6640306;"CUST_08";"Electric household essentials";4;37;146.0;"2023-04-05"
6640803;"CUST_17";"Patisserie";8;8;64.0;"2022-09-09"
6641377;"CUST_06";"Butchers";8;31;244.0;"2023-12-11"
6642052;"CUST_05";"Beverages";2;14;28.0;"2024-04-18"
6643496;"CUST_23";"Food";6;17;102.0;"2023-02-15"
6644662;"CUST_19";"Food";9;13;112.5;"2022-07-25"
6645010;"CUST_12";"Food";2;35;70.0;"2025-01-12"
6646935;"CUST_19";"Patisserie";9;29;261.0;"2023-03-05"
6647013;"CUST_02";"Butchers";7;11;77.0;"2024-05-30"
6648814;"CUST_10";"Butchers";9;31;274.5;"2022-10-14"
6649427;"CUST_14";"Computers and electric accessories";6;20;120.0;"2022-01-24"
6651159;"CUST_15";"Computers and electric accessories";7;32;224.0;"2022-12-22"
6651280;"CUST_18";"Patisserie";6;28;165.0;"2022-12-05"
6651579;"CUST_02";"Furniture";8;11;88.0;"2024-10-16"
6651911;"CUST_22";"Food";10;41;410.0;"2022-01-28"
6655731;"CUST_07";"Computers and electric accessories";3;35;105.0;"2023-01-18"
6656161;"CUST_09";"Butchers";6;35;210.0;"2023-12-23"
6657037;"CUST_08";"Food";2;34;67.0;"2022-04-14"
6657055;"CUST_05";"Butchers";4;8;32.0;"2022-12-02"
6657595;"CUST_12";"Beverages";3;22;64.5;"2022-04-07"
6659981;"CUST_17";"Beverages";9;17;153.0;"2023-06-19"
6660227;"CUST_25";"Computers and electric accessories";1;11;11.0;"2022-04-18"
6660687;"CUST_02";"Furniture";9;29;261.0;"2024-12-27"
6661813;"CUST_16";"Milk Products";9;14;126.0;"2023-05-02"
6662670;"CUST_10";"Furniture";7;38;266.0;"2024-10-11"
6663151;"CUST_20";"Patisserie";5;8;40.0;"2024-02-26"
6663420;"CUST_21";"Food";7;41;287.0;"2023-06-12"
6664172;"CUST_21";"Food";0;0;0.0;"2023-03-01"
6664485;"CUST_14";"Food";3;8;24.0;"2024-10-12"
6665991;"CUST_08";"Patisserie";1;29;29.0;"2024-06-27"
6666458;"CUST_21";"Furniture";2;40;79.0;"2023-03-29"
6666623;"CUST_22";"Milk Products";8;20;160.0;"2022-09-28"
6666804;"CUST_05";"Milk Products";5;14;70.0;"2024-05-12"
6666892;"CUST_01";"Beverages";3;20;60.0;"2023-05-22"
6667216;"CUST_07";"Patisserie";7;10;66.5;"2023-01-15"
6667228;"CUST_02";"Butchers";2;13;25.0;"2022-10-09"
6668642;"CUST_20";"Electric household essentials";7;10;66.5;"2024-03-24"
6669340;"CUST_05";"Electric household essentials";2;26;52.0;"2022-04-22"
6672586;"CUST_12";"Computers and electric accessories";4;38;152.0;"2023-06-10"
6672762;"CUST_05";"Furniture";4;41;164.0;"2022-09-30"
6673236;"CUST_22";"Milk Products";5;28;137.5;"2022-10-05"
6676210;"CUST_02";"Computers and electric accessories";8;29;232.0;"2023-11-27"
6677596;"CUST_09";"Milk Products";0;0;0.0;"2024-12-02"
6677671;"CUST_09";"Electric household essentials";3;20;60.0;"2022-04-27"
6677830;"CUST_25";"Electric household essentials";2;28;55.0;"2022-12-22"
6677921;"CUST_01";"Electric household essentials";8;11;88.0;"2024-12-07"
6678768;"CUST_17";"Milk Products";9;20;180.0;"2022-10-24"
6679024;"CUST_01";"Beverages";6;7;39.0;"2022-05-30"
6679357;"CUST_06";"Patisserie";9;29;261.0;"2024-05-18"
6680454;"CUST_25";"Electric household essentials";8;11;88.0;"2022-03-14"
6681054;"CUST_04";"Furniture";4;35;140.0;"2024-02-06"
6681572;"CUST_12";"Electric household essentials";9;10;85.5;"2024-03-17"
6682387;"CUST_17";"Furniture";5;41;205.0;"2023-03-03"
6682588;"CUST_02";"Furniture";0;0;0.0;"2022-03-06"
6683839;"CUST_18";"Computers and electric accessories";3;37;109.5;"2024-05-18"
6684210;"CUST_11";"Electric household essentials";3;17;51.0;"2023-02-16"
6684801;"CUST_19";"Beverages";5;40;197.5;"2024-09-02"
6685616;"CUST_08";"Butchers";2;7;13.0;"2022-01-21"
6685805;"CUST_23";"Beverages";1;31;30.5;"2023-10-06"
6686319;"CUST_04";"Butchers";7;35;245.0;"2023-12-02"
6687809;"CUST_20";"Butchers";10;22;215.0;"2023-03-14"
6687829;"CUST_05";"Food";7;8;56.0;"2022-07-16"
6688533;"CUST_16";"Computers and electric accessories";1;35;35.0;"2023-11-09"
6688642;"CUST_25";"Butchers";3;23;69.0;"2023-12-20"
6689339;"CUST_23";"Electric household essentials";7;28;192.5;"2023-07-04"
6689708;"CUST_05";"Beverages";8;37;292.0;"2024-09-12"
6690069;"CUST_22";"Patisserie";1;22;21.5;"2022-08-03"
6691072;"CUST_02";"Electric household essentials";5;26;130.0;"2024-04-15"
6693065;"CUST_24";"Food";8;41;328.0;"2022-09-02"
6693770;"CUST_04";"Patisserie";4;31;122.0;"2024-06-03"
6695324;"CUST_01";"Electric household essentials";8;17;136.0;"2023-04-23"
6696122;"CUST_03";"Beverages";7;38;266.0;"2024-01-07"
6696518;"CUST_20";"Computers and electric accessories";6;11;66.0;"2024-10-20"
6696792;"CUST_19";"Furniture";8;41;328.0;"2022-05-30"
6696815;"CUST_21";"Computers and electric accessories";9;16;139.5;"2022-12-10"
6697034;"CUST_02";"Electric household essentials";10;23;230.0;"2022-06-28"
6698228;"CUST_15";"Butchers";1;41;41.0;"2023-10-03"
6698401;"CUST_02";"Electric household essentials";3;41;123.0;"2024-07-02"
6698554;"CUST_21";"Food";6;16;93.0;"2023-12-06"
6699706;"CUST_23";"Furniture";1;14;14.0;"2023-12-31"
6699940;"CUST_07";"Butchers";9;20;180.0;"2022-07-16"
6700115;"CUST_19";"Patisserie";5;35;175.0;"2022-02-07"
6700560;"CUST_12";"Patisserie";4;11;44.0;"2022-09-05"
6701976;"CUST_12";"Electric household essentials";6;35;210.0;"2023-09-24"
6702052;"CUST_19";"Butchers";3;26;78.0;"2023-08-16"
6702252;"CUST_23";"Food";4;31;122.0;"2024-09-11"
6703348;"CUST_08";"Food";6;31;183.0;"2024-10-26"
6705072;"CUST_12";"Milk Products";2;5;10.0;"2022-09-01"
6705277;"CUST_03";"Computers and electric accessories";4;34;134.0;"2022-12-30"
6706381;"CUST_22";"Butchers";10;13;125.0;"2022-08-15"
6706656;"CUST_05";"Electric household essentials";7;5;35.0;"2022-03-10"
6706915;"CUST_02";"Milk Products";8;31;244.0;"2024-12-04"
6707919;"CUST_04";"Butchers";10;7;65.0;"2024-09-29"
6709210;"CUST_14";"Patisserie";7;40;276.5;"2023-01-07"
6709296;"CUST_01";"Computers and electric accessories";2;29;58.0;"2024-08-09"
6709663;"CUST_05";"Food";0;0;0.0;"2022-10-23"
6710021;"CUST_02";"Furniture";7;17;119.0;"2022-05-21"
6711906;"CUST_09";"Milk Products";1;23;23.0;"2022-01-09"
6712220;"CUST_17";"Food";2;23;46.0;"2022-07-13"
6713692;"CUST_24";"Milk Products";7;19;129.5;"2022-07-13"
6717441;"CUST_02";"Milk Products";8;11;88.0;"2024-11-25"
6717536;"CUST_20";"Beverages";0;0;0.0;"2022-07-01"
6717903;"CUST_19";"Furniture";2;10;19.0;"2022-05-26"
6718947;"CUST_16";"Patisserie";8;16;124.0;"2024-04-07"
6720124;"CUST_09";"Computers and electric accessories";8;25;196.0;"2022-07-19"
6720752;"CUST_08";"Butchers";1;34;33.5;"2024-04-12"
6721126;"CUST_07";"Patisserie";1;19;18.5;"2024-11-05"
6722337;"CUST_24";"Beverages";6;29;174.0;"2022-11-25"
6722415;"CUST_02";"Patisserie";3;34;100.5;"2024-03-23"
6724459;"CUST_19";"Beverages";8;38;304.0;"2022-10-17"
6724745;"CUST_16";"Electric household essentials";9;34;301.5;"2022-07-25"
6724795;"CUST_16";"Beverages";8;10;76.0;"2024-08-14"
6725698;"CUST_06";"Butchers";8;23;184.0;"2024-11-03"
6726711;"CUST_21";"Milk Products";4;38;152.0;"2023-08-03"
6726738;"CUST_04";"Computers and electric accessories";3;19;55.5;"2022-09-24"
6727532;"CUST_13";"Furniture";3;34;100.5;"2024-02-06"
6727590;"CUST_06";"Computers and electric accessories";6;19;111.0;"2024-01-30"
6728454;"CUST_08";"Milk Products";3;40;118.5;"2023-10-17"
6729334;"CUST_17";"Butchers";9;37;328.5;"2023-06-20"
6729338;"CUST_07";"Beverages";6;10;57.0;"2023-08-24"
6730028;"CUST_09";"Butchers";1;38;38.0;"2024-05-18"
6730526;"CUST_20";"Patisserie";0;0;0.0;"2022-01-07"
6730547;"CUST_18";"Butchers";2;20;40.0;"2024-01-17"
6730670;"CUST_22";"Milk Products";3;29;87.0;"2022-09-28"
6730972;"CUST_22";"Butchers";4;37;146.0;"2024-09-05"
6731052;"CUST_11";"Milk Products";7;40;276.5;"2024-09-11"
6733308;"CUST_20";"Furniture";9;32;288.0;"2024-02-16"
6734279;"CUST_24";"Furniture";8;20;160.0;"2023-12-24"
6734375;"CUST_23";"Electric household essentials";8;20;160.0;"2023-08-18"
6736197;"CUST_07";"Food";0;0;0.0;"2024-12-31"
6736227;"CUST_07";"Patisserie";9;17;153.0;"2024-10-06"
6738480;"CUST_09";"Milk Products";3;8;24.0;"2022-10-20"
6739031;"CUST_14";"Butchers";0;0;0.0;"2022-04-04"
6742452;"CUST_23";"Butchers";9;32;288.0;"2024-09-30"
6742481;"CUST_05";"Food";9;23;207.0;"2023-02-02"
6743729;"CUST_15";"Patisserie";1;40;39.5;"2022-03-27"
6745168;"CUST_01";"Butchers";3;16;46.5;"2024-08-17"
6746068;"CUST_14";"Food";6;23;138.0;"2022-02-13"
6746331;"CUST_11";"Butchers";3;23;69.0;"2024-07-08"
6747818;"CUST_17";"Butchers";3;41;123.0;"2022-01-02"
6748447;"CUST_07";"Electric household essentials";2;16;31.0;"2023-08-18"
6749393;"CUST_06";"Beverages";2;37;73.0;"2024-05-02"
6749563;"CUST_15";"Milk Products";2;8;16.0;"2023-10-31"
6749795;"CUST_12";"Patisserie";0;0;0.0;"2023-08-06"
6750356;"CUST_18";"Furniture";2;35;70.0;"2023-04-03"
6750796;"CUST_09";"Milk Products";7;10;66.5;"2024-10-08"
6752216;"CUST_05";"Computers and electric accessories";5;29;145.0;"2023-04-09"
6754018;"CUST_10";"Patisserie";4;23;92.0;"2023-12-31"
6754215;"CUST_06";"Computers and electric accessories";3;22;64.5;"2024-12-23"
6755240;"CUST_12";"Furniture";1;34;33.5;"2024-05-22"
6755599;"CUST_03";"Milk Products";1;29;29.0;"2022-04-10"
6756069;"CUST_16";"Beverages";8;25;196.0;"2022-07-16"
6759122;"CUST_17";"Milk Products";7;5;35.0;"2024-09-26"
6760018;"CUST_12";"Electric household essentials";1;13;12.5;"2024-12-10"
6761654;"CUST_10";"Computers and electric accessories";5;16;77.5;"2023-07-20"
6761886;"CUST_01";"Beverages";9;35;315.0;"2024-09-18"
6764514;"CUST_04";"Electric household essentials";8;16;124.0;"2022-07-23"
6764729;"CUST_24";"Butchers";9;13;112.5;"2022-03-08"
6765122;"CUST_10";"Furniture";4;13;50.0;"2025-01-05"
6765730;"CUST_17";"Furniture";9;41;369.0;"2023-09-10"
6766113;"CUST_25";"Electric household essentials";2;22;43.0;"2024-09-22"
6766170;"CUST_04";"Butchers";6;19;111.0;"2024-06-13"
6766304;"CUST_03";"Milk Products";1;8;8.0;"2023-10-08"
6766893;"CUST_02";"Furniture";7;41;287.0;"2023-04-29"
6770695;"CUST_21";"Furniture";3;26;78.0;"2022-03-31"
6770698;"CUST_18";"Food";9;19;166.5;"2023-12-04"
6771103;"CUST_11";"Butchers";3;5;15.0;"2024-06-17"
6771805;"CUST_07";"Electric household essentials";1;14;14.0;"2023-12-18"
6771885;"CUST_25";"Patisserie";0;0;0.0;"2025-01-04"
6772439;"CUST_23";"Butchers";4;41;164.0;"2023-10-15"
6774418;"CUST_17";"Furniture";5;41;205.0;"2023-04-07"
6776764;"CUST_24";"Furniture";6;38;228.0;"2024-01-28"
6778962;"CUST_24";"Patisserie";1;22;21.5;"2022-07-16"
6780214;"CUST_05";"Food";0;0;0.0;"2022-08-15"
6780379;"CUST_17";"Beverages";8;22;172.0;"2022-02-26"
6780976;"CUST_13";"Computers and electric accessories";1;41;41.0;"2023-03-13"
6781800;"CUST_24";"Furniture";8;32;256.0;"2024-09-26"
6782085;"CUST_16";"Electric household essentials";10;38;380.0;"2024-01-29"
6783878;"CUST_22";"Food";6;41;246.0;"2024-11-03"
6784148;"CUST_07";"Computers and electric accessories";6;41;246.0;"2023-05-12"
6786260;"CUST_08";"Food";9;23;207.0;"2024-05-26"
6786362;"CUST_22";"Milk Products";8;23;184.0;"2024-05-17"
6787087;"CUST_22";"Beverages";10;25;245.0;"2022-10-06"
6787154;"CUST_25";"Butchers";7;7;45.5;"2022-04-20"
6787727;"CUST_12";"Furniture";4;13;50.0;"2022-08-07"
6789123;"CUST_10";"Computers and electric accessories";6;34;201.0;"2023-08-10"
6791698;"CUST_03";"Milk Products";2;32;64.0;"2024-01-19"
6792337;"CUST_11";"Milk Products";1;32;32.0;"2022-02-09"
6794062;"CUST_08";"Beverages";7;34;234.5;"2024-10-11"
6794150;"CUST_12";"Computers and electric accessories";10;23;230.0;"2023-12-25"
6797156;"CUST_07";"Electric household essentials";5;32;160.0;"2024-10-10"
6798190;"CUST_17";"Food";6;20;120.0;"2022-10-31"
6798539;"CUST_23";"Beverages";9;40;355.5;"2024-06-01"
6800602;"CUST_06";"Milk Products";4;5;20.0;"2022-03-03"
6800846;"CUST_13";"Furniture";7;26;182.0;"2023-11-09"
6801032;"CUST_01";"Computers and electric accessories";7;34;234.5;"2022-05-23"
6801089;"CUST_06";"Patisserie";3;31;91.5;"2022-11-20"
6803961;"CUST_05";"Butchers";5;25;122.5;"2024-05-01"
6806342;"CUST_02";"Furniture";8;8;64.0;"2022-08-13"
6806724;"CUST_14";"Furniture";4;10;38.0;"2024-04-13"
6806917;"CUST_13";"Beverages";4;31;122.0;"2024-03-22"
6807818;"CUST_21";"Patisserie";2;8;16.0;"2022-08-27"
6808396;"CUST_21";"Patisserie";5;16;77.5;"2024-04-07"
6808962;"CUST_09";"Electric household essentials";9;34;301.5;"2023-03-31"
6809427;"CUST_16";"Furniture";2;11;22.0;"2024-09-30"
6810161;"CUST_17";"Food";3;20;60.0;"2024-05-05"
6811437;"CUST_23";"Furniture";4;8;32.0;"2024-01-28"
6812056;"CUST_10";"Patisserie";10;19;185.0;"2024-07-03"
6812555;"CUST_02";"Beverages";10;41;410.0;"2024-01-24"
6816528;"CUST_25";"Patisserie";8;34;268.0;"2023-08-20"
6816540;"CUST_23";"Food";9;25;220.5;"2024-06-22"
6817577;"CUST_08";"Computers and electric accessories";1;7;6.5;"2024-03-14"
6818931;"CUST_02";"Electric household essentials";2;5;10.0;"2024-12-07"
6820010;"CUST_19";"Milk Products";1;37;36.5;"2024-09-29"
6820017;"CUST_05";"Electric household essentials";2;35;70.0;"2022-03-30"
6820348;"CUST_15";"Butchers";10;38;380.0;"2024-07-04"
6820452;"CUST_10";"Computers and electric accessories";8;40;316.0;"2023-04-18"
6821504;"CUST_05";"Butchers";5;41;205.0;"2023-12-29"
6822752;"CUST_21";"Computers and electric accessories";10;11;110.0;"2022-01-13"
6823305;"CUST_20";"Patisserie";9;38;342.0;"2023-05-25"
6824383;"CUST_13";"Computers and electric accessories";1;7;6.5;"2024-10-15"
6825299;"CUST_08";"Computers and electric accessories";2;20;40.0;"2023-11-22"
6828336;"CUST_08";"Food";8;41;328.0;"2023-09-07"
6829547;"CUST_07";"Food";8;37;292.0;"2023-09-02"
6829963;"CUST_03";"Food";4;17;68.0;"2023-12-31"
6829985;"CUST_05";"Beverages";2;8;16.0;"2023-11-22"
6830801;"CUST_14";"Milk Products";3;13;37.5;"2022-05-20"
6832172;"CUST_19";"Computers and electric accessories";6;7;39.0;"2024-01-16"
6832658;"CUST_09";"Furniture";2;13;25.0;"2023-10-10"
6832925;"CUST_13";"Food";10;23;230.0;"2022-01-31"
6833313;"CUST_15";"Butchers";7;37;255.5;"2022-07-09"
6834166;"CUST_07";"Food";7;28;192.5;"2024-02-14"
6834397;"CUST_09";"Butchers";9;34;301.5;"2022-09-29"
6834757;"CUST_08";"Milk Products";7;28;192.5;"2024-10-20"
6835888;"CUST_05";"Furniture";6;34;201.0;"2022-10-04"
6835930;"CUST_01";"Food";8;22;172.0;"2022-09-05"
6836178;"CUST_18";"Milk Products";6;16;93.0;"2022-05-27"
6837182;"CUST_18";"Computers and electric accessories";3;8;24.0;"2022-06-26"
6837191;"CUST_20";"Food";5;17;85.0;"2023-03-31"
6837418;"CUST_12";"Computers and electric accessories";4;38;152.0;"2024-09-19"
6837444;"CUST_19";"Computers and electric accessories";9;28;247.5;"2023-01-13"
6837467;"CUST_06";"Butchers";0;0;0.0;"2022-10-01"
6837562;"CUST_03";"Milk Products";6;16;93.0;"2022-07-30"
6838499;"CUST_10";"Patisserie";1;25;24.5;"2022-08-14"
6838649;"CUST_16";"Butchers";4;38;152.0;"2023-01-09"
6841543;"CUST_05";"Butchers";3;37;109.5;"2022-01-03"
6841966;"CUST_21";"Milk Products";8;5;40.0;"2024-10-17"
6842211;"CUST_22";"Food";9;22;193.5;"2024-08-16"
6842216;"CUST_10";"Butchers";6;37;219.0;"2022-01-25"
6842454;"CUST_13";"Food";1;40;39.5;"2023-08-25"
6843942;"CUST_15";"Food";8;41;328.0;"2023-03-27"
6843971;"CUST_01";"Beverages";4;41;164.0;"2022-08-07"
6845254;"CUST_24";"Milk Products";4;13;50.0;"2024-11-02"
6845708;"CUST_13";"Butchers";6;7;39.0;"2024-07-18"
6845710;"CUST_03";"Milk Products";2;20;40.0;"2024-11-23"
6849972;"CUST_15";"Food";5;22;107.5;"2024-10-13"
6850087;"CUST_11";"Computers and electric accessories";5;40;197.5;"2023-10-29"
6850311;"CUST_03";"Butchers";2;34;67.0;"2022-06-26"
6850372;"CUST_02";"Beverages";5;17;85.0;"2024-03-31"
6851086;"CUST_17";"Patisserie";9;38;342.0;"2023-08-06"
6851800;"CUST_10";"Furniture";6;17;102.0;"2023-06-13"
6852192;"CUST_11";"Patisserie";4;28;110.0;"2023-12-12"
6852196;"CUST_18";"Computers and electric accessories";8;11;88.0;"2022-02-15"
6852237;"CUST_02";"Patisserie";1;22;21.5;"2023-08-29"
6852631;"CUST_24";"Beverages";3;26;78.0;"2024-06-02"
6853941;"CUST_21";"Patisserie";4;38;152.0;"2024-12-24"
6855605;"CUST_07";"Butchers";1;26;26.0;"2024-02-09"
6856074;"CUST_10";"Computers and electric accessories";1;11;11.0;"2024-05-13"
6856774;"CUST_05";"Patisserie";3;29;87.0;"2023-02-20"
6856895;"CUST_13";"Furniture";4;16;62.0;"2022-11-17"
6857566;"CUST_23";"Computers and electric accessories";2;23;46.0;"2024-03-14"
6858321;"CUST_13";"Food";2;25;49.0;"2022-08-12"
6859723;"CUST_25";"Patisserie";5;22;107.5;"2022-01-25"
6860798;"CUST_17";"Computers and electric accessories";1;19;18.5;"2024-09-05"
6862058;"CUST_12";"Electric household essentials";6;16;93.0;"2024-11-08"
6862565;"CUST_19";"Electric household essentials";2;34;67.0;"2024-09-01"
6862740;"CUST_02";"Food";3;14;42.0;"2024-08-13"
6863516;"CUST_11";"Beverages";8;20;160.0;"2024-06-17"
6865143;"CUST_09";"Butchers";3;34;100.5;"2024-07-29"
6865387;"CUST_09";"Computers and electric accessories";8;8;64.0;"2022-12-07"
6866610;"CUST_06";"Electric household essentials";5;31;152.5;"2023-05-05"
6866868;"CUST_25";"Beverages";10;34;335.0;"2023-01-16"
6866882;"CUST_15";"Computers and electric accessories";4;7;26.0;"2023-05-05"
6866951;"CUST_04";"Electric household essentials";9;34;301.5;"2023-09-24"
6867343;"CUST_09";"Patisserie";10;19;185.0;"2024-04-08"
6867504;"CUST_04";"Computers and electric accessories";2;14;28.0;"2023-10-30"
6867521;"CUST_12";"Milk Products";6;16;93.0;"2024-12-02"
6867742;"CUST_04";"Furniture";5;20;100.0;"2024-01-05"
6868345;"CUST_25";"Beverages";6;13;75.0;"2023-11-16"
6868890;"CUST_15";"Milk Products";2;38;76.0;"2023-01-05"
6868951;"CUST_16";"Butchers";10;34;335.0;"2024-01-28"
6870623;"CUST_05";"Furniture";4;35;140.0;"2022-12-23"
6871003;"CUST_15";"Food";9;11;99.0;"2022-02-14"
6871081;"CUST_18";"Beverages";6;38;228.0;"2023-09-24"
6871367;"CUST_08";"Electric household essentials";3;13;37.5;"2023-09-02"
6873471;"CUST_11";"Patisserie";4;37;146.0;"2022-09-07"
6873651;"CUST_05";"Furniture";7;20;140.0;"2024-08-21"
6873753;"CUST_25";"Patisserie";9;10;85.5;"2022-05-26"
6873857;"CUST_11";"Electric household essentials";10;16;155.0;"2024-03-22"
6874926;"CUST_02";"Butchers";2;11;22.0;"2024-04-22"
6876092;"CUST_23";"Patisserie";8;19;148.0;"2022-12-31"
6876674;"CUST_10";"Food";0;0;0.0;"2024-05-14"
6877528;"CUST_10";"Butchers";5;35;175.0;"2022-04-19"
6878154;"CUST_14";"Butchers";5;29;145.0;"2022-04-22"
6878442;"CUST_12";"Furniture";4;5;20.0;"2022-02-23"
6879984;"CUST_10";"Butchers";3;11;33.0;"2024-10-16"
6880511;"CUST_20";"Butchers";0;0;0.0;"2023-03-04"
6881262;"CUST_03";"Milk Products";8;7;52.0;"2022-12-12"
6882208;"CUST_10";"Beverages";8;34;268.0;"2025-01-01"
6882924;"CUST_07";"Patisserie";3;25;73.5;"2023-11-15"
6883732;"CUST_24";"Computers and electric accessories";2;22;43.0;"2024-06-05"
6883886;"CUST_23";"Food";2;25;49.0;"2024-02-17"
6884026;"CUST_09";"Furniture";7;13;87.5;"2023-06-15"
6886294;"CUST_16";"Milk Products";3;28;82.5;"2023-10-30"
6886810;"CUST_12";"Computers and electric accessories";2;28;55.0;"2023-09-13"
6887267;"CUST_08";"Computers and electric accessories";10;35;350.0;"2022-01-08"
6887406;"CUST_04";"Milk Products";8;29;232.0;"2022-03-23"
6889696;"CUST_10";"Electric household essentials";3;16;46.5;"2023-06-20"
6889957;"CUST_18";"Milk Products";5;8;40.0;"2024-07-24"
6890337;"CUST_13";"Milk Products";6;29;174.0;"2023-06-17"
6890386;"CUST_18";"Food";5;25;122.5;"2023-01-27"
6890854;"CUST_16";"Beverages";7;16;108.5;"2022-02-28"
6891125;"CUST_03";"Electric household essentials";9;16;139.5;"2024-01-16"
6891915;"CUST_11";"Butchers";4;31;122.0;"2023-01-04"
6893397;"CUST_08";"Computers and electric accessories";9;7;58.5;"2023-11-18"
6893703;"CUST_13";"Patisserie";1;23;23.0;"2023-09-03"
6893842;"CUST_03";"Patisserie";9;20;180.0;"2023-03-24"
6896725;"CUST_11";"Milk Products";10;14;140.0;"2025-01-17"
6896978;"CUST_06";"Milk Products";10;8;80.0;"2022-05-29"
6897096;"CUST_06";"Furniture";10;25;245.0;"2022-06-25"
6898807;"CUST_25";"Beverages";5;20;100.0;"2022-02-12"
6900244;"CUST_15";"Beverages";6;40;237.0;"2022-06-25"
6900823;"CUST_04";"Butchers";4;8;32.0;"2024-02-27"
6900977;"CUST_13";"Beverages";7;28;192.5;"2022-01-26"
6901057;"CUST_16";"Beverages";0;0;0.0;"2024-08-31"
6902290;"CUST_17";"Beverages";8;7;52.0;"2024-10-13"
6902800;"CUST_24";"Beverages";4;37;146.0;"2023-08-17"
6902939;"CUST_05";"Electric household essentials";2;13;25.0;"2022-12-13"
6903090;"CUST_08";"Beverages";7;8;56.0;"2022-10-11"
6904028;"CUST_08";"Butchers";10;34;335.0;"2022-01-31"
6906173;"CUST_02";"Patisserie";7;14;98.0;"2024-11-04"
6906730;"CUST_09";"Patisserie";9;26;234.0;"2023-10-02"
6908058;"CUST_25";"Computers and electric accessories";10;16;155.0;"2023-07-22"
6908414;"CUST_24";"Milk Products";9;20;180.0;"2024-11-27"
6908704;"CUST_16";"Electric household essentials";0;0;0.0;"2024-02-04"
6909418;"CUST_08";"Electric household essentials";1;38;38.0;"2024-11-11"
6910028;"CUST_23";"Food";2;14;28.0;"2022-04-03"
6910697;"CUST_05";"Milk Products";3;8;24.0;"2022-04-01"
6911766;"CUST_21";"Milk Products";2;13;25.0;"2022-05-08"
6912528;"CUST_08";"Computers and electric accessories";7;41;287.0;"2024-04-13"
6912966;"CUST_19";"Butchers";6;34;201.0;"2024-10-10"
6913140;"CUST_02";"Patisserie";7;26;182.0;"2024-07-08"
6915562;"CUST_03";"Electric household essentials";7;7;45.5;"2022-12-19"
6917255;"CUST_07";"Food";6;16;93.0;"2024-07-31"
6917746;"CUST_05";"Computers and electric accessories";0;0;0.0;"2022-09-17"
6917797;"CUST_17";"Beverages";7;29;203.0;"2023-06-14"
6918343;"CUST_20";"Electric household essentials";6;37;219.0;"2024-10-30"
6919349;"CUST_16";"Computers and electric accessories";9;29;261.0;"2024-01-22"
6920044;"CUST_09";"Patisserie";0;0;0.0;"2024-08-08"
6920881;"CUST_07";"Electric household essentials";5;5;25.0;"2023-05-10"
6921763;"CUST_23";"Butchers";4;34;134.0;"2023-06-15"
6923046;"CUST_11";"Butchers";1;22;21.5;"2023-08-22"
6923329;"CUST_08";"Electric household essentials";6;29;174.0;"2023-04-10"
6923419;"CUST_17";"Furniture";8;11;88.0;"2022-06-28"
6923467;"CUST_20";"Food";5;10;47.5;"2023-05-04"
6924343;"CUST_11";"Beverages";4;5;20.0;"2023-03-11"
6924479;"CUST_21";"Patisserie";10;41;410.0;"2022-06-11"
6925920;"CUST_05";"Beverages";4;35;140.0;"2024-08-05"
6926177;"CUST_04";"Milk Products";9;5;45.0;"2022-02-22"
6926974;"CUST_22";"Computers and electric accessories";5;10;47.5;"2024-10-16"
6927369;"CUST_17";"Electric household essentials";7;22;150.5;"2023-12-29"
6928165;"CUST_06";"Computers and electric accessories";9;11;99.0;"2022-05-24"
6928167;"CUST_10";"Furniture";8;40;316.0;"2022-06-20"
6928837;"CUST_08";"Electric household essentials";8;11;88.0;"2024-10-28"
6928841;"CUST_02";"Butchers";6;10;57.0;"2022-07-09"
6929636;"CUST_17";"Computers and electric accessories";2;8;16.0;"2023-11-23"
6931270;"CUST_01";"Food";6;34;201.0;"2024-09-16"
6931437;"CUST_21";"Furniture";10;40;395.0;"2024-02-22"
6931532;"CUST_15";"Butchers";1;16;15.5;"2022-11-16"
6932205;"CUST_07";"Computers and electric accessories";6;25;147.0;"2022-03-15"
6933637;"CUST_18";"Furniture";9;34;301.5;"2022-02-28"
6934967;"CUST_23";"Computers and electric accessories";8;40;316.0;"2022-12-17"
6936220;"CUST_17";"Food";3;17;51.0;"2022-08-09"
6936789;"CUST_17";"Food";6;20;120.0;"2022-12-22"
6938910;"CUST_06";"Furniture";4;14;56.0;"2023-08-02"
6940568;"CUST_20";"Patisserie";5;41;205.0;"2022-08-13"
6942391;"CUST_20";"Butchers";1;22;21.5;"2023-02-04"
6943486;"CUST_09";"Food";3;13;37.5;"2025-01-17"
6943850;"CUST_08";"Electric household essentials";8;5;40.0;"2023-05-24"
6944260;"CUST_25";"Computers and electric accessories";8;32;256.0;"2023-02-03"
6945381;"CUST_22";"Patisserie";6;38;228.0;"2022-03-21"
6945422;"CUST_14";"Patisserie";10;37;365.0;"2024-09-17"
6945963;"CUST_01";"Butchers";2;22;43.0;"2024-01-02"
6946214;"CUST_21";"Butchers";2;11;22.0;"2024-02-16"
6947851;"CUST_08";"Beverages";3;5;15.0;"2023-07-09"
6947858;"CUST_22";"Beverages";10;7;65.0;"2023-10-24"
6947902;"CUST_08";"Food";9;13;112.5;"2024-03-11"
6948452;"CUST_18";"Electric household essentials";5;10;47.5;"2024-11-05"
6948660;"CUST_21";"Computers and electric accessories";5;32;160.0;"2023-12-12"
6950467;"CUST_01";"Computers and electric accessories";6;13;75.0;"2022-01-01"
6950644;"CUST_13";"Milk Products";7;35;245.0;"2024-11-20"
6950924;"CUST_05";"Butchers";7;29;203.0;"2022-02-12"
6952271;"CUST_01";"Furniture";6;11;66.0;"2022-06-12"
6952276;"CUST_01";"Food";10;37;365.0;"2024-08-02"
6953040;"CUST_07";"Electric household essentials";9;11;99.0;"2022-12-07"
6954438;"CUST_13";"Butchers";1;38;38.0;"2024-02-08"
6954466;"CUST_25";"Butchers";5;28;137.5;"2024-11-24"
6954754;"CUST_21";"Food";5;41;205.0;"2023-10-07"
6956096;"CUST_03";"Patisserie";4;37;146.0;"2022-05-02"
6956313;"CUST_04";"Beverages";10;7;65.0;"2023-09-04"
6957171;"CUST_16";"Butchers";7;38;266.0;"2024-05-20"
6957303;"CUST_08";"Computers and electric accessories";7;22;150.5;"2023-04-14"
6958368;"CUST_13";"Food";9;22;193.5;"2024-08-26"
6958546;"CUST_16";"Milk Products";2;7;13.0;"2023-11-08"
6959290;"CUST_04";"Patisserie";5;38;190.0;"2023-04-24"
6959326;"CUST_14";"Milk Products";8;10;76.0;"2023-04-14"
6959357;"CUST_07";"Milk Products";4;13;50.0;"2023-02-23"
6959909;"CUST_18";"Beverages";1;20;20.0;"2024-03-16"
6960283;"CUST_11";"Beverages";5;41;205.0;"2022-06-20"
6960333;"CUST_12";"Computers and electric accessories";2;29;58.0;"2024-12-12"
6961502;"CUST_13";"Butchers";1;29;29.0;"2022-11-09"
6962668;"CUST_14";"Furniture";9;41;369.0;"2024-09-19"
6963310;"CUST_01";"Computers and electric accessories";2;19;37.0;"2024-01-08"
6963438;"CUST_11";"Furniture";5;19;92.5;"2024-04-23"
6964148;"CUST_09";"Computers and electric accessories";1;41;41.0;"2024-03-15"
6964259;"CUST_14";"Milk Products";6;13;75.0;"2023-09-29"
6964544;"CUST_16";"Milk Products";0;0;0.0;"2022-07-20"
6966182;"CUST_02";"Furniture";9;28;247.5;"2024-09-06"
6967638;"CUST_02";"Patisserie";9;26;234.0;"2022-08-29"
6968520;"CUST_21";"Electric household essentials";7;34;234.5;"2024-01-27"
6968704;"CUST_09";"Furniture";4;37;146.0;"2024-12-20"
6968735;"CUST_06";"Furniture";7;7;45.5;"2022-09-28"
6969110;"CUST_23";"Electric household essentials";6;23;138.0;"2022-08-04"
6969962;"CUST_20";"Electric household essentials";10;29;290.0;"2022-01-06"
6970314;"CUST_01";"Butchers";10;23;230.0;"2023-01-10"
6970370;"CUST_24";"Patisserie";9;16;139.5;"2023-06-08"
6970525;"CUST_06";"Computers and electric accessories";3;41;123.0;"2023-01-27"
6970868;"CUST_20";"Computers and electric accessories";9;26;234.0;"2023-12-17"
6972423;"CUST_02";"Furniture";1;35;35.0;"2022-02-03"
6972612;"CUST_20";"Electric household essentials";8;22;172.0;"2024-10-14"
6973160;"CUST_25";"Computers and electric accessories";1;20;20.0;"2022-11-26"
6974117;"CUST_25";"Beverages";6;14;84.0;"2023-06-13"
6976106;"CUST_14";"Computers and electric accessories";9;22;193.5;"2023-01-23"
6976484;"CUST_22";"Furniture";10;26;260.0;"2022-08-18"
6977040;"CUST_13";"Food";7;11;77.0;"2023-03-31"
6977757;"CUST_19";"Furniture";1;41;41.0;"2023-12-21"
6978346;"CUST_17";"Milk Products";8;28;220.0;"2023-04-28"
6979245;"CUST_13";"Electric household essentials";4;11;44.0;"2022-05-08"
6979277;"CUST_13";"Computers and electric accessories";0;0;0.0;"2024-05-16"
6980149;"CUST_08";"Patisserie";7;22;150.5;"2023-07-08"
6980255;"CUST_01";"Computers and electric accessories";7;32;224.0;"2023-03-03"
6981287;"CUST_17";"Furniture";2;20;40.0;"2023-06-08"
6981363;"CUST_14";"Food";9;8;72.0;"2024-04-24"
6981431;"CUST_24";"Patisserie";1;41;41.0;"2022-03-26"
6981443;"CUST_06";"Computers and electric accessories";5;16;77.5;"2022-06-23"
6981473;"CUST_17";"Beverages";0;0;0.0;"2022-01-23"
6983287;"CUST_12";"Beverages";1;25;24.5;"2025-01-11"
6983480;"CUST_17";"Milk Products";1;23;23.0;"2022-05-12"
6983787;"CUST_24";"Electric household essentials";8;31;244.0;"2024-11-29"
6984156;"CUST_20";"Furniture";1;32;32.0;"2022-08-19"
6984733;"CUST_16";"Furniture";1;41;41.0;"2023-06-09"
6988754;"CUST_09";"Furniture";5;29;145.0;"2024-03-15"
6989263;"CUST_19";"Electric household essentials";2;32;64.0;"2023-12-04"
6989369;"CUST_12";"Electric household essentials";2;32;64.0;"2022-04-16"
6989569;"CUST_11";"Milk Products";2;35;70.0;"2022-01-17"
6989632;"CUST_06";"Furniture";7;29;203.0;"2023-08-19"
6989869;"CUST_16";"Computers and electric accessories";0;0;0.0;"2022-02-21"
6990280;"CUST_15";"Patisserie";8;5;40.0;"2024-09-18"
6990415;"CUST_08";"Electric household essentials";7;38;266.0;"2023-12-25"
6991067;"CUST_16";"Electric household essentials";8;32;256.0;"2023-01-23"
6991111;"CUST_19";"Beverages";1;5;5.0;"2022-10-02"
6991509;"CUST_25";"Furniture";2;11;22.0;"2024-03-30"
6991981;"CUST_13";"Patisserie";10;16;155.0;"2024-03-31"
6992616;"CUST_11";"Food";5;35;175.0;"2023-09-06"
6992751;"CUST_19";"Milk Products";3;37;109.5;"2024-01-25"
6992931;"CUST_25";"Patisserie";7;25;171.5;"2024-06-20"
6992970;"CUST_01";"Food";6;20;120.0;"2024-12-12"
6995379;"CUST_11";"Milk Products";1;32;32.0;"2024-08-24"
6995557;"CUST_02";"Milk Products";4;14;56.0;"2023-07-13"
6995866;"CUST_15";"Butchers";7;13;87.5;"2023-07-19"
6997387;"CUST_13";"Milk Products";10;14;140.0;"2022-02-02"
6998087;"CUST_13";"Milk Products";8;34;268.0;"2024-08-06"
6999553;"CUST_02";"Food";6;29;174.0;"2022-05-20"
6999998;"CUST_11";"Milk Products";4;20;80.0;"2024-05-22"
7000051;"CUST_10";"Furniture";2;40;79.0;"2023-03-08"
7000155;"CUST_14";"Furniture";4;13;50.0;"2024-04-17"
7000451;"CUST_06";"Butchers";9;38;342.0;"2022-10-06"
7000637;"CUST_16";"Furniture";7;13;87.5;"2024-12-29"
7002185;"CUST_04";"Butchers";4;38;152.0;"2023-05-11"
7002371;"CUST_25";"Butchers";3;5;15.0;"2022-01-15"
7003448;"CUST_02";"Beverages";3;35;105.0;"2024-10-22"
7003512;"CUST_08";"Beverages";4;29;116.0;"2024-01-10"
7003676;"CUST_10";"Butchers";7;13;87.5;"2024-06-01"
7003816;"CUST_10";"Butchers";1;22;21.5;"2024-07-15"
7004172;"CUST_12";"Furniture";10;7;65.0;"2023-05-19"
7005757;"CUST_05";"Patisserie";3;14;42.0;"2023-05-28"
7005877;"CUST_06";"Electric household essentials";8;22;172.0;"2022-11-25"
7006360;"CUST_09";"Beverages";5;25;122.5;"2022-04-17"
7006720;"CUST_02";"Butchers";10;19;185.0;"2024-09-15"
7007203;"CUST_24";"Computers and electric accessories";8;37;292.0;"2024-08-08"
7007206;"CUST_19";"Furniture";8;16;124.0;"2022-05-22"
7007814;"CUST_16";"Computers and electric accessories";8;11;88.0;"2023-03-25"
7009289;"CUST_24";"Patisserie";4;14;56.0;"2022-07-16"
7009968;"CUST_02";"Food";5;11;55.0;"2022-12-23"
7010436;"CUST_12";"Milk Products";6;40;237.0;"2024-11-07"
7011651;"CUST_24";"Beverages";7;25;171.5;"2024-11-25"
7012323;"CUST_19";"Butchers";10;26;260.0;"2022-11-11"
7013242;"CUST_24";"Electric household essentials";8;41;328.0;"2022-11-07"
7013735;"CUST_25";"Furniture";0;0;0.0;"2022-11-07"
7014126;"CUST_10";"Milk Products";10;5;50.0;"2022-11-20"
7014462;"CUST_24";"Patisserie";2;19;37.0;"2024-11-29"
7014731;"CUST_11";"Computers and electric accessories";4;20;80.0;"2022-02-15"
7014970;"CUST_13";"Food";3;29;87.0;"2023-08-12"
7015281;"CUST_14";"Patisserie";6;26;156.0;"2022-04-15"
7015442;"CUST_24";"Computers and electric accessories";7;11;77.0;"2024-06-06"
7016155;"CUST_04";"Electric household essentials";6;20;120.0;"2022-11-07"
7016226;"CUST_10";"Food";2;13;25.0;"2024-09-19"
7016337;"CUST_15";"Milk Products";5;29;145.0;"2024-11-05"
7016344;"CUST_19";"Furniture";6;28;165.0;"2023-05-13"
7017227;"CUST_23";"Butchers";10;32;320.0;"2024-07-02"
7017414;"CUST_20";"Beverages";3;35;105.0;"2022-08-03"
7017598;"CUST_04";"Patisserie";6;10;57.0;"2023-06-07"
7017635;"CUST_14";"Milk Products";7;16;108.5;"2023-09-11"
7018266;"CUST_13";"Milk Products";6;32;192.0;"2022-03-15"
7019152;"CUST_21";"Beverages";10;20;200.0;"2025-01-02"
7019841;"CUST_11";"Beverages";6;40;237.0;"2024-09-04"
7020339;"CUST_18";"Beverages";3;7;19.5;"2024-06-19"
7020380;"CUST_22";"Patisserie";3;20;60.0;"2024-06-26"
7020797;"CUST_22";"Food";5;17;85.0;"2024-04-20"
7021336;"CUST_25";"Beverages";10;8;80.0;"2022-07-03"
7021466;"CUST_09";"Food";9;23;207.0;"2024-05-31"
7023913;"CUST_02";"Electric household essentials";6;7;39.0;"2023-10-15"
7026068;"CUST_06";"Electric household essentials";2;38;76.0;"2024-01-12"
7026208;"CUST_08";"Beverages";8;17;136.0;"2024-08-02"
7026879;"CUST_06";"Computers and electric accessories";1;38;38.0;"2023-02-22"
7026911;"CUST_23";"Patisserie";8;34;268.0;"2022-12-23"
7027151;"CUST_05";"Food";5;31;152.5;"2024-08-10"
7027530;"CUST_17";"Butchers";10;22;215.0;"2024-07-14"
7028436;"CUST_05";"Milk Products";4;38;152.0;"2023-08-31"
7029443;"CUST_01";"Furniture";6;20;120.0;"2024-02-08"
7030551;"CUST_18";"Patisserie";10;23;230.0;"2022-10-18"
7032586;"CUST_23";"Patisserie";10;34;335.0;"2022-06-03"
7034182;"CUST_04";"Beverages";4;29;116.0;"2022-05-09"
7035534;"CUST_01";"Furniture";7;37;255.5;"2022-09-29"
7036290;"CUST_15";"Patisserie";9;29;261.0;"2023-07-25"
7037057;"CUST_09";"Electric household essentials";2;41;82.0;"2022-06-29"
7037115;"CUST_07";"Furniture";5;11;55.0;"2024-02-23"
7037135;"CUST_13";"Food";3;40;118.5;"2022-04-18"
7038132;"CUST_01";"Milk Products";6;8;48.0;"2022-11-13"
7039501;"CUST_15";"Butchers";2;38;76.0;"2024-08-31"
7039780;"CUST_13";"Furniture";1;16;15.5;"2024-08-21"
7040885;"CUST_12";"Furniture";5;16;77.5;"2023-07-08"
7042127;"CUST_11";"Milk Products";9;11;99.0;"2024-07-13"
7042991;"CUST_14";"Electric household essentials";9;26;234.0;"2024-01-29"
7043807;"CUST_24";"Furniture";7;26;182.0;"2022-02-07"
7043815;"CUST_02";"Electric household essentials";6;31;183.0;"2024-01-29"
7044302;"CUST_16";"Patisserie";9;22;193.5;"2022-12-13"
7044349;"CUST_01";"Food";2;41;82.0;"2022-04-22"
7045491;"CUST_17";"Beverages";3;25;73.5;"2024-09-14"
7049257;"CUST_17";"Computers and electric accessories";6;7;39.0;"2023-05-22"
7049983;"CUST_15";"Beverages";6;32;192.0;"2022-02-07"
7051038;"CUST_25";"Patisserie";4;31;122.0;"2023-01-19"
7052489;"CUST_16";"Milk Products";7;20;140.0;"2023-05-09"
7053696;"CUST_18";"Electric household essentials";1;22;21.5;"2024-08-14"
7053979;"CUST_11";"Computers and electric accessories";10;23;230.0;"2023-05-13"
7054509;"CUST_02";"Computers and electric accessories";9;25;220.5;"2022-01-26"
7054732;"CUST_18";"Patisserie";8;29;232.0;"2024-01-24"
7056129;"CUST_08";"Milk Products";3;7;19.5;"2024-05-05"
7056530;"CUST_09";"Food";10;41;410.0;"2022-08-15"
7056612;"CUST_19";"Computers and electric accessories";10;26;260.0;"2023-01-22"
7059698;"CUST_12";"Electric household essentials";3;29;87.0;"2023-05-01"
7059985;"CUST_18";"Furniture";6;11;66.0;"2022-09-18"
7060106;"CUST_04";"Furniture";1;11;11.0;"2024-05-07"
7061932;"CUST_07";"Furniture";2;41;82.0;"2023-07-07"
7061960;"CUST_12";"Patisserie";0;0;0.0;"2022-12-26"
7062557;"CUST_03";"Furniture";5;7;32.5;"2023-02-03"
7064137;"CUST_07";"Butchers";3;13;37.5;"2023-12-16"
7065534;"CUST_21";"Beverages";9;41;369.0;"2024-09-01"
7065551;"CUST_04";"Butchers";5;16;77.5;"2023-02-09"
7066735;"CUST_10";"Beverages";2;34;67.0;"2023-05-13"
7068372;"CUST_23";"Computers and electric accessories";0;0;0.0;"2022-12-10"
7068871;"CUST_11";"Food";9;17;153.0;"2023-02-18"
7068908;"CUST_14";"Electric household essentials";6;19;111.0;"2022-10-25"
7069237;"CUST_08";"Beverages";9;22;193.5;"2023-11-28"
7070493;"CUST_10";"Computers and electric accessories";6;11;66.0;"2024-08-06"
7070508;"CUST_01";"Computers and electric accessories";1;17;17.0;"2022-09-22"
7071653;"CUST_21";"Computers and electric accessories";6;26;156.0;"2023-12-13"
7071724;"CUST_21";"Computers and electric accessories";7;37;255.5;"2023-08-29"
7072261;"CUST_19";"Patisserie";0;0;0.0;"2024-03-08"
7072572;"CUST_13";"Milk Products";1;20;20.0;"2022-01-13"
7074295;"CUST_21";"Milk Products";6;5;30.0;"2022-04-06"
7075100;"CUST_20";"Patisserie";0;0;0.0;"2024-02-16"
7075340;"CUST_13";"Beverages";3;10;28.5;"2024-07-16"
7075397;"CUST_02";"Food";5;31;152.5;"2024-09-24"
7075399;"CUST_24";"Furniture";1;38;38.0;"2022-07-07"
7075750;"CUST_24";"Food";10;10;95.0;"2022-11-16"
7077220;"CUST_10";"Butchers";6;31;183.0;"2023-04-09"
7078608;"CUST_19";"Electric household essentials";10;17;170.0;"2022-09-02"
7078920;"CUST_07";"Butchers";7;14;98.0;"2024-07-10"
7079048;"CUST_14";"Food";10;13;125.0;"2024-10-10"
7080216;"CUST_16";"Computers and electric accessories";1;11;11.0;"2023-07-18"
7081603;"CUST_15";"Butchers";3;25;73.5;"2022-07-24"
7081940;"CUST_03";"Milk Products";5;29;145.0;"2022-06-07"
7084750;"CUST_25";"Food";0;0;0.0;"2022-07-20"
7085000;"CUST_01";"Electric household essentials";8;11;88.0;"2022-07-23"
7086158;"CUST_24";"Patisserie";9;29;261.0;"2023-02-10"
7086211;"CUST_11";"Electric household essentials";3;34;100.5;"2024-11-16"
7086312;"CUST_24";"Butchers";2;20;40.0;"2022-03-21"
7088185;"CUST_01";"Beverages";4;29;116.0;"2024-07-15"
7090174;"CUST_06";"Computers and electric accessories";8;32;256.0;"2024-12-27"
7090254;"CUST_21";"Food";3;23;69.0;"2022-10-11"
7090765;"CUST_11";"Furniture";9;41;369.0;"2022-04-23"
7092018;"CUST_07";"Computers and electric accessories";4;32;128.0;"2023-01-09"
7092567;"CUST_22";"Computers and electric accessories";8;38;304.0;"2023-04-06"
7093465;"CUST_12";"Beverages";8;41;328.0;"2024-07-07"
7093524;"CUST_13";"Patisserie";1;8;8.0;"2023-10-23"
7094738;"CUST_10";"Computers and electric accessories";2;17;34.0;"2024-09-10"
7094868;"CUST_20";"Furniture";1;34;33.5;"2023-11-07"
7095216;"CUST_15";"Patisserie";1;34;33.5;"2023-05-24"
7095637;"CUST_08";"Electric household essentials";8;41;328.0;"2022-05-04"
7095887;"CUST_06";"Computers and electric accessories";1;32;32.0;"2024-09-24"
7097000;"CUST_09";"Milk Products";8;34;268.0;"2023-10-15"
7097180;"CUST_12";"Computers and electric accessories";8;41;328.0;"2024-04-09"
7099616;"CUST_14";"Butchers";2;14;28.0;"2023-02-26"
7100513;"CUST_12";"Patisserie";7;28;192.5;"2024-06-28"
7101068;"CUST_21";"Food";10;11;110.0;"2022-08-13"
7101302;"CUST_16";"Beverages";1;34;33.5;"2024-10-24"
7101386;"CUST_16";"Computers and electric accessories";5;34;167.5;"2022-11-05"
7101949;"CUST_22";"Butchers";7;25;171.5;"2024-05-12"
7101979;"CUST_15";"Computers and electric accessories";7;34;234.5;"2023-04-14"
7102203;"CUST_12";"Milk Products";2;34;67.0;"2022-11-11"
7102763;"CUST_12";"Butchers";9;22;193.5;"2024-02-23"
7104996;"CUST_15";"Electric household essentials";4;41;164.0;"2024-02-27"
7105109;"CUST_01";"Food";5;8;40.0;"2023-04-01"
7106178;"CUST_21";"Butchers";10;35;350.0;"2024-05-04"
7107116;"CUST_24";"Beverages";10;8;80.0;"2022-03-04"
7107246;"CUST_22";"Patisserie";6;14;84.0;"2022-05-20"
7107517;"CUST_16";"Butchers";9;22;193.5;"2024-01-19"
7107634;"CUST_24";"Milk Products";3;38;114.0;"2022-05-16"
7108214;"CUST_12";"Milk Products";7;14;98.0;"2022-01-04"
7108299;"CUST_22";"Furniture";5;40;197.5;"2022-09-17"
7108605;"CUST_03";"Butchers";8;20;160.0;"2024-08-09"
7108681;"CUST_11";"Furniture";8;38;304.0;"2022-02-01"
7109230;"CUST_08";"Butchers";2;23;46.0;"2023-06-26"
7109246;"CUST_04";"Butchers";8;8;64.0;"2022-03-11"
7109690;"CUST_19";"Furniture";7;13;87.5;"2023-01-29"
7110095;"CUST_12";"Patisserie";5;38;190.0;"2023-05-02"
7110396;"CUST_18";"Butchers";7;34;234.5;"2022-09-04"
7110900;"CUST_01";"Electric household essentials";1;34;33.5;"2022-10-15"
7112380;"CUST_03";"Beverages";5;40;197.5;"2022-07-23"
7112426;"CUST_01";"Furniture";8;26;208.0;"2023-04-07"
7112439;"CUST_14";"Milk Products";5;32;160.0;"2022-11-02"
7112844;"CUST_15";"Food";8;31;244.0;"2022-07-28"
7113206;"CUST_09";"Milk Products";0;0;0.0;"2023-07-28"
7115676;"CUST_18";"Food";10;22;215.0;"2023-01-31"
7116689;"CUST_12";"Beverages";3;31;91.5;"2022-08-31"
7117073;"CUST_18";"Beverages";6;16;93.0;"2023-12-07"
7117116;"CUST_12";"Computers and electric accessories";7;20;140.0;"2023-09-12"
7118644;"CUST_06";"Computers and electric accessories";4;29;116.0;"2023-01-12"
7119158;"CUST_13";"Electric household essentials";1;11;11.0;"2023-01-13"
7119526;"CUST_06";"Beverages";10;28;275.0;"2024-11-15"
7120744;"CUST_17";"Patisserie";2;29;58.0;"2023-06-24"
7120961;"CUST_17";"Milk Products";3;29;87.0;"2024-06-13"
7121701;"CUST_05";"Butchers";1;34;33.5;"2024-09-10"
7122930;"CUST_21";"Electric household essentials";5;16;77.5;"2023-03-26"
7124384;"CUST_10";"Electric household essentials";5;41;205.0;"2024-11-07"
7124851;"CUST_19";"Patisserie";6;32;192.0;"2022-01-09"
7126481;"CUST_02";"Food";7;29;203.0;"2023-02-04"
7127612;"CUST_22";"Milk Products";9;5;45.0;"2022-04-25"
7127992;"CUST_21";"Computers and electric accessories";10;32;320.0;"2024-06-27"
7128121;"CUST_15";"Food";5;19;92.5;"2022-04-16"
7128520;"CUST_25";"Food";3;25;73.5;"2024-03-16"
7128744;"CUST_04";"Patisserie";3;5;15.0;"2022-05-27"
7129969;"CUST_18";"Furniture";5;5;25.0;"2022-03-19"
7130562;"CUST_07";"Butchers";7;16;108.5;"2022-10-08"
7131675;"CUST_18";"Butchers";1;28;27.5;"2023-08-29"
7131796;"CUST_14";"Furniture";6;13;75.0;"2024-10-30"
7132270;"CUST_09";"Patisserie";1;22;21.5;"2022-06-21"
7132653;"CUST_11";"Computers and electric accessories";3;20;60.0;"2024-04-12"
7133375;"CUST_22";"Milk Products";10;5;50.0;"2023-09-18"
7133484;"CUST_05";"Milk Products";6;26;156.0;"2024-05-14"
7133661;"CUST_16";"Butchers";0;0;0.0;"2024-01-03"
7134842;"CUST_01";"Electric household essentials";5;20;100.0;"2024-08-31"
7134955;"CUST_19";"Butchers";5;23;115.0;"2024-01-26"
7135060;"CUST_14";"Butchers";7;28;192.5;"2024-07-27"
7136040;"CUST_23";"Butchers";4;20;80.0;"2023-05-29"
7136333;"CUST_16";"Furniture";10;10;95.0;"2024-02-25"
7137586;"CUST_05";"Beverages";1;7;6.5;"2024-08-31"
7138473;"CUST_11";"Butchers";10;38;380.0;"2023-04-07"
7138501;"CUST_18";"Patisserie";5;37;182.5;"2022-03-10"
7138504;"CUST_15";"Beverages";6;13;75.0;"2024-04-21"
7138571;"CUST_13";"Electric household essentials";4;35;140.0;"2023-09-25"
7138836;"CUST_11";"Beverages";4;34;134.0;"2023-05-21"
7139710;"CUST_11";"Butchers";3;35;105.0;"2022-10-10"
7140503;"CUST_25";"Electric household essentials";0;0;0.0;"2024-06-12"
7140517;"CUST_24";"Butchers";1;13;12.5;"2022-07-11"
7141723;"CUST_01";"Butchers";6;38;228.0;"2022-10-31"
7143271;"CUST_24";"Beverages";2;16;31.0;"2024-04-20"
7144471;"CUST_13";"Beverages";8;41;328.0;"2023-09-28"
7144545;"CUST_23";"Food";4;17;68.0;"2024-05-08"
7145436;"CUST_24";"Milk Products";8;40;316.0;"2024-08-18"
7147934;"CUST_22";"Patisserie";7;13;87.5;"2023-08-19"
7148957;"CUST_05";"Food";8;34;268.0;"2023-08-01"
7149456;"CUST_05";"Butchers";5;35;175.0;"2024-02-14"
7151664;"CUST_15";"Computers and electric accessories";7;34;234.5;"2025-01-17"
7151856;"CUST_15";"Patisserie";10;37;365.0;"2023-08-23"
7152095;"CUST_08";"Computers and electric accessories";3;37;109.5;"2022-06-05"
7152319;"CUST_14";"Beverages";1;37;36.5;"2023-07-28"
7152984;"CUST_18";"Food";1;41;41.0;"2022-01-21"
7153317;"CUST_25";"Computers and electric accessories";4;38;152.0;"2023-12-03"
7156311;"CUST_05";"Computers and electric accessories";7;25;171.5;"2023-10-20"
7156790;"CUST_10";"Food";4;23;92.0;"2022-11-24"
7157580;"CUST_14";"Food";9;22;193.5;"2022-11-05"
7157916;"CUST_25";"Electric household essentials";4;28;110.0;"2023-09-24"
7159417;"CUST_11";"Food";5;23;115.0;"2024-03-14"
7160397;"CUST_21";"Patisserie";6;32;192.0;"2024-01-23"
7160998;"CUST_13";"Computers and electric accessories";7;5;35.0;"2022-02-08"
7162597;"CUST_08";"Butchers";1;38;38.0;"2022-03-27"
7163146;"CUST_20";"Furniture";1;16;15.5;"2022-04-12"
7164121;"CUST_21";"Food";2;19;37.0;"2022-01-08"
7164174;"CUST_21";"Food";1;22;21.5;"2022-03-17"
7164276;"CUST_02";"Patisserie";5;16;77.5;"2024-09-21"
7164854;"CUST_20";"Furniture";10;28;275.0;"2023-11-12"
7165120;"CUST_17";"Patisserie";2;37;73.0;"2023-10-23"
7165462;"CUST_08";"Food";7;23;161.0;"2024-09-01"
7166227;"CUST_06";"Patisserie";2;5;10.0;"2022-09-18"
7166728;"CUST_18";"Computers and electric accessories";8;8;64.0;"2023-07-27"
7166849;"CUST_10";"Furniture";7;16;108.5;"2023-10-15"
7169040;"CUST_21";"Furniture";10;5;50.0;"2022-04-07"
7169502;"CUST_10";"Electric household essentials";2;28;55.0;"2023-12-15"
7169670;"CUST_13";"Food";7;22;150.5;"2023-11-21"
7169866;"CUST_25";"Computers and electric accessories";6;25;147.0;"2023-03-03"
7169895;"CUST_07";"Food";10;41;410.0;"2022-05-11"
7170661;"CUST_15";"Food";9;5;45.0;"2023-07-17"
7171512;"CUST_01";"Computers and electric accessories";3;22;64.5;"2022-04-13"
7171953;"CUST_11";"Patisserie";0;0;0.0;"2022-11-11"
7172046;"CUST_07";"Beverages";8;25;196.0;"2023-03-27"
7172192;"CUST_20";"Butchers";1;7;6.5;"2023-07-03"
7172308;"CUST_24";"Butchers";7;41;287.0;"2024-10-25"
7174674;"CUST_21";"Patisserie";4;32;128.0;"2022-10-03"
7174887;"CUST_08";"Butchers";4;13;50.0;"2024-09-04"
7175950;"CUST_19";"Electric household essentials";2;29;58.0;"2022-03-20"
7177109;"CUST_05";"Furniture";4;25;98.0;"2023-06-12"
7177193;"CUST_09";"Patisserie";7;23;161.0;"2023-04-02"
7177583;"CUST_10";"Butchers";10;41;410.0;"2024-08-31"
7177847;"CUST_07";"Patisserie";4;5;20.0;"2024-03-13"
7178038;"CUST_23";"Milk Products";9;32;288.0;"2023-07-22"
7178094;"CUST_10";"Computers and electric accessories";2;23;46.0;"2024-09-25"
7178378;"CUST_24";"Beverages";4;8;32.0;"2024-05-17"
7179624;"CUST_04";"Milk Products";10;37;365.0;"2024-11-08"
7179907;"CUST_22";"Food";10;25;245.0;"2022-07-23"
7180080;"CUST_18";"Butchers";8;31;244.0;"2024-12-13"
7180171;"CUST_09";"Computers and electric accessories";6;34;201.0;"2022-06-05"
7180483;"CUST_23";"Butchers";3;8;24.0;"2023-01-17"
7182787;"CUST_03";"Butchers";8;35;280.0;"2023-09-04"
7182790;"CUST_23";"Food";4;41;164.0;"2023-09-06"
7183009;"CUST_05";"Milk Products";2;13;25.0;"2023-05-28"
7183634;"CUST_08";"Beverages";5;8;40.0;"2024-05-16"
7184635;"CUST_12";"Beverages";5;35;175.0;"2022-01-13"
7185925;"CUST_03";"Milk Products";4;8;32.0;"2022-01-30"
7186220;"CUST_17";"Furniture";5;14;70.0;"2024-07-18"
7186832;"CUST_08";"Milk Products";10;10;95.0;"2023-01-25"
7186993;"CUST_02";"Computers and electric accessories";8;11;88.0;"2022-05-01"
7187427;"CUST_25";"Electric household essentials";6;7;39.0;"2024-05-26"
7187748;"CUST_18";"Butchers";8;11;88.0;"2024-04-07"
7188004;"CUST_13";"Beverages";5;17;85.0;"2023-06-05"
7188615;"CUST_09";"Milk Products";3;29;87.0;"2022-07-25"
7188878;"CUST_07";"Butchers";4;32;128.0;"2022-11-03"
7189011;"CUST_25";"Butchers";8;34;268.0;"2023-08-23"
7189749;"CUST_24";"Butchers";6;19;111.0;"2022-07-17"
7190013;"CUST_04";"Beverages";10;25;245.0;"2024-06-23"
7190172;"CUST_13";"Computers and electric accessories";4;35;140.0;"2024-12-05"
7190327;"CUST_04";"Milk Products";6;10;57.0;"2024-12-30"
7190836;"CUST_15";"Patisserie";5;31;152.5;"2024-12-10"
7191353;"CUST_08";"Beverages";10;29;290.0;"2024-01-19"
7191448;"CUST_07";"Computers and electric accessories";3;14;42.0;"2024-06-15"
7192218;"CUST_06";"Milk Products";7;8;56.0;"2022-01-23"
7192439;"CUST_16";"Patisserie";6;11;66.0;"2025-01-14"
7192799;"CUST_24";"Beverages";9;7;58.5;"2022-11-05"
7193311;"CUST_21";"Milk Products";3;7;19.5;"2024-07-09"
7194488;"CUST_13";"Butchers";1;35;35.0;"2023-05-13"
7194672;"CUST_18";"Butchers";8;26;208.0;"2024-10-07"
7196079;"CUST_01";"Butchers";9;28;247.5;"2022-07-30"
7196109;"CUST_08";"Patisserie";10;28;275.0;"2024-12-20"
7198271;"CUST_03";"Furniture";1;13;12.5;"2023-06-24"
7198988;"CUST_04";"Patisserie";8;28;220.0;"2024-04-08"
7199751;"CUST_12";"Butchers";5;26;130.0;"2024-11-18"
7202102;"CUST_06";"Patisserie";2;28;55.0;"2022-03-09"
7203061;"CUST_01";"Furniture";9;40;355.5;"2024-05-10"
7203576;"CUST_08";"Butchers";4;41;164.0;"2023-12-31"
7205141;"CUST_04";"Milk Products";1;11;11.0;"2022-05-29"
7206264;"CUST_20";"Computers and electric accessories";7;26;182.0;"2025-01-08"
7206380;"CUST_19";"Furniture";8;40;316.0;"2022-04-18"
7207545;"CUST_18";"Butchers";4;10;38.0;"2024-08-09"
7207962;"CUST_02";"Milk Products";5;28;137.5;"2022-01-17"
7209607;"CUST_25";"Food";6;31;183.0;"2023-08-25"
7211010;"CUST_11";"Butchers";6;20;120.0;"2023-06-13"
7214951;"CUST_04";"Beverages";5;41;205.0;"2023-10-12"
7216070;"CUST_08";"Butchers";5;20;100.0;"2024-02-06"
7216595;"CUST_14";"Milk Products";4;23;92.0;"2022-09-01"
7218006;"CUST_05";"Milk Products";9;26;234.0;"2024-12-22"
7218185;"CUST_02";"Patisserie";6;16;93.0;"2024-03-04"
7218983;"CUST_09";"Milk Products";6;35;210.0;"2022-09-02"
7219103;"CUST_14";"Furniture";1;40;39.5;"2023-12-20"
7219724;"CUST_24";"Milk Products";6;40;237.0;"2024-12-07"
7220136;"CUST_12";"Butchers";6;38;228.0;"2022-11-19"
7220277;"CUST_15";"Milk Products";7;20;140.0;"2022-09-01"
7221106;"CUST_22";"Milk Products";8;5;40.0;"2023-03-15"
7221565;"CUST_24";"Furniture";1;29;29.0;"2022-02-13"
7222601;"CUST_18";"Electric household essentials";2;22;43.0;"2022-09-10"
7222682;"CUST_16";"Butchers";6;28;165.0;"2022-03-24"
7224248;"CUST_04";"Computers and electric accessories";5;10;47.5;"2024-11-10"
7224309;"CUST_22";"Electric household essentials";7;31;213.5;"2024-05-22"
7224484;"CUST_22";"Milk Products";1;38;38.0;"2022-11-03"
7224530;"CUST_08";"Computers and electric accessories";3;29;87.0;"2024-06-30"
7224577;"CUST_12";"Food";0;0;0.0;"2022-09-27"
7224775;"CUST_02";"Butchers";0;0;0.0;"2024-05-08"
7228096;"CUST_21";"Milk Products";10;31;305.0;"2022-03-31"
7228490;"CUST_24";"Milk Products";8;40;316.0;"2023-09-09"
7229064;"CUST_07";"Milk Products";7;20;140.0;"2023-08-01"
7232230;"CUST_17";"Computers and electric accessories";5;11;55.0;"2023-06-14"
7232932;"CUST_21";"Electric household essentials";1;28;27.5;"2022-04-16"
7234193;"CUST_12";"Furniture";1;40;39.5;"2024-06-05"
7234463;"CUST_23";"Food";2;29;58.0;"2024-07-15"
7235181;"CUST_22";"Milk Products";8;8;64.0;"2023-12-13"
7235714;"CUST_06";"Computers and electric accessories";4;23;92.0;"2024-06-12"
7235852;"CUST_06";"Patisserie";6;10;57.0;"2024-03-07"
7236125;"CUST_12";"Electric household essentials";9;22;193.5;"2022-01-31"
7236522;"CUST_03";"Electric household essentials";9;20;180.0;"2022-09-18"
7238273;"CUST_02";"Milk Products";9;28;247.5;"2023-10-22"
7238799;"CUST_23";"Electric household essentials";3;34;100.5;"2023-03-08"
7239144;"CUST_21";"Food";7;11;77.0;"2023-10-15"
7239201;"CUST_24";"Beverages";10;41;410.0;"2024-05-01"
7239576;"CUST_18";"Food";6;8;48.0;"2023-09-11"
7239667;"CUST_19";"Patisserie";10;28;275.0;"2023-01-08"
7240630;"CUST_24";"Furniture";3;28;82.5;"2023-04-16"
7241105;"CUST_07";"Electric household essentials";2;23;46.0;"2023-07-12"
7241224;"CUST_04";"Electric household essentials";7;17;119.0;"2024-09-02"
7241323;"CUST_10";"Furniture";5;26;130.0;"2022-02-12"
7242115;"CUST_20";"Butchers";5;8;40.0;"2023-10-31"
7242621;"CUST_20";"Milk Products";4;29;116.0;"2023-06-01"
7243028;"CUST_15";"Food";1;41;41.0;"2024-03-07"
7243315;"CUST_07";"Milk Products";5;40;197.5;"2022-01-26"
7244155;"CUST_03";"Beverages";4;25;98.0;"2023-09-08"
7246599;"CUST_17";"Beverages";7;37;255.5;"2022-05-10"
7246929;"CUST_24";"Computers and electric accessories";8;32;256.0;"2023-07-21"
7248220;"CUST_08";"Beverages";1;7;6.5;"2024-09-05"
7249444;"CUST_14";"Computers and electric accessories";10;31;305.0;"2023-10-28"
7250843;"CUST_10";"Patisserie";1;38;38.0;"2022-06-27"
7254114;"CUST_13";"Beverages";10;25;245.0;"2023-06-08"
7254324;"CUST_01";"Electric household essentials";10;38;380.0;"2024-02-08"
7254503;"CUST_21";"Patisserie";6;10;57.0;"2024-12-31"
7254589;"CUST_03";"Butchers";10;41;410.0;"2022-09-24"
7254832;"CUST_08";"Patisserie";7;25;171.5;"2023-06-27"
7256305;"CUST_01";"Beverages";8;7;52.0;"2023-07-12"
7256566;"CUST_25";"Patisserie";9;25;220.5;"2024-12-24"
7260051;"CUST_15";"Furniture";10;13;125.0;"2022-04-16"
7261721;"CUST_08";"Furniture";3;14;42.0;"2022-11-23"
7263862;"CUST_08";"Milk Products";8;7;52.0;"2024-07-08"
7263952;"CUST_03";"Furniture";1;41;41.0;"2022-04-12"
7265411;"CUST_08";"Patisserie";3;22;64.5;"2023-09-14"
7267517;"CUST_17";"Beverages";7;29;203.0;"2024-11-15"
7268120;"CUST_23";"Patisserie";9;37;328.5;"2023-01-15"
7270567;"CUST_13";"Furniture";3;13;37.5;"2023-10-09"
7271665;"CUST_15";"Electric household essentials";9;7;58.5;"2023-12-22"
7272018;"CUST_11";"Food";7;41;287.0;"2023-06-01"
7272038;"CUST_09";"Computers and electric accessories";1;37;36.5;"2022-04-27"
7272122;"CUST_22";"Milk Products";10;29;290.0;"2022-04-08"
7272612;"CUST_24";"Butchers";3;28;82.5;"2024-07-27"
7272664;"CUST_24";"Food";6;13;75.0;"2024-05-14"
7273990;"CUST_24";"Furniture";7;20;140.0;"2024-06-27"
7274101;"CUST_21";"Patisserie";5;22;107.5;"2024-04-10"
7274579;"CUST_14";"Computers and electric accessories";9;16;139.5;"2023-10-21"
7274761;"CUST_11";"Patisserie";9;20;180.0;"2023-01-25"
7274941;"CUST_16";"Milk Products";3;13;37.5;"2022-10-03"
7275004;"CUST_14";"Computers and electric accessories";5;32;160.0;"2024-08-14"
7275320;"CUST_04";"Electric household essentials";2;31;61.0;"2022-09-30"
7276508;"CUST_15";"Furniture";7;11;77.0;"2022-11-25"
7277176;"CUST_18";"Butchers";9;37;328.5;"2023-05-10"
7277962;"CUST_16";"Computers and electric accessories";1;19;18.5;"2022-02-08"
7278878;"CUST_11";"Patisserie";1;25;24.5;"2023-03-05"
7279836;"CUST_04";"Food";8;35;280.0;"2023-03-08"
7280884;"CUST_16";"Furniture";10;34;335.0;"2024-04-09"
7281592;"CUST_02";"Milk Products";6;5;30.0;"2023-05-30"
7281625;"CUST_03";"Butchers";5;29;145.0;"2023-02-08"
7281987;"CUST_05";"Milk Products";9;25;220.5;"2024-11-30"
7282375;"CUST_17";"Beverages";7;10;66.5;"2024-06-11"
7282686;"CUST_15";"Food";8;11;88.0;"2022-11-15"
7283294;"CUST_02";"Milk Products";3;23;69.0;"2022-09-14"
7283741;"CUST_11";"Furniture";2;28;55.0;"2022-03-26"
7283902;"CUST_23";"Beverages";5;35;175.0;"2024-06-28"
7284110;"CUST_06";"Food";10;37;365.0;"2023-07-31"
7285632;"CUST_04";"Furniture";6;32;192.0;"2024-07-23"
7285842;"CUST_21";"Milk Products";9;23;207.0;"2023-06-20"
7287258;"CUST_07";"Furniture";10;38;380.0;"2025-01-08"
7288545;"CUST_22";"Butchers";1;41;41.0;"2022-07-18"
7288669;"CUST_09";"Beverages";4;7;26.0;"2023-04-27"
7288819;"CUST_15";"Milk Products";6;20;120.0;"2024-03-28"
7291543;"CUST_07";"Butchers";1;7;6.5;"2024-07-23"
7292564;"CUST_22";"Beverages";9;16;139.5;"2025-01-09"
7293443;"CUST_16";"Beverages";8;23;184.0;"2024-09-11"
7293964;"CUST_14";"Computers and electric accessories";2;35;70.0;"2023-06-16"
7295453;"CUST_05";"Milk Products";8;32;256.0;"2022-01-09"
7296074;"CUST_23";"Computers and electric accessories";5;31;152.5;"2022-10-09"
7296720;"CUST_18";"Patisserie";5;10;47.5;"2024-09-12"
7297135;"CUST_10";"Beverages";2;28;55.0;"2024-08-06"
7297595;"CUST_19";"Furniture";0;0;0.0;"2022-01-07"
7300159;"CUST_05";"Milk Products";5;32;160.0;"2023-11-10"
7301327;"CUST_13";"Furniture";6;20;120.0;"2023-06-27"
7302842;"CUST_15";"Butchers";10;8;80.0;"2024-11-05"
7302888;"CUST_25";"Patisserie";7;38;266.0;"2024-12-31"
7303362;"CUST_20";"Furniture";10;11;110.0;"2023-11-02"
7304233;"CUST_22";"Food";6;41;246.0;"2023-03-02"
7304271;"CUST_16";"Furniture";8;20;160.0;"2023-05-02"
7304590;"CUST_19";"Electric household essentials";10;7;65.0;"2022-05-14"
7305258;"CUST_14";"Patisserie";3;38;114.0;"2022-04-25"
7305728;"CUST_20";"Electric household essentials";6;13;75.0;"2023-02-09"
7306114;"CUST_15";"Furniture";1;13;12.5;"2022-05-04"
7306528;"CUST_11";"Patisserie";7;10;66.5;"2022-10-29"
7307996;"CUST_06";"Patisserie";6;5;30.0;"2022-01-21"
7308336;"CUST_19";"Computers and electric accessories";4;34;134.0;"2024-11-12"
7308742;"CUST_14";"Furniture";2;16;31.0;"2023-07-19"
7309819;"CUST_21";"Food";7;17;119.0;"2024-11-11"
7310262;"CUST_09";"Butchers";10;34;335.0;"2024-04-12"
7310787;"CUST_15";"Furniture";2;7;13.0;"2024-10-23"
7312497;"CUST_18";"Beverages";0;0;0.0;"2024-08-23"
7313687;"CUST_23";"Beverages";7;25;171.5;"2022-05-30"
7313915;"CUST_24";"Computers and electric accessories";5;7;32.5;"2022-06-13"
7315605;"CUST_13";"Food";10;8;80.0;"2022-08-17"
7315614;"CUST_22";"Furniture";10;26;260.0;"2024-02-10"
7318897;"CUST_05";"Electric household essentials";9;16;139.5;"2023-04-16"
7320060;"CUST_06";"Food";4;16;62.0;"2022-07-06"
7320283;"CUST_12";"Electric household essentials";9;23;207.0;"2023-04-06"
7321205;"CUST_22";"Butchers";5;37;182.5;"2024-08-16"
7323366;"CUST_23";"Patisserie";0;0;0.0;"2022-11-04"
7324151;"CUST_16";"Computers and electric accessories";2;35;70.0;"2024-08-30"
7324213;"CUST_12";"Beverages";10;22;215.0;"2023-06-09"
7324451;"CUST_02";"Beverages";5;7;32.5;"2024-08-03"
7325981;"CUST_06";"Butchers";7;37;255.5;"2022-08-10"
7326092;"CUST_01";"Butchers";5;38;190.0;"2023-09-19"
7326338;"CUST_24";"Food";4;37;146.0;"2022-04-29"
7327686;"CUST_02";"Furniture";2;20;40.0;"2024-05-17"
7331082;"CUST_21";"Computers and electric accessories";6;37;219.0;"2022-03-25"
7331955;"CUST_12";"Milk Products";7;10;66.5;"2022-01-01"
7332336;"CUST_01";"Furniture";10;11;110.0;"2023-01-13"
7332563;"CUST_13";"Food";2;23;46.0;"2024-03-05"
7334901;"CUST_07";"Electric household essentials";9;11;99.0;"2023-05-25"
7336047;"CUST_11";"Butchers";7;26;182.0;"2022-11-24"
7338102;"CUST_14";"Food";10;25;245.0;"2024-04-30"
7340795;"CUST_01";"Electric household essentials";10;22;215.0;"2023-06-03"
7340887;"CUST_22";"Computers and electric accessories";2;22;43.0;"2024-06-01"
7341164;"CUST_11";"Furniture";9;35;315.0;"2024-07-17"
7342519;"CUST_09";"Food";3;34;100.5;"2022-09-30"
7342615;"CUST_15";"Beverages";2;7;13.0;"2024-02-09"
7342745;"CUST_02";"Furniture";3;40;118.5;"2022-11-26"
7343995;"CUST_16";"Electric household essentials";2;26;52.0;"2022-12-09"
7344843;"CUST_04";"Computers and electric accessories";9;29;261.0;"2022-01-29"
7345106;"CUST_21";"Electric household essentials";3;5;15.0;"2024-04-21"
7345416;"CUST_05";"Milk Products";5;20;100.0;"2024-02-25"
7346385;"CUST_10";"Patisserie";4;16;62.0;"2024-11-30"
7346745;"CUST_14";"Electric household essentials";7;14;98.0;"2022-06-05"
7346843;"CUST_18";"Beverages";10;28;275.0;"2023-04-25"
7346993;"CUST_05";"Patisserie";5;25;122.5;"2022-07-02"
7347365;"CUST_20";"Milk Products";9;7;58.5;"2023-05-07"
7347397;"CUST_24";"Milk Products";3;28;82.5;"2023-12-28"
7347689;"CUST_23";"Food";1;32;32.0;"2022-01-07"
7348487;"CUST_10";"Computers and electric accessories";5;41;205.0;"2022-07-16"
7348533;"CUST_05";"Computers and electric accessories";1;22;21.5;"2023-03-10"
7349078;"CUST_24";"Beverages";1;40;39.5;"2022-01-14"
7349203;"CUST_13";"Butchers";9;13;112.5;"2024-03-08"
7349738;"CUST_12";"Beverages";5;10;47.5;"2023-01-18"
7350390;"CUST_09";"Milk Products";1;5;5.0;"2022-06-20"
7350444;"CUST_14";"Milk Products";3;31;91.5;"2023-03-08"
7350591;"CUST_02";"Beverages";3;38;114.0;"2022-07-04"
7352034;"CUST_09";"Computers and electric accessories";7;14;98.0;"2023-06-12"
7352335;"CUST_23";"Milk Products";2;32;64.0;"2023-08-31"
7352619;"CUST_18";"Electric household essentials";8;32;256.0;"2022-06-22"
7354091;"CUST_22";"Patisserie";0;0;0.0;"2024-04-28"
7354850;"CUST_17";"Milk Products";3;32;96.0;"2023-02-24"
7355525;"CUST_14";"Computers and electric accessories";10;34;335.0;"2023-08-30"
7355536;"CUST_22";"Patisserie";6;14;84.0;"2023-01-04"
7356793;"CUST_18";"Beverages";3;29;87.0;"2022-01-20"
7356854;"CUST_06";"Patisserie";10;20;200.0;"2024-10-30"
7357090;"CUST_09";"Food";0;0;0.0;"2022-12-12"
7358431;"CUST_13";"Butchers";4;23;92.0;"2023-02-26"
7358436;"CUST_09";"Computers and electric accessories";6;22;129.0;"2023-11-08"
7358459;"CUST_01";"Computers and electric accessories";10;22;215.0;"2023-08-26"
7358557;"CUST_18";"Furniture";5;29;145.0;"2022-02-02"
7358591;"CUST_13";"Electric household essentials";10;28;275.0;"2022-02-12"
7359436;"CUST_16";"Food";10;25;245.0;"2024-01-02"
7359698;"CUST_24";"Butchers";8;22;172.0;"2025-01-03"
7361391;"CUST_08";"Furniture";6;41;246.0;"2024-01-12"
7362256;"CUST_15";"Food";5;13;62.5;"2022-06-10"
7363165;"CUST_25";"Beverages";7;10;66.5;"2023-03-25"
7365416;"CUST_08";"Butchers";4;34;134.0;"2024-08-02"
7365607;"CUST_20";"Milk Products";3;13;37.5;"2023-05-26"
7365869;"CUST_09";"Computers and electric accessories";1;38;38.0;"2023-08-19"
7366186;"CUST_19";"Beverages";2;22;43.0;"2023-07-14"
7366633;"CUST_18";"Beverages";8;34;268.0;"2024-07-23"
7367608;"CUST_20";"Patisserie";6;20;120.0;"2024-10-13"
7369318;"CUST_01";"Beverages";5;20;100.0;"2025-01-18"
7369427;"CUST_21";"Furniture";10;13;125.0;"2023-08-23"
7371264;"CUST_13";"Furniture";8;7;52.0;"2022-08-22"
7375053;"CUST_04";"Computers and electric accessories";1;26;26.0;"2022-11-27"
7375815;"CUST_04";"Beverages";9;38;342.0;"2023-03-29"
7376932;"CUST_15";"Milk Products";3;5;15.0;"2024-02-12"
7377480;"CUST_23";"Food";6;19;111.0;"2024-03-13"
7377726;"CUST_05";"Beverages";7;38;266.0;"2024-11-08"
7378094;"CUST_22";"Milk Products";0;0;0.0;"2023-12-06"
7378314;"CUST_09";"Food";5;35;175.0;"2022-04-29"
7378382;"CUST_15";"Food";5;35;175.0;"2022-04-09"
7379840;"CUST_03";"Beverages";2;17;34.0;"2023-01-21"
7382906;"CUST_16";"Beverages";8;28;220.0;"2024-12-07"
7383288;"CUST_10";"Milk Products";0;0;0.0;"2022-08-12"
7383851;"CUST_14";"Patisserie";8;10;76.0;"2024-10-17"
7384071;"CUST_07";"Beverages";10;32;320.0;"2024-10-25"
7384325;"CUST_20";"Butchers";6;40;237.0;"2023-05-21"
7384450;"CUST_02";"Food";4;29;116.0;"2023-10-01"
7384527;"CUST_21";"Food";2;29;58.0;"2023-06-08"
7384665;"CUST_14";"Furniture";3;11;33.0;"2024-07-27"
7385251;"CUST_01";"Butchers";4;34;134.0;"2024-11-13"
7385950;"CUST_07";"Patisserie";10;8;80.0;"2022-07-24"
7388794;"CUST_03";"Beverages";1;22;21.5;"2024-09-06"
7390310;"CUST_23";"Computers and electric accessories";2;37;73.0;"2023-11-19"
7390479;"CUST_03";"Food";6;20;120.0;"2023-05-14"
7390600;"CUST_04";"Beverages";9;32;288.0;"2024-12-02"
7390831;"CUST_09";"Electric household essentials";3;16;46.5;"2024-03-10"
7393477;"CUST_02";"Food";8;41;328.0;"2022-05-27"
7394333;"CUST_13";"Patisserie";8;10;76.0;"2022-10-18"
7394411;"CUST_23";"Computers and electric accessories";2;28;55.0;"2022-08-17"
7396142;"CUST_09";"Electric household essentials";5;26;130.0;"2024-09-22"
7399472;"CUST_20";"Milk Products";3;14;42.0;"2023-02-15"
7399994;"CUST_08";"Food";5;37;182.5;"2023-07-26"
7401003;"CUST_14";"Food";6;34;201.0;"2024-10-10"
7401761;"CUST_19";"Electric household essentials";9;38;342.0;"2023-05-23"
7402104;"CUST_03";"Computers and electric accessories";8;11;88.0;"2024-07-31"
7403426;"CUST_17";"Patisserie";5;29;145.0;"2023-12-21"
7404210;"CUST_19";"Butchers";3;38;114.0;"2024-05-22"
7404296;"CUST_16";"Butchers";1;37;36.5;"2022-07-25"
7405215;"CUST_22";"Computers and electric accessories";8;16;124.0;"2022-01-07"
7405371;"CUST_06";"Food";4;19;74.0;"2023-04-30"
7405636;"CUST_18";"Food";7;34;234.5;"2023-09-12"
7406153;"CUST_18";"Computers and electric accessories";5;14;70.0;"2024-08-10"
7407092;"CUST_22";"Electric household essentials";6;16;93.0;"2023-03-08"
7409081;"CUST_21";"Food";9;34;301.5;"2022-01-18"
7409573;"CUST_09";"Furniture";9;41;369.0;"2022-07-11"
7410836;"CUST_05";"Patisserie";2;34;67.0;"2023-01-22"
7411959;"CUST_22";"Milk Products";10;16;155.0;"2022-07-10"
7412715;"CUST_19";"Furniture";3;11;33.0;"2022-10-23"
7412723;"CUST_09";"Electric household essentials";1;34;33.5;"2022-12-20"
7414120;"CUST_20";"Patisserie";5;38;190.0;"2022-01-15"
7415381;"CUST_20";"Patisserie";1;37;36.5;"2024-09-12"
7415874;"CUST_19";"Electric household essentials";0;0;0.0;"2022-12-20"
7415965;"CUST_23";"Electric household essentials";8;11;88.0;"2023-09-19"
7417646;"CUST_13";"Furniture";6;41;246.0;"2024-03-06"
7419638;"CUST_10";"Electric household essentials";7;29;203.0;"2022-09-12"
7420327;"CUST_05";"Furniture";8;29;232.0;"2023-02-24"
7421983;"CUST_05";"Patisserie";10;20;200.0;"2022-09-17"
7422235;"CUST_07";"Beverages";5;34;167.5;"2022-05-06"
7422454;"CUST_07";"Butchers";0;0;0.0;"2023-04-15"
7423131;"CUST_08";"Patisserie";3;22;64.5;"2023-09-08"
7423171;"CUST_21";"Food";7;22;150.5;"2024-09-13"
7424367;"CUST_22";"Patisserie";5;38;190.0;"2022-03-18"
7424528;"CUST_02";"Electric household essentials";10;11;110.0;"2024-08-26"
7425088;"CUST_07";"Computers and electric accessories";5;32;160.0;"2022-03-25"
7425133;"CUST_03";"Patisserie";10;34;335.0;"2024-05-21"
7426702;"CUST_04";"Patisserie";7;34;234.5;"2023-11-17"
7426761;"CUST_16";"Food";8;13;100.0;"2022-08-08"
7427224;"CUST_03";"Butchers";9;23;207.0;"2022-08-20"
7428250;"CUST_24";"Milk Products";6;7;39.0;"2024-04-14"
7428358;"CUST_20";"Computers and electric accessories";2;37;73.0;"2022-11-21"
7428385;"CUST_09";"Milk Products";3;16;46.5;"2022-08-04"
7428897;"CUST_16";"Furniture";8;41;328.0;"2022-04-14"
7431232;"CUST_10";"Beverages";9;8;72.0;"2024-11-27"
7431980;"CUST_01";"Butchers";9;16;139.5;"2024-06-15"
7432361;"CUST_24";"Computers and electric accessories";10;8;80.0;"2023-10-28"
7433742;"CUST_12";"Electric household essentials";5;16;77.5;"2023-09-09"
7434102;"CUST_21";"Butchers";7;34;234.5;"2022-12-11"
7435444;"CUST_18";"Computers and electric accessories";6;20;120.0;"2022-07-27"
7435689;"CUST_23";"Electric household essentials";2;23;46.0;"2024-11-16"
7436006;"CUST_16";"Patisserie";7;16;108.5;"2023-07-25"
7437163;"CUST_14";"Patisserie";7;40;276.5;"2024-11-07"
7437993;"CUST_23";"Furniture";1;40;39.5;"2022-07-12"
7439015;"CUST_17";"Beverages";2;40;79.0;"2024-09-18"
7439310;"CUST_20";"Food";9;34;301.5;"2023-04-17"
7439699;"CUST_05";"Patisserie";2;20;40.0;"2023-11-01"
7440605;"CUST_10";"Beverages";4;41;164.0;"2024-08-15"
7440627;"CUST_13";"Patisserie";6;34;201.0;"2024-04-09"
7440936;"CUST_22";"Electric household essentials";1;16;15.5;"2024-08-20"
7441583;"CUST_05";"Furniture";10;20;200.0;"2023-12-06"
7441597;"CUST_18";"Butchers";6;29;174.0;"2022-05-16"
7442640;"CUST_20";"Milk Products";9;28;247.5;"2022-07-07"
7443511;"CUST_08";"Milk Products";2;5;10.0;"2023-05-07"
7443806;"CUST_17";"Computers and electric accessories";4;22;86.0;"2022-11-01"
7444294;"CUST_13";"Electric household essentials";10;38;380.0;"2023-07-16"
7446233;"CUST_09";"Food";5;35;175.0;"2022-01-03"
7446628;"CUST_12";"Patisserie";7;8;56.0;"2024-11-24"
7446701;"CUST_01";"Furniture";7;41;287.0;"2023-04-25"
7449467;"CUST_22";"Computers and electric accessories";6;32;192.0;"2023-03-07"
7450689;"CUST_18";"Butchers";0;0;0.0;"2023-05-25"
7450879;"CUST_01";"Beverages";4;34;134.0;"2024-03-29"
7450962;"CUST_19";"Butchers";10;22;215.0;"2022-01-30"
7451610;"CUST_19";"Patisserie";9;38;342.0;"2024-03-25"
7451771;"CUST_04";"Electric household essentials";3;13;37.5;"2024-11-03"
7453758;"CUST_06";"Milk Products";1;32;32.0;"2022-04-02"
7454284;"CUST_06";"Computers and electric accessories";6;31;183.0;"2022-09-13"
7455673;"CUST_22";"Butchers";2;13;25.0;"2023-07-10"
7457356;"CUST_15";"Patisserie";6;34;201.0;"2023-05-21"
7457909;"CUST_24";"Milk Products";8;38;304.0;"2022-07-06"
7458829;"CUST_23";"Furniture";5;7;32.5;"2023-08-13"
7459156;"CUST_03";"Furniture";7;17;119.0;"2023-01-18"
7459774;"CUST_20";"Patisserie";4;38;152.0;"2022-04-25"
7459810;"CUST_09";"Food";8;14;112.0;"2022-12-01"
7459959;"CUST_09";"Beverages";7;19;129.5;"2023-04-06"
7459969;"CUST_24";"Electric household essentials";5;32;160.0;"2024-04-27"
7460674;"CUST_24";"Patisserie";3;16;46.5;"2024-10-03"
7460913;"CUST_18";"Patisserie";7;22;150.5;"2024-08-10"
7461424;"CUST_25";"Beverages";0;0;0.0;"2024-11-23"
7462915;"CUST_03";"Patisserie";5;28;137.5;"2024-05-10"
7465318;"CUST_16";"Electric household essentials";7;13;87.5;"2022-10-03"
7466675;"CUST_04";"Food";5;22;107.5;"2023-07-24"
7467051;"CUST_22";"Milk Products";0;0;0.0;"2024-05-18"
7467332;"CUST_15";"Furniture";3;7;19.5;"2022-04-19"
7467481;"CUST_09";"Beverages";9;37;328.5;"2022-03-12"
7467487;"CUST_07";"Butchers";1;23;23.0;"2022-04-04"
7467643;"CUST_19";"Patisserie";3;40;118.5;"2022-06-25"
7467814;"CUST_04";"Furniture";3;11;33.0;"2024-07-29"
7468191;"CUST_07";"Milk Products";5;32;160.0;"2022-01-12"
7469530;"CUST_03";"Computers and electric accessories";2;34;67.0;"2023-08-21"
7470175;"CUST_06";"Food";3;29;87.0;"2022-12-10"
7470621;"CUST_02";"Electric household essentials";3;34;100.5;"2024-04-20"
7471824;"CUST_03";"Beverages";7;25;171.5;"2023-01-01"
7472110;"CUST_20";"Patisserie";3;16;46.5;"2022-08-02"
7472179;"CUST_04";"Electric household essentials";2;16;31.0;"2022-04-14"
7472400;"CUST_16";"Patisserie";0;0;0.0;"2022-05-14"
7472571;"CUST_08";"Electric household essentials";10;17;170.0;"2023-06-19"
7472702;"CUST_08";"Food";6;8;48.0;"2024-07-14"
7472803;"CUST_02";"Computers and electric accessories";9;32;288.0;"2023-06-10"
7473324;"CUST_16";"Milk Products";2;32;64.0;"2022-02-05"
7474047;"CUST_14";"Patisserie";9;29;261.0;"2022-02-10"
7474583;"CUST_10";"Computers and electric accessories";6;32;192.0;"2024-04-08"
7476250;"CUST_12";"Furniture";7;7;45.5;"2023-10-29"
7477131;"CUST_15";"Patisserie";3;14;42.0;"2024-09-29"
7477657;"CUST_23";"Furniture";5;41;205.0;"2022-12-28"
7478191;"CUST_02";"Furniture";2;28;55.0;"2023-12-26"
7478459;"CUST_22";"Furniture";5;16;77.5;"2022-01-05"
7478809;"CUST_11";"Milk Products";5;38;190.0;"2022-09-02"
7478827;"CUST_07";"Milk Products";0;0;0.0;"2022-11-09"
7478863;"CUST_22";"Patisserie";2;25;49.0;"2022-05-16"
7479551;"CUST_10";"Food";4;37;146.0;"2022-02-25"
7480229;"CUST_06";"Furniture";6;40;237.0;"2022-01-22"
7480606;"CUST_23";"Computers and electric accessories";2;38;76.0;"2022-05-09"
7481579;"CUST_09";"Patisserie";8;17;136.0;"2023-05-13"
7482416;"CUST_09";"Patisserie";10;20;200.0;"2023-11-30"
7483259;"CUST_11";"Butchers";10;38;380.0;"2022-06-27"
7484072;"CUST_02";"Butchers";10;41;410.0;"2024-12-31"
7485369;"CUST_25";"Furniture";3;34;100.5;"2022-06-19"
7486067;"CUST_19";"Computers and electric accessories";5;32;160.0;"2024-09-12"
7486518;"CUST_12";"Butchers";3;41;123.0;"2022-02-20"
7487176;"CUST_23";"Milk Products";10;7;65.0;"2022-10-21"
7487450;"CUST_13";"Computers and electric accessories";3;29;87.0;"2022-03-12"
7488201;"CUST_14";"Furniture";4;32;128.0;"2024-06-24"
7489353;"CUST_05";"Milk Products";4;16;62.0;"2024-10-30"
7489452;"CUST_06";"Butchers";7;38;266.0;"2023-02-16"
7490726;"CUST_17";"Furniture";4;28;110.0;"2022-02-01"
7490771;"CUST_22";"Milk Products";9;34;301.5;"2024-03-18"
7491390;"CUST_03";"Beverages";10;13;125.0;"2024-12-06"
7493700;"CUST_15";"Beverages";8;34;268.0;"2022-06-13"
7493896;"CUST_11";"Electric household essentials";4;20;80.0;"2024-12-07"
7496884;"CUST_13";"Milk Products";3;38;114.0;"2022-07-10"
7497013;"CUST_24";"Beverages";7;14;98.0;"2022-02-02"
7497608;"CUST_16";"Butchers";6;22;129.0;"2022-09-26"
7497632;"CUST_25";"Butchers";4;35;140.0;"2022-12-11"
7498795;"CUST_10";"Furniture";0;0;0.0;"2025-01-10"
7498911;"CUST_08";"Food";5;10;47.5;"2022-02-11"
7500710;"CUST_07";"Patisserie";9;13;112.5;"2024-06-29"
7501851;"CUST_18";"Milk Products";3;13;37.5;"2024-08-21"
7502019;"CUST_07";"Food";8;11;88.0;"2023-01-05"
7504005;"CUST_05";"Beverages";4;41;164.0;"2024-07-13"
7504022;"CUST_16";"Food";5;41;205.0;"2023-04-07"
7504883;"CUST_03";"Milk Products";9;31;274.5;"2022-04-20"
7504945;"CUST_07";"Computers and electric accessories";10;35;350.0;"2022-12-25"
7505689;"CUST_12";"Furniture";4;11;44.0;"2023-04-15"
7505995;"CUST_08";"Milk Products";4;7;26.0;"2022-06-04"
7506005;"CUST_10";"Electric household essentials";8;23;184.0;"2024-10-12"
7507547;"CUST_11";"Electric household essentials";7;23;161.0;"2022-05-01"
7508339;"CUST_10";"Furniture";6;26;156.0;"2022-07-05"
7508727;"CUST_24";"Milk Products";3;32;96.0;"2024-09-08"
7509489;"CUST_23";"Computers and electric accessories";7;29;203.0;"2024-05-22"
7510339;"CUST_07";"Computers and electric accessories";7;37;255.5;"2023-08-09"
7510517;"CUST_05";"Butchers";3;19;55.5;"2024-03-10"
7510710;"CUST_16";"Electric household essentials";4;38;152.0;"2023-06-26"
7512121;"CUST_08";"Furniture";4;11;44.0;"2024-07-14"
7512354;"CUST_13";"Milk Products";3;8;24.0;"2022-09-13"
7513847;"CUST_07";"Computers and electric accessories";2;16;31.0;"2023-03-06"
7513988;"CUST_19";"Electric household essentials";5;26;130.0;"2022-03-09"
7515524;"CUST_16";"Furniture";3;5;15.0;"2023-10-16"
7515623;"CUST_22";"Food";7;5;35.0;"2024-07-13"
7516568;"CUST_24";"Milk Products";6;14;84.0;"2022-02-06"
7516693;"CUST_01";"Food";2;25;49.0;"2023-04-19"
7516721;"CUST_12";"Patisserie";3;26;78.0;"2023-04-02"
7517089;"CUST_17";"Milk Products";10;7;65.0;"2025-01-02"
7517582;"CUST_24";"Computers and electric accessories";9;20;180.0;"2022-08-07"
7517758;"CUST_02";"Milk Products";10;31;305.0;"2023-06-20"
7518278;"CUST_07";"Furniture";1;40;39.5;"2024-04-11"
7520240;"CUST_12";"Beverages";5;22;107.5;"2024-02-04"
7522573;"CUST_01";"Beverages";4;40;158.0;"2022-05-22"
7522804;"CUST_20";"Computers and electric accessories";1;19;18.5;"2023-02-19"
7522989;"CUST_06";"Electric household essentials";3;5;15.0;"2022-03-16"
7525212;"CUST_14";"Electric household essentials";6;16;93.0;"2022-01-24"
7525583;"CUST_20";"Milk Products";3;37;109.5;"2023-07-23"
7528195;"CUST_24";"Patisserie";0;0;0.0;"2023-03-15"
7528525;"CUST_11";"Patisserie";4;14;56.0;"2023-05-06"
7528741;"CUST_25";"Beverages";5;20;100.0;"2022-01-20"
7529501;"CUST_18";"Furniture";8;20;160.0;"2023-11-13"
7529592;"CUST_23";"Computers and electric accessories";6;26;156.0;"2023-01-31"
7530536;"CUST_07";"Milk Products";8;8;64.0;"2024-05-10"
7531055;"CUST_09";"Patisserie";7;26;182.0;"2022-06-02"
7531099;"CUST_14";"Beverages";7;5;35.0;"2022-09-01"
7531230;"CUST_05";"Computers and electric accessories";10;34;335.0;"2024-11-02"
7533209;"CUST_21";"Patisserie";10;31;305.0;"2024-11-22"
7533495;"CUST_22";"Electric household essentials";7;22;150.5;"2025-01-15"
7533515;"CUST_05";"Furniture";2;13;25.0;"2023-02-13"
7534544;"CUST_03";"Butchers";1;20;20.0;"2022-08-14"
7535754;"CUST_23";"Computers and electric accessories";4;34;134.0;"2023-06-20"
7535814;"CUST_05";"Butchers";0;0;0.0;"2022-12-03"
7536831;"CUST_18";"Butchers";6;28;165.0;"2022-12-08"
7536902;"CUST_02";"Beverages";2;22;43.0;"2023-02-01"
7539151;"CUST_20";"Milk Products";7;28;192.5;"2022-07-21"
7539741;"CUST_06";"Patisserie";1;10;9.5;"2024-10-17"
7540068;"CUST_14";"Electric household essentials";4;16;62.0;"2024-06-12"
7543333;"CUST_24";"Computers and electric accessories";5;28;137.5;"2022-03-28"
7545653;"CUST_22";"Milk Products";2;13;25.0;"2022-11-28"
7546166;"CUST_07";"Butchers";4;13;50.0;"2023-12-27"
7547051;"CUST_23";"Food";3;41;123.0;"2024-09-24"
7547448;"CUST_05";"Beverages";10;19;185.0;"2022-08-07"
7548261;"CUST_08";"Milk Products";8;13;100.0;"2022-08-24"
7548408;"CUST_18";"Milk Products";4;14;56.0;"2023-04-14"
7548617;"CUST_12";"Electric household essentials";10;38;380.0;"2024-10-07"
7548856;"CUST_23";"Beverages";3;22;64.5;"2024-06-16"
7549064;"CUST_03";"Furniture";4;34;134.0;"2024-10-13"
7549543;"CUST_16";"Milk Products";6;40;237.0;"2023-12-07"
7551197;"CUST_04";"Food";7;23;161.0;"2022-08-23"
7551403;"CUST_15";"Beverages";4;13;50.0;"2023-12-13"
7551798;"CUST_20";"Butchers";4;8;32.0;"2023-06-15"
7553716;"CUST_22";"Food";0;0;0.0;"2024-04-07"
7554858;"CUST_25";"Milk Products";0;0;0.0;"2023-09-27"
7555309;"CUST_12";"Beverages";5;22;107.5;"2022-07-15"
7556855;"CUST_15";"Butchers";3;38;114.0;"2024-01-10"
7556903;"CUST_17";"Butchers";6;23;138.0;"2023-08-12"
7557655;"CUST_11";"Furniture";8;34;268.0;"2022-04-04"
7557807;"CUST_07";"Furniture";3;40;118.5;"2022-02-07"
7558362;"CUST_08";"Patisserie";4;7;26.0;"2024-06-01"
7558428;"CUST_02";"Patisserie";7;14;98.0;"2023-04-02"
7559306;"CUST_22";"Butchers";10;38;380.0;"2022-08-19"
7559379;"CUST_14";"Milk Products";6;41;246.0;"2023-03-19"
7560356;"CUST_14";"Patisserie";2;40;79.0;"2024-05-24"
7560470;"CUST_21";"Electric household essentials";1;29;29.0;"2023-08-27"
7561034;"CUST_14";"Electric household essentials";10;10;95.0;"2022-08-25"
7561357;"CUST_12";"Patisserie";3;38;114.0;"2024-04-27"
7561371;"CUST_12";"Food";1;10;9.5;"2024-10-26"
7561812;"CUST_11";"Computers and electric accessories";9;11;99.0;"2022-03-13"
7562077;"CUST_04";"Computers and electric accessories";7;7;45.5;"2023-08-16"
7563132;"CUST_25";"Butchers";6;28;165.0;"2022-09-10"
7563311;"CUST_23";"Patisserie";8;29;232.0;"2024-11-16"
7564225;"CUST_18";"Food";0;0;0.0;"2024-11-09"
7564934;"CUST_09";"Beverages";10;25;245.0;"2023-07-23"
7564949;"CUST_01";"Butchers";10;11;110.0;"2023-11-27"
7565200;"CUST_05";"Milk Products";8;23;184.0;"2023-12-09"
7565362;"CUST_18";"Computers and electric accessories";1;20;20.0;"2024-10-10"
7565406;"CUST_15";"Butchers";9;23;207.0;"2023-10-06"
7567638;"CUST_17";"Computers and electric accessories";8;13;100.0;"2024-05-08"
7567788;"CUST_22";"Patisserie";9;38;342.0;"2024-04-26"
7569506;"CUST_08";"Butchers";1;41;41.0;"2022-11-10"
7569671;"CUST_23";"Beverages";10;28;275.0;"2022-11-17"
7570716;"CUST_22";"Food";10;13;125.0;"2022-04-15"
7570892;"CUST_04";"Milk Products";10;38;380.0;"2023-12-21"
7571093;"CUST_17";"Milk Products";9;11;99.0;"2022-11-18"
7572090;"CUST_09";"Furniture";5;7;32.5;"2023-01-18"
7572716;"CUST_11";"Patisserie";8;14;112.0;"2022-04-10"
7574833;"CUST_04";"Patisserie";7;38;266.0;"2022-04-21"
7575240;"CUST_22";"Butchers";10;26;260.0;"2023-05-19"
7575263;"CUST_22";"Electric household essentials";1;7;6.5;"2024-02-25"
7576860;"CUST_16";"Butchers";10;31;305.0;"2023-08-26"
7577279;"CUST_04";"Butchers";9;22;193.5;"2022-09-29"
7577984;"CUST_01";"Food";5;29;145.0;"2023-12-19"
7580375;"CUST_10";"Furniture";8;14;112.0;"2023-10-17"
7580724;"CUST_20";"Patisserie";8;32;256.0;"2024-09-02"
7581115;"CUST_18";"Furniture";0;0;0.0;"2022-01-22"
7581231;"CUST_18";"Milk Products";0;0;0.0;"2024-12-09"
7581358;"CUST_07";"Milk Products";8;20;160.0;"2024-07-18"
7582224;"CUST_12";"Furniture";9;5;45.0;"2022-02-01"
7582292;"CUST_17";"Milk Products";2;32;64.0;"2023-06-18"
7582930;"CUST_01";"Patisserie";2;40;79.0;"2023-09-27"
7583357;"CUST_01";"Electric household essentials";4;23;92.0;"2024-01-01"
7583557;"CUST_14";"Milk Products";0;0;0.0;"2024-01-04"
7583684;"CUST_25";"Electric household essentials";3;17;51.0;"2022-02-02"
7583936;"CUST_01";"Food";2;10;19.0;"2023-08-02"
7583955;"CUST_12";"Food";6;17;102.0;"2022-02-14"
7584688;"CUST_05";"Patisserie";3;40;118.5;"2022-09-27"
7585393;"CUST_24";"Patisserie";10;31;305.0;"2022-01-26"
7586036;"CUST_16";"Furniture";1;16;15.5;"2024-05-23"
7586947;"CUST_24";"Food";9;29;261.0;"2024-01-28"
7586988;"CUST_22";"Beverages";3;7;19.5;"2022-03-15"
7587019;"CUST_22";"Milk Products";10;32;320.0;"2024-06-29"
7588123;"CUST_05";"Electric household essentials";9;28;247.5;"2022-04-03"
7588153;"CUST_16";"Electric household essentials";10;34;335.0;"2022-03-24"
7589131;"CUST_22";"Butchers";7;37;255.5;"2024-12-11"
7589315;"CUST_04";"Computers and electric accessories";10;10;95.0;"2022-12-16"
7589967;"CUST_16";"Electric household essentials";0;0;0.0;"2023-02-25"
7591250;"CUST_16";"Milk Products";4;16;62.0;"2024-10-23"
7592178;"CUST_13";"Furniture";9;11;99.0;"2022-08-19"
7593038;"CUST_14";"Beverages";4;32;128.0;"2023-01-27"
7593483;"CUST_18";"Furniture";7;20;140.0;"2023-07-26"
7594834;"CUST_22";"Furniture";1;41;41.0;"2024-03-16"
7594907;"CUST_01";"Milk Products";4;10;38.0;"2024-03-24"
7595172;"CUST_23";"Food";4;25;98.0;"2024-06-01"
7595317;"CUST_06";"Milk Products";6;7;39.0;"2022-05-12"
7595380;"CUST_06";"Furniture";4;17;68.0;"2022-11-13"
7595390;"CUST_14";"Butchers";6;23;138.0;"2023-04-08"
7597485;"CUST_14";"Milk Products";9;32;288.0;"2023-02-24"
7597576;"CUST_10";"Butchers";6;38;228.0;"2022-09-17"
7597821;"CUST_01";"Butchers";5;41;205.0;"2024-05-18"
7599500;"CUST_16";"Furniture";9;11;99.0;"2022-01-15"
7601000;"CUST_09";"Butchers";4;14;56.0;"2024-01-18"
7602284;"CUST_17";"Patisserie";8;25;196.0;"2024-03-17"
7602955;"CUST_12";"Computers and electric accessories";4;25;98.0;"2024-03-24"
7603643;"CUST_22";"Milk Products";1;31;30.5;"2023-09-28"
7603720;"CUST_14";"Food";5;23;115.0;"2022-05-25"
7603860;"CUST_11";"Computers and electric accessories";8;22;172.0;"2025-01-16"
7604093;"CUST_09";"Food";5;14;70.0;"2022-02-06"
7604627;"CUST_09";"Butchers";2;37;73.0;"2023-04-19"
7607001;"CUST_11";"Computers and electric accessories";9;7;58.5;"2022-05-18"
7607532;"CUST_24";"Computers and electric accessories";6;11;66.0;"2023-04-07"
7607940;"CUST_09";"Patisserie";7;17;119.0;"2023-01-24"
7608026;"CUST_14";"Furniture";4;28;110.0;"2024-12-08"
7608681;"CUST_17";"Electric household essentials";0;0;0.0;"2024-03-07"
7609763;"CUST_02";"Computers and electric accessories";10;13;125.0;"2024-11-18"
7609800;"CUST_05";"Patisserie";4;38;152.0;"2024-10-30"
7610031;"CUST_03";"Electric household essentials";2;37;73.0;"2023-07-27"
7610612;"CUST_09";"Electric household essentials";8;17;136.0;"2024-03-25"
7611850;"CUST_19";"Beverages";4;7;26.0;"2023-06-22"
7612835;"CUST_08";"Beverages";0;0;0.0;"2024-11-04"
7614106;"CUST_13";"Furniture";3;40;118.5;"2024-06-04"
7614413;"CUST_12";"Computers and electric accessories";8;25;196.0;"2022-05-17"
7615768;"CUST_21";"Butchers";2;32;64.0;"2023-10-19"
7618002;"CUST_02";"Butchers";5;7;32.5;"2023-06-12"
7619486;"CUST_16";"Butchers";1;37;36.5;"2024-10-23"
7622447;"CUST_03";"Milk Products";10;34;335.0;"2023-04-14"
7622488;"CUST_13";"Milk Products";1;7;6.5;"2022-02-09"
7622517;"CUST_02";"Electric household essentials";1;16;15.5;"2022-04-15"
7623526;"CUST_17";"Computers and electric accessories";0;0;0.0;"2024-03-07"
7624812;"CUST_07";"Furniture";4;17;68.0;"2022-02-11"
7627081;"CUST_14";"Beverages";6;26;156.0;"2022-03-12"
7627549;"CUST_11";"Electric household essentials";2;29;58.0;"2024-10-01"
7627807;"CUST_11";"Computers and electric accessories";8;34;268.0;"2023-11-12"
7628297;"CUST_16";"Electric household essentials";1;22;21.5;"2022-05-19"
7628356;"CUST_03";"Food";4;41;164.0;"2024-03-29"
7629978;"CUST_01";"Computers and electric accessories";1;28;27.5;"2024-10-16"
7630017;"CUST_20";"Beverages";8;20;160.0;"2022-09-03"
7633013;"CUST_08";"Beverages";2;20;40.0;"2022-05-03"
7633119;"CUST_05";"Electric household essentials";9;23;207.0;"2022-03-01"
7633588;"CUST_04";"Beverages";8;38;304.0;"2024-03-20"
7634319;"CUST_05";"Furniture";4;16;62.0;"2023-10-10"
7634598;"CUST_06";"Electric household essentials";7;16;108.5;"2022-04-30"
7635738;"CUST_02";"Computers and electric accessories";5;23;115.0;"2024-01-11"
7635856;"CUST_20";"Computers and electric accessories";4;7;26.0;"2023-07-16"
7636157;"CUST_16";"Computers and electric accessories";5;37;182.5;"2022-08-29"
7636962;"CUST_07";"Patisserie";9;34;301.5;"2022-08-24"
7637734;"CUST_08";"Butchers";4;34;134.0;"2025-01-16"
7637745;"CUST_25";"Beverages";4;31;122.0;"2023-07-18"
7638443;"CUST_25";"Computers and electric accessories";4;38;152.0;"2025-01-02"
7639348;"CUST_17";"Butchers";4;22;86.0;"2023-06-10"
7639499;"CUST_14";"Patisserie";6;17;102.0;"2023-09-07"
7640925;"CUST_09";"Furniture";1;35;35.0;"2022-02-15"
7641024;"CUST_17";"Butchers";2;22;43.0;"2023-12-01"
7641109;"CUST_13";"Patisserie";8;34;268.0;"2023-08-20"
7642752;"CUST_01";"Computers and electric accessories";10;7;65.0;"2025-01-15"
7644218;"CUST_25";"Milk Products";3;20;60.0;"2023-05-18"
7644695;"CUST_22";"Beverages";3;7;19.5;"2022-12-09"
7645068;"CUST_10";"Furniture";8;40;316.0;"2024-01-01"
7645237;"CUST_02";"Computers and electric accessories";2;13;25.0;"2024-08-09"
7645274;"CUST_10";"Computers and electric accessories";7;19;129.5;"2024-03-24"
7647224;"CUST_13";"Milk Products";7;5;35.0;"2022-03-19"
7648026;"CUST_09";"Beverages";10;40;395.0;"2024-01-24"
7649427;"CUST_10";"Milk Products";5;20;100.0;"2023-11-16"
7650764;"CUST_08";"Furniture";5;7;32.5;"2023-10-07"
7651449;"CUST_25";"Computers and electric accessories";5;26;130.0;"2022-06-23"
7651965;"CUST_06";"Computers and electric accessories";10;7;65.0;"2024-08-20"
7652286;"CUST_17";"Beverages";5;26;130.0;"2023-09-10"
7653959;"CUST_19";"Electric household essentials";10;29;290.0;"2024-10-26"
7654213;"CUST_23";"Patisserie";10;20;200.0;"2024-05-29"
7654337;"CUST_01";"Furniture";4;34;134.0;"2023-02-16"
7655704;"CUST_11";"Computers and electric accessories";8;35;280.0;"2022-08-08"
7656897;"CUST_08";"Butchers";8;38;304.0;"2023-01-12"
7658118;"CUST_20";"Food";4;16;62.0;"2024-03-11"
7658348;"CUST_06";"Milk Products";5;28;137.5;"2023-12-13"
7658974;"CUST_24";"Food";1;34;33.5;"2024-12-30"
7659597;"CUST_11";"Patisserie";3;16;46.5;"2024-08-17"
7660150;"CUST_06";"Food";10;10;95.0;"2023-08-17"
7660981;"CUST_19";"Computers and electric accessories";5;23;115.0;"2023-05-26"
7661176;"CUST_01";"Electric household essentials";9;23;207.0;"2023-06-15"
7662007;"CUST_16";"Computers and electric accessories";2;5;10.0;"2024-01-07"
7662644;"CUST_06";"Patisserie";8;7;52.0;"2023-07-13"
7662764;"CUST_25";"Milk Products";1;5;5.0;"2023-08-17"
7662986;"CUST_12";"Electric household essentials";10;29;290.0;"2023-01-08"
7663071;"CUST_18";"Computers and electric accessories";6;32;192.0;"2022-05-26"
7663232;"CUST_13";"Patisserie";9;29;261.0;"2022-12-27"
7663927;"CUST_21";"Milk Products";9;29;261.0;"2023-08-02"
7663942;"CUST_02";"Milk Products";0;0;0.0;"2023-02-28"
7664369;"CUST_12";"Furniture";3;16;46.5;"2022-09-17"
7666691;"CUST_11";"Butchers";6;37;219.0;"2023-03-26"
7667326;"CUST_22";"Milk Products";2;29;58.0;"2022-07-22"
7669237;"CUST_22";"Food";5;20;100.0;"2024-03-16"
7669281;"CUST_05";"Butchers";4;7;26.0;"2023-07-06"
7670020;"CUST_13";"Food";6;8;48.0;"2023-03-20"
7670389;"CUST_21";"Milk Products";8;14;112.0;"2023-12-17"
7671253;"CUST_12";"Electric household essentials";3;23;69.0;"2022-10-14"
7672104;"CUST_22";"Furniture";3;7;19.5;"2024-06-09"
7672297;"CUST_06";"Food";4;35;140.0;"2023-03-30"
7673230;"CUST_22";"Patisserie";5;29;145.0;"2024-06-25"
7673556;"CUST_10";"Milk Products";0;0;0.0;"2024-01-07"
7673621;"CUST_24";"Furniture";6;22;129.0;"2023-02-11"
7673761;"CUST_25";"Food";10;20;200.0;"2023-09-19"
7674214;"CUST_23";"Milk Products";2;5;10.0;"2022-09-28"
7675263;"CUST_06";"Butchers";7;8;56.0;"2024-07-07"
7675282;"CUST_22";"Electric household essentials";0;0;0.0;"2024-03-05"
7675840;"CUST_19";"Electric household essentials";7;22;150.5;"2023-02-25"
7676502;"CUST_08";"Food";2;11;22.0;"2024-03-26"
7679605;"CUST_18";"Beverages";3;8;24.0;"2023-02-10"
7681375;"CUST_02";"Butchers";8;23;184.0;"2022-07-09"
7682765;"CUST_16";"Electric household essentials";3;26;78.0;"2023-07-29"
7683478;"CUST_06";"Furniture";5;16;77.5;"2023-02-18"
7683878;"CUST_21";"Patisserie";2;41;82.0;"2024-11-05"
7684251;"CUST_23";"Food";8;11;88.0;"2023-09-21"
7684996;"CUST_15";"Patisserie";0;0;0.0;"2022-12-04"
7686075;"CUST_15";"Electric household essentials";2;28;55.0;"2023-12-31"
7686537;"CUST_20";"Food";3;16;46.5;"2024-09-04"
7688189;"CUST_23";"Butchers";2;5;10.0;"2022-01-02"
7688823;"CUST_21";"Furniture";9;16;139.5;"2023-09-29"
7688827;"CUST_18";"Electric household essentials";3;32;96.0;"2023-01-15"
7689517;"CUST_03";"Patisserie";10;10;95.0;"2024-05-01"
7689571;"CUST_23";"Food";5;34;167.5;"2023-10-28"
7689814;"CUST_19";"Furniture";3;31;91.5;"2022-08-05"
7689893;"CUST_10";"Butchers";4;14;56.0;"2022-03-08"
7690703;"CUST_07";"Milk Products";6;37;219.0;"2022-06-25"
7691237;"CUST_01";"Electric household essentials";4;20;80.0;"2025-01-12"
7691551;"CUST_22";"Butchers";6;38;228.0;"2023-11-25"
7693291;"CUST_12";"Electric household essentials";9;13;112.5;"2025-01-04"
7693498;"CUST_07";"Food";1;23;23.0;"2024-10-08"
7694067;"CUST_25";"Beverages";3;34;100.5;"2024-12-01"
7694074;"CUST_05";"Butchers";4;41;164.0;"2024-12-05"
7694552;"CUST_20";"Furniture";9;38;342.0;"2024-05-01"
7694831;"CUST_15";"Milk Products";7;20;140.0;"2023-07-23"
7695164;"CUST_04";"Computers and electric accessories";9;32;288.0;"2024-09-03"
7695762;"CUST_22";"Beverages";10;8;80.0;"2022-06-15"
7695850;"CUST_12";"Milk Products";9;40;355.5;"2023-09-08"
7697399;"CUST_09";"Electric household essentials";9;16;139.5;"2024-09-09"
7697657;"CUST_11";"Electric household essentials";7;29;203.0;"2024-10-30"
7697701;"CUST_16";"Food";2;25;49.0;"2022-03-04"
7697714;"CUST_10";"Beverages";9;29;261.0;"2022-09-03"
7699025;"CUST_23";"Computers and electric accessories";4;26;104.0;"2023-01-30"
7699654;"CUST_15";"Furniture";9;11;99.0;"2024-02-15"
7701507;"CUST_10";"Patisserie";4;29;116.0;"2024-10-02"
7704361;"CUST_18";"Computers and electric accessories";10;7;65.0;"2023-08-02"
7704793;"CUST_22";"Furniture";4;41;164.0;"2023-07-02"
7705072;"CUST_03";"Butchers";1;23;23.0;"2022-12-08"
7705088;"CUST_14";"Butchers";10;26;260.0;"2023-07-04"
7705441;"CUST_25";"Milk Products";0;0;0.0;"2022-02-27"
7706309;"CUST_08";"Beverages";4;16;62.0;"2022-06-06"
7707333;"CUST_04";"Beverages";9;35;315.0;"2022-08-31"
7709385;"CUST_14";"Computers and electric accessories";1;35;35.0;"2023-08-03"
7710775;"CUST_05";"Furniture";5;38;190.0;"2023-02-22"
7710993;"CUST_17";"Patisserie";1;25;24.5;"2023-10-23"
7711337;"CUST_14";"Beverages";8;14;112.0;"2022-02-28"
7714982;"CUST_20";"Butchers";4;25;98.0;"2024-06-17"
7715494;"CUST_09";"Computers and electric accessories";3;34;100.5;"2024-09-22"
7717273;"CUST_10";"Patisserie";8;22;172.0;"2022-12-25"
7718157;"CUST_01";"Butchers";8;34;268.0;"2023-07-12"
7719299;"CUST_23";"Computers and electric accessories";7;7;45.5;"2022-08-07"
7719806;"CUST_11";"Electric household essentials";9;16;139.5;"2023-06-07"
7720273;"CUST_23";"Beverages";2;14;28.0;"2024-07-26"
7720299;"CUST_22";"Furniture";3;40;118.5;"2024-10-29"
7721253;"CUST_01";"Milk Products";4;40;158.0;"2024-01-06"
7722346;"CUST_02";"Furniture";6;38;228.0;"2023-11-10"
7722927;"CUST_14";"Milk Products";6;16;93.0;"2023-04-10"
7724357;"CUST_10";"Beverages";8;14;112.0;"2023-02-10"
7725571;"CUST_09";"Furniture";3;41;123.0;"2024-06-24"
7726623;"CUST_11";"Beverages";0;0;0.0;"2024-12-16"
7727096;"CUST_19";"Food";5;11;55.0;"2022-03-27"
7727282;"CUST_14";"Food";6;13;75.0;"2024-06-09"
7727335;"CUST_24";"Patisserie";7;22;150.5;"2023-11-24"
7727815;"CUST_16";"Butchers";7;37;255.5;"2023-03-21"
7728635;"CUST_08";"Food";3;19;55.5;"2022-02-08"
7729050;"CUST_04";"Butchers";4;37;146.0;"2024-07-22"
7729357;"CUST_08";"Milk Products";0;0;0.0;"2024-06-19"
7729747;"CUST_13";"Food";5;34;167.5;"2023-06-29"
7729843;"CUST_23";"Patisserie";4;16;62.0;"2022-07-07"
7730094;"CUST_24";"Beverages";6;32;192.0;"2022-12-15"
7731210;"CUST_18";"Food";9;37;328.5;"2022-09-28"
7733378;"CUST_10";"Computers and electric accessories";9;32;288.0;"2024-04-04"
7736317;"CUST_09";"Electric household essentials";8;22;172.0;"2023-09-08"
7737340;"CUST_22";"Computers and electric accessories";10;34;335.0;"2024-07-31"
7738273;"CUST_06";"Beverages";9;8;72.0;"2024-03-23"
7738387;"CUST_19";"Beverages";2;28;55.0;"2023-01-10"
7739400;"CUST_06";"Milk Products";2;16;31.0;"2023-07-22"
7739444;"CUST_04";"Milk Products";9;38;342.0;"2023-05-25"
7739646;"CUST_07";"Beverages";3;40;118.5;"2022-03-25"
7739969;"CUST_17";"Computers and electric accessories";3;22;64.5;"2023-12-14"
7740400;"CUST_02";"Food";7;35;245.0;"2023-09-21"
7741209;"CUST_07";"Milk Products";6;8;48.0;"2024-06-10"
7744488;"CUST_09";"Beverages";3;28;82.5;"2023-07-31"
7744516;"CUST_04";"Computers and electric accessories";10;22;215.0;"2023-09-19"
7745199;"CUST_13";"Furniture";9;38;342.0;"2022-03-17"
7745477;"CUST_02";"Butchers";1;22;21.5;"2023-03-13"
7745510;"CUST_17";"Furniture";6;32;192.0;"2022-08-11"
7746499;"CUST_03";"Electric household essentials";8;11;88.0;"2022-04-02"
7747407;"CUST_08";"Food";6;34;201.0;"2024-04-09"
7748483;"CUST_14";"Milk Products";8;29;232.0;"2022-12-02"
7750901;"CUST_09";"Food";6;11;66.0;"2024-06-29"
7752160;"CUST_24";"Electric household essentials";3;34;100.5;"2024-08-29"
7752590;"CUST_06";"Electric household essentials";1;26;26.0;"2024-08-12"
7753152;"CUST_10";"Furniture";8;41;328.0;"2024-05-20"
7754466;"CUST_11";"Electric household essentials";3;17;51.0;"2022-03-01"
7755336;"CUST_08";"Milk Products";5;5;25.0;"2022-01-31"
7755532;"CUST_19";"Computers and electric accessories";5;14;70.0;"2022-04-20"
7755538;"CUST_13";"Electric household essentials";8;38;304.0;"2024-12-09"
7755568;"CUST_09";"Butchers";3;11;33.0;"2023-05-07"
7755695;"CUST_22";"Furniture";7;5;35.0;"2022-03-07"
7757078;"CUST_22";"Food";1;20;20.0;"2023-02-21"
7758732;"CUST_01";"Butchers";8;14;112.0;"2022-11-11"
7759967;"CUST_13";"Computers and electric accessories";5;17;85.0;"2024-01-03"
7760130;"CUST_12";"Patisserie";4;20;80.0;"2024-01-25"
7761566;"CUST_10";"Food";2;22;43.0;"2022-04-19"
7761795;"CUST_24";"Electric household essentials";8;16;124.0;"2022-09-02"
7762955;"CUST_18";"Patisserie";9;14;126.0;"2023-09-06"
7763038;"CUST_23";"Computers and electric accessories";4;14;56.0;"2024-03-26"
7763107;"CUST_13";"Furniture";3;20;60.0;"2024-09-15"
7764138;"CUST_13";"Butchers";10;23;230.0;"2023-02-04"
7764504;"CUST_14";"Milk Products";2;14;28.0;"2024-11-29"
7764643;"CUST_08";"Food";6;17;102.0;"2024-04-01"
7765366;"CUST_11";"Milk Products";9;16;139.5;"2023-11-18"
7765581;"CUST_13";"Electric household essentials";8;23;184.0;"2022-05-26"
7765690;"CUST_25";"Patisserie";1;5;5.0;"2024-03-03"
7765835;"CUST_07";"Electric household essentials";2;19;37.0;"2024-12-10"
7766873;"CUST_09";"Computers and electric accessories";0;0;0.0;"2023-03-29"
7766945;"CUST_18";"Electric household essentials";8;8;64.0;"2023-10-31"
7767182;"CUST_18";"Furniture";5;35;175.0;"2024-11-13"
7767926;"CUST_19";"Computers and electric accessories";5;41;205.0;"2022-05-22"
7771182;"CUST_10";"Electric household essentials";6;32;192.0;"2022-01-20"
7771546;"CUST_13";"Computers and electric accessories";3;11;33.0;"2023-11-11"
7771643;"CUST_12";"Furniture";10;40;395.0;"2023-03-11"
7773278;"CUST_11";"Electric household essentials";0;0;0.0;"2024-05-25"
7774282;"CUST_22";"Milk Products";7;20;140.0;"2023-04-26"
7777970;"CUST_19";"Computers and electric accessories";0;0;0.0;"2024-01-02"
7779073;"CUST_18";"Electric household essentials";10;34;335.0;"2022-02-13"
7779819;"CUST_08";"Furniture";3;29;87.0;"2024-10-30"
7780264;"CUST_07";"Milk Products";10;5;50.0;"2025-01-08"
7780286;"CUST_05";"Beverages";10;40;395.0;"2022-09-14"
7780561;"CUST_06";"Beverages";4;20;80.0;"2024-05-06"
7780832;"CUST_04";"Computers and electric accessories";0;0;0.0;"2024-06-14"
7781176;"CUST_05";"Furniture";7;11;77.0;"2022-11-18"
7781357;"CUST_24";"Electric household essentials";1;5;5.0;"2022-03-22"
7781876;"CUST_02";"Electric household essentials";6;34;201.0;"2024-08-15"
7782445;"CUST_13";"Patisserie";9;40;355.5;"2024-07-30"
7782524;"CUST_02";"Electric household essentials";9;26;234.0;"2022-06-12"
7783487;"CUST_13";"Food";9;23;207.0;"2024-02-19"
7783626;"CUST_13";"Computers and electric accessories";0;0;0.0;"2022-07-13"
7783753;"CUST_12";"Electric household essentials";8;7;52.0;"2023-03-10"
7784402;"CUST_20";"Furniture";10;7;65.0;"2022-06-07"
7784746;"CUST_16";"Electric household essentials";0;0;0.0;"2022-04-05"
7785972;"CUST_04";"Furniture";0;0;0.0;"2022-12-15"
7787171;"CUST_02";"Beverages";5;14;70.0;"2024-07-06"
7790991;"CUST_25";"Milk Products";5;10;47.5;"2024-03-13"
7791537;"CUST_24";"Beverages";2;41;82.0;"2024-02-05"
7792504;"CUST_14";"Electric household essentials";9;7;58.5;"2022-09-22"
7792938;"CUST_01";"Patisserie";2;25;49.0;"2022-01-21"
7793637;"CUST_14";"Furniture";3;13;37.5;"2022-03-01"
7793902;"CUST_06";"Patisserie";8;5;40.0;"2023-04-01"
7795859;"CUST_22";"Furniture";9;41;369.0;"2023-10-09"
7796666;"CUST_13";"Food";10;22;215.0;"2024-09-08"
7797020;"CUST_22";"Milk Products";6;37;219.0;"2024-09-03"
7797790;"CUST_24";"Beverages";7;32;224.0;"2022-10-09"
7797943;"CUST_13";"Food";6;11;66.0;"2024-05-15"
7798112;"CUST_11";"Patisserie";3;26;78.0;"2024-05-16"
7798410;"CUST_20";"Food";1;41;41.0;"2023-04-02"
7798925;"CUST_08";"Beverages";9;25;220.5;"2023-03-21"
7799286;"CUST_11";"Electric household essentials";7;10;66.5;"2023-11-28"
7799324;"CUST_21";"Furniture";0;0;0.0;"2023-10-31"
7799651;"CUST_05";"Patisserie";1;17;17.0;"2024-11-05"
7801513;"CUST_01";"Electric household essentials";6;11;66.0;"2022-09-21"
7804271;"CUST_22";"Patisserie";8;5;40.0;"2023-02-10"
7804296;"CUST_09";"Butchers";3;34;100.5;"2024-07-11"
7804412;"CUST_12";"Computers and electric accessories";9;38;342.0;"2025-01-04"
7804471;"CUST_22";"Furniture";6;7;39.0;"2022-07-16"
7805723;"CUST_10";"Milk Products";2;38;76.0;"2024-09-15"
7806205;"CUST_08";"Milk Products";3;37;109.5;"2023-03-03"
7807887;"CUST_02";"Computers and electric accessories";4;20;80.0;"2023-11-26"
7807998;"CUST_24";"Electric household essentials";4;11;44.0;"2024-01-03"
7808220;"CUST_25";"Electric household essentials";1;22;21.5;"2024-11-03"
7808804;"CUST_16";"Butchers";1;34;33.5;"2022-08-21"
7809540;"CUST_18";"Computers and electric accessories";6;34;201.0;"2024-09-25"
7810642;"CUST_12";"Beverages";8;13;100.0;"2024-03-04"
7810813;"CUST_09";"Butchers";9;34;301.5;"2023-05-04"
7811299;"CUST_05";"Butchers";3;34;100.5;"2023-07-21"
7812474;"CUST_15";"Milk Products";7;26;182.0;"2022-07-15"
7814081;"CUST_17";"Milk Products";7;23;161.0;"2024-05-21"
7814128;"CUST_01";"Beverages";6;7;39.0;"2024-09-22"
7814324;"CUST_23";"Computers and electric accessories";10;28;275.0;"2024-12-01"
7815351;"CUST_18";"Electric household essentials";5;10;47.5;"2024-10-10"
7816064;"CUST_14";"Butchers";10;32;320.0;"2022-04-01"
7816964;"CUST_24";"Food";2;26;52.0;"2024-01-16"
7817446;"CUST_16";"Electric household essentials";5;23;115.0;"2022-02-16"
7817857;"CUST_01";"Beverages";3;10;28.5;"2022-07-04"
7818460;"CUST_07";"Butchers";5;14;70.0;"2023-10-31"
7818602;"CUST_19";"Beverages";4;20;80.0;"2023-10-26"
7818630;"CUST_18";"Beverages";6;20;120.0;"2024-05-24"
7819012;"CUST_19";"Computers and electric accessories";0;0;0.0;"2023-07-02"
7819259;"CUST_25";"Beverages";6;32;192.0;"2022-11-18"
7819270;"CUST_13";"Computers and electric accessories";1;38;38.0;"2024-09-26"
7819515;"CUST_13";"Butchers";0;0;0.0;"2022-02-15"
7820167;"CUST_16";"Milk Products";0;0;0.0;"2023-11-21"
7821157;"CUST_11";"Computers and electric accessories";8;17;136.0;"2022-08-22"
7821493;"CUST_07";"Patisserie";10;29;290.0;"2024-12-17"
7821667;"CUST_16";"Milk Products";6;32;192.0;"2023-05-19"
7822143;"CUST_24";"Butchers";3;38;114.0;"2022-01-12"
7822326;"CUST_04";"Computers and electric accessories";8;17;136.0;"2024-04-04"
7824771;"CUST_24";"Furniture";3;31;91.5;"2023-12-25"
7825394;"CUST_01";"Patisserie";6;10;57.0;"2023-03-26"
7826312;"CUST_09";"Beverages";8;20;160.0;"2025-01-17"
7827422;"CUST_03";"Patisserie";3;23;69.0;"2023-10-26"
7828591;"CUST_02";"Patisserie";2;8;16.0;"2022-09-25"
7828800;"CUST_17";"Computers and electric accessories";7;29;203.0;"2024-11-03"
7829206;"CUST_23";"Butchers";1;16;15.5;"2024-12-05"
7829243;"CUST_17";"Patisserie";9;13;112.5;"2022-11-29"
7830284;"CUST_19";"Electric household essentials";5;35;175.0;"2022-08-10"
7831436;"CUST_12";"Furniture";4;41;164.0;"2024-03-20"
7833045;"CUST_05";"Milk Products";9;23;207.0;"2022-09-11"
7833172;"CUST_05";"Milk Products";6;32;192.0;"2023-11-22"
7833408;"CUST_10";"Patisserie";2;34;67.0;"2024-09-20"
7833453;"CUST_22";"Furniture";6;20;120.0;"2024-02-06"
7836121;"CUST_19";"Butchers";9;26;234.0;"2022-06-29"
7836176;"CUST_22";"Furniture";5;41;205.0;"2023-09-21"
7836458;"CUST_14";"Computers and electric accessories";10;32;320.0;"2024-05-12"
7837225;"CUST_19";"Furniture";3;32;96.0;"2023-09-08"
7837658;"CUST_12";"Butchers";2;26;52.0;"2022-09-16"
7839304;"CUST_21";"Milk Products";10;25;245.0;"2024-02-14"
7840048;"CUST_16";"Beverages";9;31;274.5;"2024-08-08"
7840743;"CUST_05";"Patisserie";3;11;33.0;"2024-09-30"
7841888;"CUST_25";"Food";5;10;47.5;"2023-06-01"
7842054;"CUST_03";"Milk Products";10;28;275.0;"2023-07-14"
7842114;"CUST_23";"Food";6;25;147.0;"2023-03-11"
7843840;"CUST_25";"Patisserie";10;34;335.0;"2022-12-31"
7844000;"CUST_24";"Butchers";4;22;86.0;"2022-05-10"
7847697;"CUST_19";"Butchers";7;35;245.0;"2024-08-05"
7848801;"CUST_06";"Butchers";1;37;36.5;"2024-04-23"
7851596;"CUST_12";"Electric household essentials";2;34;67.0;"2022-01-05"
7852595;"CUST_21";"Milk Products";1;8;8.0;"2022-08-04"
7852820;"CUST_19";"Milk Products";10;16;155.0;"2024-07-09"
7852936;"CUST_01";"Patisserie";5;13;62.5;"2022-12-14"
7853513;"CUST_08";"Computers and electric accessories";10;26;260.0;"2023-01-14"
7853798;"CUST_14";"Food";6;38;228.0;"2023-08-06"
7853822;"CUST_23";"Butchers";8;31;244.0;"2022-07-24"
7855690;"CUST_10";"Furniture";8;32;256.0;"2022-06-06"
7855916;"CUST_14";"Patisserie";4;26;104.0;"2022-08-11"
7856877;"CUST_12";"Furniture";7;41;287.0;"2023-12-24"
7856927;"CUST_10";"Patisserie";6;13;75.0;"2022-02-19"
7858070;"CUST_09";"Food";3;26;78.0;"2022-09-20"
7858668;"CUST_24";"Patisserie";10;20;200.0;"2022-09-14"
7859035;"CUST_17";"Beverages";7;34;234.5;"2022-11-22"
7861115;"CUST_05";"Milk Products";3;10;28.5;"2023-11-24"
7861272;"CUST_24";"Milk Products";8;23;184.0;"2024-07-16"
7864253;"CUST_08";"Computers and electric accessories";1;29;29.0;"2023-03-11"
7864309;"CUST_04";"Patisserie";1;41;41.0;"2023-03-22"
7864933;"CUST_24";"Beverages";1;29;29.0;"2022-11-29"
7865105;"CUST_01";"Furniture";8;29;232.0;"2024-02-03"
7866173;"CUST_04";"Electric household essentials";5;11;55.0;"2022-11-10"
7866322;"CUST_20";"Beverages";9;17;153.0;"2022-09-11"
7867022;"CUST_04";"Electric household essentials";4;29;116.0;"2023-12-31"
7867899;"CUST_05";"Butchers";6;40;237.0;"2022-08-11"
7868771;"CUST_14";"Food";5;22;107.5;"2024-12-31"
7868869;"CUST_04";"Butchers";3;34;100.5;"2024-03-18"
7869272;"CUST_06";"Butchers";0;0;0.0;"2023-01-12"
7869463;"CUST_14";"Computers and electric accessories";8;29;232.0;"2023-03-11"
7869591;"CUST_24";"Butchers";9;31;274.5;"2022-04-16"
7870096;"CUST_06";"Butchers";5;7;32.5;"2023-05-03"
7871362;"CUST_14";"Butchers";2;16;31.0;"2022-06-20"
7871535;"CUST_12";"Butchers";9;40;355.5;"2022-05-15"
7871836;"CUST_01";"Food";2;7;13.0;"2022-07-24"
7872818;"CUST_25";"Patisserie";8;16;124.0;"2024-12-21"
7875396;"CUST_04";"Butchers";7;32;224.0;"2024-04-24"
7876092;"CUST_14";"Patisserie";6;14;84.0;"2023-03-29"
7876398;"CUST_11";"Milk Products";7;29;203.0;"2023-10-13"
7876532;"CUST_12";"Patisserie";6;38;228.0;"2024-12-01"
7877932;"CUST_18";"Computers and electric accessories";4;25;98.0;"2022-08-29"
7877933;"CUST_15";"Butchers";2;37;73.0;"2023-04-26"
7878130;"CUST_15";"Milk Products";8;41;328.0;"2024-03-20"
7880395;"CUST_20";"Furniture";8;13;100.0;"2024-10-06"
7881149;"CUST_22";"Patisserie";8;38;304.0;"2024-03-29"
7881392;"CUST_14";"Computers and electric accessories";8;20;160.0;"2023-05-13"
7882087;"CUST_13";"Milk Products";9;40;355.5;"2024-06-03"
7882600;"CUST_03";"Milk Products";8;20;160.0;"2022-04-16"
7887194;"CUST_11";"Milk Products";4;16;62.0;"2022-11-06"
7887414;"CUST_15";"Computers and electric accessories";9;32;288.0;"2023-05-26"
7888046;"CUST_24";"Milk Products";3;37;109.5;"2023-10-22"
7889351;"CUST_20";"Computers and electric accessories";9;7;58.5;"2023-05-07"
7889556;"CUST_18";"Electric household essentials";5;11;55.0;"2022-07-23"
7891763;"CUST_18";"Patisserie";6;10;57.0;"2023-01-21"
7892617;"CUST_08";"Butchers";3;31;91.5;"2023-11-14"
7893362;"CUST_13";"Beverages";2;25;49.0;"2024-06-03"
7893476;"CUST_13";"Food";9;34;301.5;"2025-01-01"
7893709;"CUST_21";"Milk Products";10;26;260.0;"2024-01-25"
7893737;"CUST_23";"Furniture";5;16;77.5;"2024-08-06"
7893748;"CUST_24";"Beverages";5;22;107.5;"2022-06-06"
7894525;"CUST_23";"Butchers";1;26;26.0;"2023-01-31"
7894785;"CUST_24";"Milk Products";10;38;380.0;"2022-04-26"
7896424;"CUST_20";"Food";3;29;87.0;"2022-11-15"
7896612;"CUST_17";"Beverages";10;13;125.0;"2024-08-06"
7896895;"CUST_23";"Beverages";7;16;108.5;"2023-09-11"
7898262;"CUST_24";"Computers and electric accessories";7;32;224.0;"2024-06-11"
7898457;"CUST_16";"Beverages";10;41;410.0;"2022-05-11"
7898780;"CUST_23";"Food";6;34;201.0;"2024-01-07"
7898832;"CUST_13";"Milk Products";6;29;174.0;"2022-01-04"
7898844;"CUST_13";"Electric household essentials";1;19;18.5;"2023-09-14"
7898890;"CUST_09";"Computers and electric accessories";9;22;193.5;"2024-07-27"
7900234;"CUST_14";"Computers and electric accessories";6;23;138.0;"2024-06-13"
7900359;"CUST_12";"Milk Products";8;23;184.0;"2024-10-07"
7900727;"CUST_07";"Beverages";1;38;38.0;"2023-07-03"
7900945;"CUST_15";"Beverages";5;16;77.5;"2022-06-23"
7901897;"CUST_06";"Furniture";3;29;87.0;"2023-02-28"
7903686;"CUST_10";"Beverages";1;29;29.0;"2022-03-13"
7904311;"CUST_14";"Beverages";10;16;155.0;"2023-06-04"
7904450;"CUST_02";"Milk Products";1;14;14.0;"2022-06-17"
7904598;"CUST_13";"Milk Products";2;32;64.0;"2024-06-04"
7904645;"CUST_19";"Patisserie";6;41;246.0;"2022-12-14"
7904844;"CUST_25";"Beverages";5;20;100.0;"2022-07-01"
7905536;"CUST_14";"Food";10;20;200.0;"2022-10-16"
7906287;"CUST_03";"Beverages";1;41;41.0;"2024-12-29"
7906894;"CUST_06";"Computers and electric accessories";1;17;17.0;"2023-04-06"
7906917;"CUST_11";"Electric household essentials";1;34;33.5;"2022-01-21"
7907095;"CUST_17";"Milk Products";2;13;25.0;"2022-01-22"
7907172;"CUST_19";"Patisserie";8;17;136.0;"2024-02-17"
7908251;"CUST_03";"Food";3;10;28.5;"2023-04-22"
7908356;"CUST_16";"Butchers";5;28;137.5;"2023-04-22"
7908840;"CUST_15";"Patisserie";7;40;276.5;"2023-04-28"
7908998;"CUST_13";"Milk Products";5;5;25.0;"2023-02-18"
7909783;"CUST_12";"Computers and electric accessories";1;11;11.0;"2023-12-17"
7910126;"CUST_10";"Food";4;19;74.0;"2024-09-02"
7911838;"CUST_01";"Butchers";5;34;167.5;"2022-06-24"
7912681;"CUST_02";"Furniture";5;34;167.5;"2023-05-05"
7914826;"CUST_24";"Furniture";8;41;328.0;"2023-12-22"
7914914;"CUST_19";"Patisserie";4;5;20.0;"2025-01-04"
7915287;"CUST_17";"Butchers";2;22;43.0;"2024-05-11"
7915725;"CUST_15";"Butchers";9;29;261.0;"2022-08-25"
7917265;"CUST_18";"Milk Products";0;0;0.0;"2024-02-18"
7917866;"CUST_01";"Milk Products";4;20;80.0;"2023-08-04"
7918216;"CUST_17";"Patisserie";9;8;72.0;"2024-10-25"
7918707;"CUST_01";"Beverages";5;19;92.5;"2022-03-10"
7919038;"CUST_24";"Furniture";10;25;245.0;"2022-04-04"
7919193;"CUST_17";"Milk Products";4;20;80.0;"2023-08-01"
7920383;"CUST_15";"Computers and electric accessories";4;28;110.0;"2023-12-24"
7921654;"CUST_25";"Food";10;10;95.0;"2023-01-22"
7922911;"CUST_04";"Beverages";10;29;290.0;"2024-10-01"
7924859;"CUST_12";"Electric household essentials";3;37;109.5;"2023-08-18"
7925229;"CUST_10";"Milk Products";10;8;80.0;"2023-08-28"
7926031;"CUST_22";"Electric household essentials";6;41;246.0;"2024-07-16"
7926265;"CUST_18";"Patisserie";9;37;328.5;"2023-12-24"
7926454;"CUST_12";"Electric household essentials";5;41;205.0;"2023-01-12"
7927513;"CUST_19";"Furniture";1;40;39.5;"2022-07-18"
7927802;"CUST_20";"Butchers";8;37;292.0;"2023-06-30"
7927957;"CUST_10";"Beverages";3;22;64.5;"2023-08-30"
7928146;"CUST_20";"Patisserie";7;10;66.5;"2022-07-10"
7928438;"CUST_22";"Furniture";1;20;20.0;"2024-11-03"
7928803;"CUST_22";"Patisserie";10;20;200.0;"2024-01-23"
7928826;"CUST_12";"Patisserie";1;10;9.5;"2025-01-08"
7928872;"CUST_18";"Computers and electric accessories";4;37;146.0;"2022-12-28"
7928944;"CUST_15";"Computers and electric accessories";5;8;40.0;"2023-07-22"
7929084;"CUST_15";"Computers and electric accessories";1;26;26.0;"2023-04-09"
7929854;"CUST_04";"Patisserie";1;16;15.5;"2023-09-13"
7930277;"CUST_11";"Computers and electric accessories";6;23;138.0;"2022-11-13"
7931338;"CUST_11";"Beverages";5;7;32.5;"2024-10-30"
7932286;"CUST_25";"Milk Products";4;32;128.0;"2022-11-17"
7936044;"CUST_16";"Computers and electric accessories";5;23;115.0;"2023-01-05"
7937394;"CUST_12";"Beverages";10;29;290.0;"2022-09-25"
7938026;"CUST_13";"Butchers";1;8;8.0;"2023-02-18"
7938943;"CUST_02";"Computers and electric accessories";10;14;140.0;"2023-05-09"
7940060;"CUST_16";"Food";10;8;80.0;"2022-08-21"
7940860;"CUST_18";"Computers and electric accessories";4;32;128.0;"2022-11-24"
7941502;"CUST_17";"Food";9;35;315.0;"2023-11-19"
7941679;"CUST_12";"Computers and electric accessories";5;32;160.0;"2022-08-09"
7941731;"CUST_01";"Electric household essentials";0;0;0.0;"2023-02-15"
7942853;"CUST_09";"Patisserie";2;34;67.0;"2023-12-05"
7943325;"CUST_08";"Food";5;41;205.0;"2023-07-08"
7943662;"CUST_08";"Beverages";8;41;328.0;"2024-06-20"
7944224;"CUST_15";"Beverages";3;28;82.5;"2023-09-11"
7948812;"CUST_06";"Furniture";7;7;45.5;"2024-12-23"
7948898;"CUST_25";"Patisserie";2;25;49.0;"2022-07-17"
7949139;"CUST_22";"Milk Products";6;20;120.0;"2024-12-07"
7949162;"CUST_11";"Furniture";4;13;50.0;"2022-01-01"
7949216;"CUST_15";"Butchers";1;7;6.5;"2022-02-27"
7949340;"CUST_06";"Furniture";4;16;62.0;"2023-11-04"
7949456;"CUST_21";"Electric household essentials";4;26;104.0;"2023-05-09"
7949571;"CUST_01";"Furniture";8;5;40.0;"2022-05-24"
7951378;"CUST_02";"Milk Products";10;40;395.0;"2022-01-17"
7952000;"CUST_02";"Electric household essentials";4;38;152.0;"2022-03-08"
7953083;"CUST_12";"Electric household essentials";6;32;192.0;"2024-07-31"
7954030;"CUST_21";"Furniture";9;13;112.5;"2024-10-05"
7954220;"CUST_16";"Milk Products";7;38;266.0;"2024-10-16"
7954454;"CUST_08";"Furniture";0;0;0.0;"2022-09-14"
7955262;"CUST_15";"Patisserie";2;17;34.0;"2024-09-04"
7955635;"CUST_25";"Computers and electric accessories";4;19;74.0;"2023-03-19"
7955724;"CUST_08";"Milk Products";10;13;125.0;"2023-03-23"
7956361;"CUST_13";"Food";1;11;11.0;"2024-09-30"
7956502;"CUST_06";"Butchers";7;16;108.5;"2024-04-30"
7958182;"CUST_10";"Butchers";6;22;129.0;"2022-11-11"
7958601;"CUST_08";"Milk Products";1;26;26.0;"2022-06-11"
7959866;"CUST_06";"Computers and electric accessories";8;11;88.0;"2024-03-29"
7960911;"CUST_19";"Food";4;37;146.0;"2023-06-12"
7961558;"CUST_16";"Food";1;23;23.0;"2023-12-21"
7964647;"CUST_16";"Computers and electric accessories";9;14;126.0;"2022-03-27"
7965648;"CUST_05";"Butchers";4;13;50.0;"2023-06-21"
7965737;"CUST_14";"Milk Products";8;5;40.0;"2024-05-16"
7965748;"CUST_08";"Patisserie";8;41;328.0;"2023-01-14"
7965993;"CUST_24";"Electric household essentials";9;10;85.5;"2024-03-29"
7966995;"CUST_14";"Computers and electric accessories";8;32;256.0;"2023-03-24"
7967269;"CUST_21";"Electric household essentials";7;10;66.5;"2022-05-03"
7967626;"CUST_19";"Computers and electric accessories";3;35;105.0;"2023-12-11"
7967879;"CUST_13";"Milk Products";6;20;120.0;"2023-01-11"
7969117;"CUST_16";"Beverages";6;37;219.0;"2023-10-05"
7969813;"CUST_17";"Electric household essentials";1;22;21.5;"2022-06-16"
7972013;"CUST_08";"Milk Products";5;26;130.0;"2023-03-26"
7972595;"CUST_04";"Electric household essentials";8;5;40.0;"2024-11-29"
7972987;"CUST_23";"Food";2;11;22.0;"2022-05-30"
7974413;"CUST_13";"Electric household essentials";5;26;130.0;"2024-07-12"
7974643;"CUST_04";"Electric household essentials";8;11;88.0;"2023-06-27"
7975440;"CUST_15";"Butchers";10;22;215.0;"2024-07-21"
7976109;"CUST_23";"Patisserie";8;37;292.0;"2023-08-14"
7977213;"CUST_09";"Food";2;37;73.0;"2023-03-31"
7978024;"CUST_15";"Electric household essentials";9;29;261.0;"2022-02-27"
7978551;"CUST_20";"Beverages";9;35;315.0;"2023-02-12"
7978593;"CUST_19";"Electric household essentials";4;22;86.0;"2024-07-03"
7978734;"CUST_23";"Beverages";10;8;80.0;"2024-01-10"
7979356;"CUST_09";"Computers and electric accessories";9;29;261.0;"2022-11-19"
7979491;"CUST_20";"Furniture";2;13;25.0;"2024-08-29"
7980565;"CUST_04";"Computers and electric accessories";1;34;33.5;"2022-05-17"
7982451;"CUST_22";"Food";8;22;172.0;"2023-10-18"
7984009;"CUST_09";"Milk Products";2;16;31.0;"2024-02-20"
7984079;"CUST_15";"Milk Products";1;38;38.0;"2023-06-09"
7984930;"CUST_23";"Food";9;13;112.5;"2022-09-01"
7984962;"CUST_12";"Electric household essentials";10;34;335.0;"2022-04-09"
7985007;"CUST_01";"Furniture";10;14;140.0;"2022-04-02"
7985058;"CUST_06";"Food";5;29;145.0;"2023-02-23"
7986151;"CUST_17";"Food";5;34;167.5;"2023-12-07"
7987242;"CUST_10";"Furniture";4;8;32.0;"2023-11-05"
7987328;"CUST_21";"Computers and electric accessories";3;19;55.5;"2022-08-19"
7988578;"CUST_23";"Butchers";7;37;255.5;"2023-01-18"
7989495;"CUST_15";"Computers and electric accessories";9;22;193.5;"2023-01-12"
7989593;"CUST_01";"Food";7;22;150.5;"2023-06-22"
7989998;"CUST_10";"Computers and electric accessories";1;7;6.5;"2024-07-22"
7991727;"CUST_09";"Electric household essentials";2;34;67.0;"2022-07-08"
7992317;"CUST_08";"Computers and electric accessories";10;13;125.0;"2022-04-05"
7993594;"CUST_21";"Furniture";2;13;25.0;"2023-08-18"
7993933;"CUST_13";"Milk Products";6;23;138.0;"2022-09-12"
7995037;"CUST_02";"Patisserie";2;14;28.0;"2022-12-16"
7997772;"CUST_16";"Electric household essentials";7;5;35.0;"2023-03-09"
7998494;"CUST_19";"Computers and electric accessories";8;34;268.0;"2024-04-07"
7998829;"CUST_11";"Computers and electric accessories";3;7;19.5;"2022-05-01"
7999293;"CUST_10";"Milk Products";9;34;301.5;"2024-07-23"
8000838;"CUST_25";"Butchers";3;14;42.0;"2024-10-26"
8001268;"CUST_24";"Food";7;40;276.5;"2022-10-25"
8003213;"CUST_17";"Butchers";8;34;268.0;"2023-11-04"
8005094;"CUST_20";"Beverages";6;28;165.0;"2022-09-29"
8005357;"CUST_19";"Electric household essentials";6;16;93.0;"2022-08-19"
8005657;"CUST_19";"Beverages";8;28;220.0;"2022-11-27"
8006993;"CUST_05";"Butchers";6;26;156.0;"2024-09-13"
8007376;"CUST_07";"Milk Products";9;34;301.5;"2024-10-06"
8008279;"CUST_17";"Beverages";10;19;185.0;"2022-11-18"
8008462;"CUST_20";"Patisserie";9;34;301.5;"2022-04-28"
8010186;"CUST_04";"Butchers";7;26;182.0;"2022-09-26"
8010278;"CUST_01";"Food";5;35;175.0;"2023-09-27"
8011504;"CUST_20";"Patisserie";8;29;232.0;"2024-07-24"
8011706;"CUST_05";"Furniture";3;11;33.0;"2024-02-07"
8012805;"CUST_24";"Milk Products";2;17;34.0;"2022-11-22"
8014673;"CUST_16";"Electric household essentials";2;22;43.0;"2024-06-29"
8015744;"CUST_23";"Furniture";7;19;129.5;"2024-03-07"
8015772;"CUST_23";"Patisserie";2;20;40.0;"2025-01-08"
8016362;"CUST_03";"Electric household essentials";6;41;246.0;"2022-08-18"
8016810;"CUST_21";"Food";3;5;15.0;"2022-02-23"
8017236;"CUST_08";"Milk Products";3;8;24.0;"2023-06-14"
8017386;"CUST_24";"Electric household essentials";6;13;75.0;"2023-04-11"
8018205;"CUST_20";"Computers and electric accessories";7;5;35.0;"2022-05-22"
8020971;"CUST_02";"Beverages";1;28;27.5;"2022-05-05"
8021276;"CUST_18";"Electric household essentials";5;10;47.5;"2023-10-14"
8022355;"CUST_06";"Computers and electric accessories";7;16;108.5;"2023-09-25"
8022463;"CUST_18";"Furniture";7;38;266.0;"2022-01-10"
8023340;"CUST_14";"Butchers";8;37;292.0;"2023-10-04"
8023602;"CUST_21";"Beverages";8;26;208.0;"2024-05-23"
8024224;"CUST_25";"Electric household essentials";6;16;93.0;"2024-03-07"
8024803;"CUST_09";"Furniture";8;20;160.0;"2024-08-22"
8025714;"CUST_12";"Beverages";7;22;150.5;"2024-06-03"
8025918;"CUST_01";"Electric household essentials";2;37;73.0;"2022-09-22"
8026398;"CUST_05";"Butchers";9;41;369.0;"2022-02-17"
8027476;"CUST_09";"Milk Products";2;29;58.0;"2024-06-28"
8027800;"CUST_25";"Milk Products";4;13;50.0;"2022-09-25"
8027887;"CUST_21";"Milk Products";7;10;66.5;"2022-01-08"
8030351;"CUST_06";"Beverages";1;25;24.5;"2024-06-13"
8031470;"CUST_14";"Electric household essentials";9;38;342.0;"2024-11-20"
8031867;"CUST_10";"Milk Products";1;20;20.0;"2022-01-10"
8032133;"CUST_03";"Butchers";1;38;38.0;"2024-05-05"
8033989;"CUST_06";"Beverages";5;7;32.5;"2024-08-29"
8035999;"CUST_20";"Electric household essentials";5;34;167.5;"2024-12-19"
8036462;"CUST_23";"Computers and electric accessories";7;20;140.0;"2022-11-17"
8036485;"CUST_05";"Beverages";9;34;301.5;"2022-02-28"
8036579;"CUST_01";"Food";2;31;61.0;"2024-05-23"
8037528;"CUST_15";"Beverages";5;7;32.5;"2023-03-03"
8037593;"CUST_14";"Milk Products";9;40;355.5;"2023-09-25"
8040299;"CUST_24";"Computers and electric accessories";0;0;0.0;"2024-09-16"
8040308;"CUST_03";"Patisserie";4;26;104.0;"2023-11-03"
8040862;"CUST_07";"Beverages";5;28;137.5;"2023-11-25"
8041482;"CUST_05";"Food";7;23;161.0;"2022-11-28"
8043465;"CUST_21";"Electric household essentials";8;29;232.0;"2022-04-13"
8043987;"CUST_11";"Food";5;25;122.5;"2024-10-23"
8044037;"CUST_12";"Milk Products";10;8;80.0;"2022-01-20"
8044350;"CUST_19";"Electric household essentials";8;16;124.0;"2024-02-08"
8044366;"CUST_22";"Food";5;17;85.0;"2023-02-02"
8046576;"CUST_13";"Patisserie";5;17;85.0;"2022-09-17"
8047214;"CUST_19";"Milk Products";4;31;122.0;"2022-05-17"
8047218;"CUST_17";"Food";0;0;0.0;"2024-02-14"
8047953;"CUST_02";"Electric household essentials";8;17;136.0;"2022-11-07"
8048041;"CUST_14";"Butchers";10;41;410.0;"2023-12-25"
8048422;"CUST_17";"Computers and electric accessories";7;34;234.5;"2023-05-13"
8048553;"CUST_04";"Electric household essentials";5;16;77.5;"2024-08-08"
8048579;"CUST_23";"Furniture";0;0;0.0;"2023-03-28"
8048817;"CUST_23";"Patisserie";7;37;255.5;"2024-09-12"
8049831;"CUST_18";"Beverages";2;13;25.0;"2023-01-05"
8050462;"CUST_03";"Food";3;41;123.0;"2024-05-30"
8050790;"CUST_05";"Computers and electric accessories";6;20;120.0;"2024-06-05"
8052085;"CUST_20";"Furniture";2;29;58.0;"2024-07-22"
8053327;"CUST_23";"Food";7;25;171.5;"2022-02-14"
8053690;"CUST_01";"Beverages";2;7;13.0;"2024-04-21"
8053944;"CUST_14";"Patisserie";7;13;87.5;"2023-07-16"
8055736;"CUST_15";"Food";8;5;40.0;"2022-11-23"
8059116;"CUST_25";"Milk Products";1;10;9.5;"2022-02-18"
8061410;"CUST_12";"Computers and electric accessories";0;0;0.0;"2024-05-02"
8061783;"CUST_18";"Butchers";1;20;20.0;"2022-07-18"
8061941;"CUST_11";"Butchers";1;13;12.5;"2024-08-03"
8062274;"CUST_08";"Electric household essentials";5;7;32.5;"2022-04-16"
8064922;"CUST_21";"Butchers";3;31;91.5;"2024-08-03"
8064984;"CUST_01";"Food";6;11;66.0;"2023-11-08"
8067292;"CUST_17";"Butchers";7;14;98.0;"2024-01-20"
8069182;"CUST_25";"Computers and electric accessories";7;11;77.0;"2023-07-12"
8069545;"CUST_03";"Food";9;13;112.5;"2023-07-30"
8070639;"CUST_03";"Computers and electric accessories";8;26;208.0;"2024-07-12"
8071580;"CUST_20";"Milk Products";1;37;36.5;"2022-09-03"
8072250;"CUST_15";"Patisserie";6;10;57.0;"2024-08-31"
8073705;"CUST_16";"Patisserie";9;16;139.5;"2023-08-19"
8073779;"CUST_25";"Patisserie";7;34;234.5;"2022-07-03"
8074184;"CUST_04";"Milk Products";2;40;79.0;"2024-05-14"
8074211;"CUST_18";"Milk Products";0;0;0.0;"2024-04-17"
8075435;"CUST_04";"Beverages";10;7;65.0;"2022-12-21"
8076264;"CUST_19";"Furniture";0;0;0.0;"2024-12-01"
8076358;"CUST_04";"Furniture";1;20;20.0;"2022-06-11"
8076769;"CUST_03";"Food";5;25;122.5;"2022-04-02"
8077020;"CUST_13";"Beverages";5;16;77.5;"2023-02-11"
8077691;"CUST_18";"Beverages";1;22;21.5;"2024-03-13"
8077906;"CUST_21";"Milk Products";4;40;158.0;"2024-09-03"
8078608;"CUST_07";"Computers and electric accessories";2;13;25.0;"2022-08-08"
8080118;"CUST_20";"Computers and electric accessories";8;7;52.0;"2024-02-20"
8080510;"CUST_21";"Patisserie";5;17;85.0;"2022-04-22"
8081444;"CUST_03";"Beverages";5;37;182.5;"2023-05-24"
8083606;"CUST_12";"Furniture";2;7;13.0;"2023-05-17"
8083639;"CUST_14";"Patisserie";3;29;87.0;"2023-08-03"
8084018;"CUST_01";"Patisserie";8;26;208.0;"2024-05-08"
8084251;"CUST_16";"Electric household essentials";0;0;0.0;"2024-01-03"
8085968;"CUST_19";"Food";10;10;95.0;"2022-03-14"
8086025;"CUST_20";"Milk Products";10;23;230.0;"2022-05-10"
8087160;"CUST_08";"Butchers";5;31;152.5;"2024-01-26"
8087783;"CUST_04";"Beverages";7;41;287.0;"2024-04-27"
8088350;"CUST_02";"Computers and electric accessories";8;19;148.0;"2023-11-24"
8089106;"CUST_17";"Beverages";10;19;185.0;"2022-09-30"
8089893;"CUST_12";"Furniture";10;22;215.0;"2023-12-03"
8090236;"CUST_04";"Computers and electric accessories";7;25;171.5;"2023-05-13"
8090678;"CUST_08";"Electric household essentials";5;16;77.5;"2024-05-01"
8091223;"CUST_19";"Butchers";6;37;219.0;"2024-03-29"
8092468;"CUST_25";"Milk Products";9;29;261.0;"2023-08-18"
8093982;"CUST_12";"Beverages";0;0;0.0;"2022-03-11"
8094925;"CUST_20";"Food";10;34;335.0;"2022-09-02"
8095536;"CUST_20";"Computers and electric accessories";4;20;80.0;"2024-08-28"
8097558;"CUST_15";"Computers and electric accessories";9;26;234.0;"2022-11-15"
8097956;"CUST_21";"Food";6;11;66.0;"2023-08-27"
8098014;"CUST_11";"Milk Products";6;10;57.0;"2022-02-07"
8098647;"CUST_10";"Food";5;31;152.5;"2022-02-03"
8098794;"CUST_07";"Milk Products";9;7;58.5;"2022-03-15"
8100199;"CUST_01";"Butchers";0;0;0.0;"2023-11-27"
8100520;"CUST_12";"Butchers";4;7;26.0;"2023-08-01"
8101070;"CUST_09";"Milk Products";9;37;328.5;"2024-01-26"
8101203;"CUST_18";"Food";10;11;110.0;"2022-04-14"
8101715;"CUST_08";"Computers and electric accessories";5;26;130.0;"2023-03-12"
8103030;"CUST_01";"Furniture";4;20;80.0;"2024-08-27"
8103285;"CUST_20";"Electric household essentials";9;16;139.5;"2022-01-21"
8105362;"CUST_15";"Furniture";9;41;369.0;"2022-06-05"
8106469;"CUST_13";"Furniture";8;22;172.0;"2023-09-25"
8106612;"CUST_07";"Milk Products";8;32;256.0;"2023-01-06"
8106767;"CUST_09";"Food";1;37;36.5;"2023-10-02"
8107966;"CUST_20";"Food";10;34;335.0;"2023-05-22"
8108026;"CUST_19";"Furniture";9;11;99.0;"2022-12-03"
8110567;"CUST_02";"Beverages";0;0;0.0;"2022-04-12"
8111105;"CUST_06";"Food";7;23;161.0;"2024-10-04"
8111132;"CUST_12";"Patisserie";4;22;86.0;"2022-06-16"
8112678;"CUST_02";"Furniture";9;19;166.5;"2023-01-22"
8113812;"CUST_24";"Patisserie";1;31;30.5;"2023-04-19"
8114380;"CUST_19";"Beverages";5;29;145.0;"2024-12-15"
8114453;"CUST_10";"Electric household essentials";2;35;70.0;"2023-05-09"
8114757;"CUST_22";"Beverages";3;31;91.5;"2024-09-04"
8115206;"CUST_11";"Milk Products";3;14;42.0;"2024-06-28"
8116349;"CUST_01";"Milk Products";7;32;224.0;"2024-11-02"
8122173;"CUST_15";"Electric household essentials";8;38;304.0;"2023-04-04"
8123523;"CUST_04";"Milk Products";10;35;350.0;"2022-07-01"
8123535;"CUST_05";"Food";2;35;70.0;"2024-01-14"
8126584;"CUST_19";"Computers and electric accessories";9;32;288.0;"2024-09-07"
8126831;"CUST_23";"Butchers";0;0;0.0;"2023-11-25"
8127453;"CUST_07";"Patisserie";5;16;77.5;"2023-12-22"
8127659;"CUST_15";"Beverages";6;38;228.0;"2022-04-15"
8127777;"CUST_14";"Patisserie";0;0;0.0;"2023-02-27"
8129450;"CUST_08";"Food";4;29;116.0;"2024-02-18"
8129465;"CUST_01";"Computers and electric accessories";5;14;70.0;"2024-08-30"
8131304;"CUST_24";"Furniture";4;20;80.0;"2024-08-12"
8131419;"CUST_25";"Beverages";10;31;305.0;"2024-10-10"
8131935;"CUST_11";"Butchers";2;26;52.0;"2023-09-27"
8132309;"CUST_10";"Electric household essentials";9;41;369.0;"2024-07-27"
8133054;"CUST_12";"Furniture";2;11;22.0;"2024-02-09"
8134584;"CUST_09";"Electric household essentials";1;19;18.5;"2024-04-10"
8135631;"CUST_17";"Food";4;28;110.0;"2024-01-06"
8136588;"CUST_07";"Milk Products";7;28;192.5;"2022-10-24"
8136862;"CUST_25";"Butchers";3;34;100.5;"2024-05-04"
8137790;"CUST_07";"Furniture";5;13;62.5;"2022-07-27"
8138219;"CUST_04";"Butchers";6;20;120.0;"2022-06-03"
8138424;"CUST_09";"Electric household essentials";10;10;95.0;"2022-04-08"
8139295;"CUST_08";"Beverages";1;5;5.0;"2023-07-05"
8140334;"CUST_07";"Furniture";3;40;118.5;"2024-10-26"
8141257;"CUST_09";"Beverages";4;41;164.0;"2024-01-11"
8143902;"CUST_18";"Electric household essentials";10;26;260.0;"2024-02-07"
8144925;"CUST_15";"Food";10;17;170.0;"2022-01-14"
8144943;"CUST_04";"Computers and electric accessories";4;29;116.0;"2022-09-29"
8145370;"CUST_12";"Butchers";10;28;275.0;"2022-12-13"
8147277;"CUST_06";"Beverages";1;31;30.5;"2022-12-24"
8147389;"CUST_14";"Electric household essentials";5;26;130.0;"2023-12-02"
8148435;"CUST_24";"Electric household essentials";6;38;228.0;"2024-01-20"
8148844;"CUST_19";"Patisserie";7;40;276.5;"2023-10-08"
8149206;"CUST_05";"Milk Products";2;13;25.0;"2024-11-15"
8151129;"CUST_24";"Furniture";8;34;268.0;"2024-03-04"
8151553;"CUST_12";"Computers and electric accessories";10;23;230.0;"2023-06-17"
8151892;"CUST_10";"Beverages";1;32;32.0;"2024-03-16"
8152154;"CUST_24";"Beverages";2;25;49.0;"2024-12-02"
8152726;"CUST_06";"Electric household essentials";2;35;70.0;"2024-02-10"
8153182;"CUST_17";"Furniture";3;26;78.0;"2022-06-25"
8155428;"CUST_21";"Electric household essentials";9;23;207.0;"2023-09-23"
8155559;"CUST_02";"Butchers";2;14;28.0;"2023-05-26"
8155707;"CUST_25";"Electric household essentials";6;34;201.0;"2024-11-18"
8155856;"CUST_02";"Furniture";8;34;268.0;"2024-11-20"
8155874;"CUST_08";"Electric household essentials";5;20;100.0;"2024-04-03"
8156939;"CUST_24";"Beverages";3;22;64.5;"2023-11-14"
8157793;"CUST_08";"Furniture";10;40;395.0;"2024-06-28"
8157843;"CUST_11";"Milk Products";0;0;0.0;"2023-03-29"
8158197;"CUST_25";"Milk Products";10;13;125.0;"2022-07-03"
8160068;"CUST_08";"Milk Products";9;13;112.5;"2023-03-30"
8160360;"CUST_13";"Furniture";10;7;65.0;"2023-06-14"
8160981;"CUST_15";"Electric household essentials";1;32;32.0;"2022-08-18"
8161781;"CUST_12";"Electric household essentials";9;7;58.5;"2024-02-15"
8162077;"CUST_10";"Milk Products";5;20;100.0;"2023-04-30"
8163791;"CUST_06";"Butchers";3;38;114.0;"2022-10-26"
8164473;"CUST_22";"Butchers";3;31;91.5;"2022-10-16"
8165056;"CUST_09";"Computers and electric accessories";4;25;98.0;"2023-07-17"
8165360;"CUST_07";"Food";8;22;172.0;"2022-12-04"
8165628;"CUST_25";"Patisserie";3;13;37.5;"2023-04-19"
8165820;"CUST_03";"Milk Products";5;28;137.5;"2024-04-23"
8169288;"CUST_20";"Butchers";1;13;12.5;"2024-10-11"
8169294;"CUST_08";"Food";4;7;26.0;"2022-06-05"
8169854;"CUST_17";"Milk Products";3;14;42.0;"2022-07-19"
8169977;"CUST_09";"Food";3;26;78.0;"2024-10-09"
8170521;"CUST_09";"Furniture";1;7;6.5;"2024-02-19"
8170651;"CUST_18";"Furniture";2;26;52.0;"2024-08-14"
8170834;"CUST_12";"Butchers";1;11;11.0;"2022-07-09"
8171410;"CUST_18";"Electric household essentials";8;19;148.0;"2023-12-21"
8171664;"CUST_16";"Butchers";6;23;138.0;"2022-12-03"
8172094;"CUST_21";"Patisserie";8;13;100.0;"2022-03-05"
8172366;"CUST_07";"Patisserie";6;41;246.0;"2023-03-02"
8175126;"CUST_09";"Food";7;17;119.0;"2024-06-13"
8175642;"CUST_19";"Computers and electric accessories";3;22;64.5;"2024-09-26"
8177813;"CUST_03";"Patisserie";5;7;32.5;"2023-12-01"
8177929;"CUST_12";"Furniture";2;38;76.0;"2022-06-12"
8178715;"CUST_14";"Electric household essentials";4;34;134.0;"2023-01-23"
8178931;"CUST_02";"Food";4;25;98.0;"2022-10-14"
8179078;"CUST_04";"Butchers";10;38;380.0;"2024-10-18"
8180724;"CUST_16";"Food";1;25;24.5;"2022-09-24"
8180871;"CUST_20";"Beverages";3;22;64.5;"2023-02-01"
8181223;"CUST_01";"Beverages";9;35;315.0;"2024-09-23"
8182802;"CUST_03";"Patisserie";9;10;85.5;"2023-03-19"
8182879;"CUST_10";"Electric household essentials";5;26;130.0;"2023-05-07"
8183110;"CUST_24";"Patisserie";6;22;129.0;"2024-12-06"
8184279;"CUST_22";"Food";7;34;234.5;"2022-10-02"
8186195;"CUST_20";"Beverages";5;16;77.5;"2023-02-19"
8186546;"CUST_14";"Furniture";1;41;41.0;"2023-11-13"
8186737;"CUST_08";"Patisserie";5;34;167.5;"2023-05-16"
8187246;"CUST_02";"Patisserie";6;28;165.0;"2023-08-01"
8188147;"CUST_19";"Butchers";5;41;205.0;"2023-06-11"
8188865;"CUST_18";"Computers and electric accessories";3;19;55.5;"2022-12-13"
8189771;"CUST_11";"Food";9;8;72.0;"2024-01-02"
8190019;"CUST_13";"Beverages";6;20;120.0;"2022-04-03"
8190713;"CUST_02";"Food";4;22;86.0;"2024-06-09"
8190786;"CUST_03";"Computers and electric accessories";4;34;134.0;"2022-02-11"
8192036;"CUST_08";"Beverages";1;29;29.0;"2024-05-28"
8192277;"CUST_01";"Computers and electric accessories";5;28;137.5;"2024-01-25"
8192888;"CUST_21";"Furniture";6;38;228.0;"2024-03-01"
8192943;"CUST_22";"Butchers";1;40;39.5;"2024-10-02"
8194498;"CUST_04";"Butchers";9;38;342.0;"2024-05-31"
8195314;"CUST_18";"Electric household essentials";9;29;261.0;"2024-02-14"
8196352;"CUST_10";"Electric household essentials";6;35;210.0;"2024-08-07"
8197313;"CUST_22";"Computers and electric accessories";4;25;98.0;"2022-11-20"
8197683;"CUST_21";"Furniture";2;8;16.0;"2023-04-30"
8197865;"CUST_10";"Milk Products";3;31;91.5;"2024-01-05"
8198762;"CUST_25";"Milk Products";7;40;276.5;"2023-01-17"
8199043;"CUST_22";"Beverages";3;10;28.5;"2024-02-11"
8199497;"CUST_18";"Furniture";4;34;134.0;"2022-01-11"
8199604;"CUST_13";"Butchers";5;26;130.0;"2022-09-07"
8201653;"CUST_06";"Butchers";5;32;160.0;"2023-05-28"
8203314;"CUST_13";"Computers and electric accessories";8;13;100.0;"2024-05-10"
8203879;"CUST_18";"Butchers";7;35;245.0;"2024-12-01"
8205181;"CUST_24";"Patisserie";6;29;174.0;"2022-09-23"
8206691;"CUST_06";"Electric household essentials";2;7;13.0;"2022-07-01"
8207498;"CUST_19";"Furniture";10;19;185.0;"2022-04-11"
8209222;"CUST_01";"Butchers";3;26;78.0;"2023-04-03"
8209444;"CUST_10";"Computers and electric accessories";2;19;37.0;"2024-10-31"
8210536;"CUST_02";"Butchers";2;38;76.0;"2022-11-13"
8210621;"CUST_03";"Beverages";0;0;0.0;"2024-01-03"
8211512;"CUST_09";"Electric household essentials";7;32;224.0;"2024-10-05"
8213093;"CUST_14";"Butchers";2;29;58.0;"2022-11-20"
8213847;"CUST_09";"Computers and electric accessories";10;23;230.0;"2023-08-21"
8215023;"CUST_23";"Milk Products";1;28;27.5;"2022-12-25"
8215469;"CUST_17";"Milk Products";10;38;380.0;"2024-03-16"
8215831;"CUST_02";"Butchers";6;13;75.0;"2023-07-13"
8216096;"CUST_25";"Electric household essentials";1;35;35.0;"2025-01-06"
8217860;"CUST_04";"Computers and electric accessories";10;29;290.0;"2022-07-23"
8218353;"CUST_18";"Furniture";5;40;197.5;"2024-01-18"
8218431;"CUST_01";"Furniture";5;38;190.0;"2023-04-29"
8218511;"CUST_09";"Butchers";1;22;21.5;"2024-12-06"
8219228;"CUST_17";"Computers and electric accessories";5;19;92.5;"2022-05-27"
8219398;"CUST_05";"Milk Products";3;10;28.5;"2023-10-24"
8219700;"CUST_12";"Milk Products";5;16;77.5;"2022-11-29"
8219862;"CUST_07";"Electric household essentials";3;22;64.5;"2022-08-11"
8221101;"CUST_18";"Patisserie";6;38;228.0;"2022-02-09"
8221789;"CUST_23";"Furniture";10;11;110.0;"2024-06-12"
8222598;"CUST_24";"Beverages";3;19;55.5;"2023-06-24"
8222717;"CUST_13";"Electric household essentials";7;26;182.0;"2023-11-29"
8223363;"CUST_03";"Furniture";10;22;215.0;"2022-08-01"
8223520;"CUST_05";"Food";8;17;136.0;"2023-06-21"
8223724;"CUST_16";"Beverages";10;38;380.0;"2023-04-30"
8223973;"CUST_21";"Electric household essentials";6;7;39.0;"2024-12-11"
8224024;"CUST_02";"Patisserie";2;25;49.0;"2024-12-28"
8224222;"CUST_15";"Milk Products";4;32;128.0;"2023-12-31"
8224848;"CUST_20";"Computers and electric accessories";5;8;40.0;"2022-12-18"
8225628;"CUST_05";"Electric household essentials";1;34;33.5;"2022-08-12"
8227236;"CUST_07";"Milk Products";4;16;62.0;"2024-05-12"
8227754;"CUST_11";"Patisserie";8;16;124.0;"2022-08-24"
8227894;"CUST_24";"Furniture";10;38;380.0;"2022-07-02"
8228155;"CUST_17";"Butchers";5;23;115.0;"2022-08-19"
8228754;"CUST_21";"Food";5;11;55.0;"2022-01-10"
8229242;"CUST_16";"Beverages";4;20;80.0;"2024-11-29"
8229465;"CUST_18";"Furniture";10;13;125.0;"2024-11-10"
8229538;"CUST_14";"Beverages";5;35;175.0;"2023-01-03"
8229653;"CUST_03";"Butchers";7;31;213.5;"2023-09-16"
8229936;"CUST_17";"Furniture";9;31;274.5;"2024-04-27"
8230124;"CUST_23";"Electric household essentials";4;7;26.0;"2023-09-26"
8230533;"CUST_21";"Milk Products";10;34;335.0;"2023-10-20"
8231269;"CUST_02";"Electric household essentials";10;34;335.0;"2024-11-09"
8231669;"CUST_20";"Milk Products";1;8;8.0;"2024-08-26"
8231762;"CUST_11";"Beverages";6;34;201.0;"2022-01-17"
8232819;"CUST_05";"Butchers";2;34;67.0;"2023-08-19"
8233288;"CUST_07";"Computers and electric accessories";2;11;22.0;"2022-11-26"
8233787;"CUST_13";"Food";10;34;335.0;"2024-12-04"
8233871;"CUST_04";"Furniture";9;35;315.0;"2023-07-19"
8236215;"CUST_24";"Furniture";1;41;41.0;"2024-07-13"
8236696;"CUST_04";"Beverages";4;7;26.0;"2024-08-11"
8237202;"CUST_09";"Milk Products";9;23;207.0;"2024-08-25"
8238998;"CUST_03";"Electric household essentials";9;26;234.0;"2022-05-30"
8239509;"CUST_09";"Computers and electric accessories";2;28;55.0;"2024-08-13"
8240192;"CUST_02";"Furniture";3;26;78.0;"2024-04-10"
8240632;"CUST_11";"Milk Products";1;5;5.0;"2023-10-01"
8240954;"CUST_24";"Butchers";3;31;91.5;"2022-04-05"
8241373;"CUST_09";"Food";5;29;145.0;"2024-03-26"
8241824;"CUST_13";"Patisserie";8;23;184.0;"2022-01-25"
8242300;"CUST_16";"Furniture";7;10;66.5;"2022-01-10"
8242424;"CUST_08";"Electric household essentials";9;16;139.5;"2022-05-30"
8242549;"CUST_08";"Furniture";6;26;156.0;"2023-01-08"
8243127;"CUST_15";"Beverages";7;20;140.0;"2024-06-27"
8243756;"CUST_15";"Computers and electric accessories";1;20;20.0;"2023-07-01"
8244193;"CUST_13";"Butchers";8;14;112.0;"2022-06-20"
8244589;"CUST_02";"Butchers";6;40;237.0;"2022-04-04"
8244728;"CUST_08";"Food";1;14;14.0;"2024-04-27"
8244764;"CUST_04";"Computers and electric accessories";5;23;115.0;"2022-11-28"
8245994;"CUST_17";"Food";7;19;129.5;"2022-01-13"
8246090;"CUST_15";"Electric household essentials";3;13;37.5;"2024-11-15"
8247054;"CUST_15";"Furniture";10;7;65.0;"2025-01-09"
8249416;"CUST_04";"Beverages";0;0;0.0;"2022-03-27"
8250306;"CUST_08";"Computers and electric accessories";6;26;156.0;"2023-03-20"
8250681;"CUST_20";"Furniture";5;20;100.0;"2024-03-07"
8251002;"CUST_08";"Butchers";6;26;156.0;"2022-06-10"
8252120;"CUST_03";"Milk Products";4;31;122.0;"2023-01-02"
8252234;"CUST_04";"Computers and electric accessories";6;8;48.0;"2024-12-28"
8252271;"CUST_15";"Milk Products";1;32;32.0;"2023-09-23"
8252675;"CUST_12";"Beverages";4;31;122.0;"2024-06-06"
8254168;"CUST_18";"Electric household essentials";6;41;246.0;"2024-02-18"
8254435;"CUST_17";"Computers and electric accessories";3;41;123.0;"2022-09-04"
8255668;"CUST_22";"Milk Products";4;20;80.0;"2024-09-07"
8256175;"CUST_07";"Computers and electric accessories";2;31;61.0;"2022-04-25"
8256321;"CUST_23";"Electric household essentials";4;16;62.0;"2022-12-31"
8256476;"CUST_07";"Computers and electric accessories";0;0;0.0;"2024-10-08"
8257770;"CUST_15";"Butchers";4;32;128.0;"2024-09-20"
8258782;"CUST_10";"Computers and electric accessories";8;41;328.0;"2022-01-05"
8260473;"CUST_01";"Food";6;22;129.0;"2024-02-07"
8261655;"CUST_01";"Computers and electric accessories";4;40;158.0;"2023-05-03"
8261871;"CUST_19";"Butchers";1;35;35.0;"2023-06-01"
8261937;"CUST_14";"Electric household essentials";2;11;22.0;"2022-03-10"
8262363;"CUST_18";"Electric household essentials";4;22;86.0;"2023-02-13"
8262433;"CUST_22";"Computers and electric accessories";10;11;110.0;"2023-09-18"
8262460;"CUST_18";"Patisserie";5;40;197.5;"2022-07-24"
8262746;"CUST_08";"Electric household essentials";2;37;73.0;"2023-04-15"
8263343;"CUST_15";"Computers and electric accessories";8;7;52.0;"2022-04-14"
8263646;"CUST_05";"Butchers";4;34;134.0;"2022-11-15"
8264473;"CUST_03";"Electric household essentials";5;16;77.5;"2024-12-13"
8264793;"CUST_18";"Electric household essentials";9;16;139.5;"2022-01-11"
8265493;"CUST_03";"Butchers";1;14;14.0;"2022-10-06"
8266591;"CUST_02";"Food";9;11;99.0;"2024-12-01"
8267402;"CUST_16";"Furniture";5;34;167.5;"2023-01-24"
8267845;"CUST_14";"Computers and electric accessories";8;20;160.0;"2024-02-13"
8268341;"CUST_20";"Patisserie";7;10;66.5;"2022-12-02"
8269434;"CUST_11";"Computers and electric accessories";3;26;78.0;"2023-07-03"
8269734;"CUST_02";"Beverages";4;16;62.0;"2024-07-06"
8270365;"CUST_04";"Butchers";2;28;55.0;"2022-08-06"
8270876;"CUST_08";"Furniture";7;17;119.0;"2022-04-06"
8271625;"CUST_21";"Milk Products";10;10;95.0;"2024-07-08"
8272294;"CUST_13";"Electric household essentials";6;41;246.0;"2023-09-18"
8274832;"CUST_10";"Computers and electric accessories";10;29;290.0;"2022-02-22"
8275640;"CUST_24";"Butchers";4;41;164.0;"2022-07-05"
8276463;"CUST_24";"Electric household essentials";6;20;120.0;"2024-03-27"
8278381;"CUST_25";"Computers and electric accessories";2;37;73.0;"2023-08-30"
8279458;"CUST_01";"Beverages";2;31;61.0;"2022-07-03"
8279471;"CUST_23";"Butchers";1;26;26.0;"2023-11-01"
8282608;"CUST_14";"Milk Products";10;34;335.0;"2022-12-22"
8283036;"CUST_06";"Food";2;31;61.0;"2024-09-30"
8283053;"CUST_03";"Beverages";6;29;174.0;"2024-12-14"
8283332;"CUST_16";"Beverages";6;38;228.0;"2023-11-13"
8283688;"CUST_08";"Electric household essentials";0;0;0.0;"2023-06-04"
8283969;"CUST_24";"Food";4;23;92.0;"2024-06-08"
8284106;"CUST_16";"Beverages";5;8;40.0;"2022-07-25"
8284459;"CUST_20";"Food";0;0;0.0;"2022-07-03"
8285503;"CUST_22";"Computers and electric accessories";9;22;193.5;"2022-07-12"
8285743;"CUST_16";"Patisserie";8;34;268.0;"2023-02-17"
8286101;"CUST_24";"Food";6;29;174.0;"2024-08-06"
8286464;"CUST_18";"Butchers";7;23;161.0;"2022-01-23"
8286837;"CUST_15";"Milk Products";1;14;14.0;"2023-12-19"
8287528;"CUST_09";"Electric household essentials";3;29;87.0;"2022-05-19"
8288361;"CUST_01";"Electric household essentials";3;11;33.0;"2023-09-25"
8291928;"CUST_02";"Food";10;17;170.0;"2024-09-18"
8291984;"CUST_02";"Furniture";8;22;172.0;"2023-04-09"
8292411;"CUST_10";"Computers and electric accessories";8;11;88.0;"2024-05-29"
8293313;"CUST_12";"Electric household essentials";5;25;122.5;"2023-09-20"
8293398;"CUST_19";"Patisserie";0;0;0.0;"2024-03-29"
8293569;"CUST_19";"Computers and electric accessories";5;32;160.0;"2023-06-20"
8293749;"CUST_13";"Computers and electric accessories";8;32;256.0;"2024-12-03"
8293840;"CUST_07";"Beverages";3;34;100.5;"2022-01-31"
8293931;"CUST_24";"Butchers";5;38;190.0;"2022-02-23"
8294650;"CUST_08";"Computers and electric accessories";8;23;184.0;"2023-11-18"
8295200;"CUST_23";"Computers and electric accessories";10;19;185.0;"2023-04-06"
8295214;"CUST_21";"Beverages";6;22;129.0;"2023-01-31"
8295482;"CUST_23";"Electric household essentials";3;34;100.5;"2022-11-09"
8295792;"CUST_24";"Electric household essentials";7;41;287.0;"2024-02-02"
8295967;"CUST_22";"Computers and electric accessories";7;17;119.0;"2024-01-24"
8296076;"CUST_09";"Patisserie";10;20;200.0;"2024-04-18"
8297254;"CUST_06";"Beverages";10;7;65.0;"2022-01-08"
8297438;"CUST_05";"Furniture";3;40;118.5;"2023-05-31"
8297757;"CUST_17";"Beverages";0;0;0.0;"2022-12-27"
8299537;"CUST_24";"Butchers";4;26;104.0;"2024-08-05"
8299684;"CUST_14";"Computers and electric accessories";2;34;67.0;"2022-07-06"
8300194;"CUST_09";"Food";8;20;160.0;"2022-05-22"
8300398;"CUST_09";"Furniture";3;38;114.0;"2023-08-07"
8303338;"CUST_04";"Furniture";7;7;45.5;"2022-02-27"
8303713;"CUST_14";"Patisserie";6;34;201.0;"2022-10-09"
8304885;"CUST_20";"Furniture";5;28;137.5;"2023-05-22"
8305422;"CUST_07";"Milk Products";7;38;266.0;"2022-02-25"
8306625;"CUST_11";"Electric household essentials";3;32;96.0;"2023-08-12"
8307314;"CUST_12";"Computers and electric accessories";2;7;13.0;"2023-04-20"
8307423;"CUST_03";"Patisserie";8;32;256.0;"2024-04-02"
8308325;"CUST_13";"Furniture";10;26;260.0;"2023-08-22"
8310704;"CUST_18";"Food";4;5;20.0;"2023-12-16"
8310973;"CUST_10";"Milk Products";3;5;15.0;"2024-04-22"
8312176;"CUST_02";"Furniture";8;29;232.0;"2023-09-24"
8312797;"CUST_14";"Beverages";5;20;100.0;"2022-06-03"
8313082;"CUST_22";"Computers and electric accessories";5;11;55.0;"2022-08-27"
8313334;"CUST_03";"Butchers";5;8;40.0;"2022-09-23"
8314850;"CUST_06";"Butchers";1;10;9.5;"2023-05-20"
8315157;"CUST_01";"Furniture";0;0;0.0;"2023-04-19"
8315216;"CUST_16";"Milk Products";3;37;109.5;"2024-08-25"
8315289;"CUST_02";"Electric household essentials";6;20;120.0;"2023-07-02"
8316682;"CUST_01";"Food";6;40;237.0;"2024-07-05"
8316905;"CUST_09";"Patisserie";2;26;52.0;"2024-08-27"
8316992;"CUST_17";"Butchers";1;13;12.5;"2023-04-19"
8317660;"CUST_20";"Milk Products";4;16;62.0;"2023-07-23"
8318270;"CUST_05";"Electric household essentials";8;41;328.0;"2023-05-18"
8319396;"CUST_05";"Milk Products";8;23;184.0;"2023-09-13"
8320450;"CUST_03";"Electric household essentials";2;16;31.0;"2024-07-19"
8321017;"CUST_02";"Electric household essentials";2;38;76.0;"2023-01-28"
8321866;"CUST_01";"Furniture";4;16;62.0;"2023-08-27"
8322008;"CUST_22";"Food";3;10;28.5;"2024-08-20"
8322513;"CUST_12";"Electric household essentials";7;32;224.0;"2024-07-10"
8322817;"CUST_23";"Patisserie";8;38;304.0;"2022-06-15"
8323434;"CUST_01";"Butchers";2;22;43.0;"2024-12-16"
8323929;"CUST_11";"Beverages";10;34;335.0;"2024-07-11"
8324311;"CUST_09";"Electric household essentials";6;23;138.0;"2022-09-19"
8328068;"CUST_16";"Milk Products";1;13;12.5;"2023-04-26"
8330302;"CUST_12";"Milk Products";6;31;183.0;"2024-12-11"
8331386;"CUST_24";"Furniture";7;29;203.0;"2022-09-09"
8332080;"CUST_08";"Milk Products";7;28;192.5;"2024-08-27"
8332438;"CUST_12";"Butchers";2;8;16.0;"2024-04-19"
8332750;"CUST_12";"Computers and electric accessories";1;22;21.5;"2022-12-27"
8333599;"CUST_09";"Furniture";7;34;234.5;"2024-06-15"
8334303;"CUST_07";"Butchers";4;23;92.0;"2024-10-13"
8334423;"CUST_05";"Electric household essentials";2;26;52.0;"2023-04-01"
8334587;"CUST_16";"Butchers";10;37;365.0;"2023-03-25"
8334867;"CUST_24";"Butchers";6;8;48.0;"2022-01-11"
8335223;"CUST_17";"Patisserie";10;7;65.0;"2022-04-14"
8335285;"CUST_02";"Beverages";3;34;100.5;"2023-01-01"
8335588;"CUST_25";"Electric household essentials";7;41;287.0;"2022-02-02"
8335741;"CUST_23";"Electric household essentials";6;19;111.0;"2023-12-22"
8335914;"CUST_14";"Milk Products";7;32;224.0;"2022-06-02"
8336383;"CUST_08";"Beverages";4;38;152.0;"2022-06-22"
8342635;"CUST_24";"Milk Products";2;10;19.0;"2022-07-30"
8343511;"CUST_10";"Computers and electric accessories";10;14;140.0;"2023-12-25"
8343684;"CUST_17";"Furniture";6;28;165.0;"2023-05-17"
8344839;"CUST_02";"Butchers";7;23;161.0;"2023-09-26"
8345096;"CUST_12";"Milk Products";3;8;24.0;"2024-12-26"
8345485;"CUST_06";"Beverages";6;29;174.0;"2024-11-11"
8347554;"CUST_05";"Food";3;10;28.5;"2022-07-08"
8348576;"CUST_17";"Patisserie";3;20;60.0;"2023-12-09"
8348586;"CUST_03";"Electric household essentials";8;28;220.0;"2022-08-12"
8350639;"CUST_21";"Furniture";9;7;58.5;"2023-07-12"
8350913;"CUST_02";"Electric household essentials";10;17;170.0;"2022-05-31"
8351579;"CUST_22";"Electric household essentials";3;32;96.0;"2024-01-11"
8351890;"CUST_15";"Computers and electric accessories";3;20;60.0;"2022-05-09"
8352203;"CUST_24";"Milk Products";1;38;38.0;"2022-08-04"
8354569;"CUST_02";"Computers and electric accessories";10;28;275.0;"2022-04-14"
8355393;"CUST_10";"Milk Products";5;29;145.0;"2022-01-24"
8355598;"CUST_22";"Furniture";9;13;112.5;"2023-06-19"
8355918;"CUST_25";"Electric household essentials";1;13;12.5;"2024-06-03"
8355945;"CUST_24";"Computers and electric accessories";6;22;129.0;"2024-03-10"
8356888;"CUST_08";"Beverages";6;25;147.0;"2023-11-02"
8357441;"CUST_12";"Food";9;10;85.5;"2022-06-12"
8358524;"CUST_19";"Electric household essentials";6;40;237.0;"2024-07-09"
8359203;"CUST_11";"Electric household essentials";9;17;153.0;"2023-10-30"
8359279;"CUST_20";"Food";7;23;161.0;"2022-10-04"
8359482;"CUST_22";"Beverages";3;16;46.5;"2022-01-06"
8359578;"CUST_25";"Computers and electric accessories";7;32;224.0;"2023-09-21"
8360784;"CUST_05";"Furniture";5;22;107.5;"2022-09-06"
8360887;"CUST_12";"Milk Products";10;37;365.0;"2024-12-06"
8361498;"CUST_14";"Food";5;16;77.5;"2022-10-29"
8361537;"CUST_18";"Beverages";3;41;123.0;"2022-10-01"
8361982;"CUST_01";"Electric household essentials";7;38;266.0;"2023-08-07"
8362642;"CUST_04";"Beverages";8;14;112.0;"2024-02-23"
8362668;"CUST_14";"Food";1;41;41.0;"2022-07-02"
8362813;"CUST_20";"Beverages";5;32;160.0;"2022-08-22"
8362951;"CUST_21";"Furniture";6;34;201.0;"2022-04-07"
8363354;"CUST_12";"Patisserie";8;37;292.0;"2024-01-08"
8363763;"CUST_05";"Milk Products";3;28;82.5;"2023-01-10"
8363775;"CUST_22";"Computers and electric accessories";9;10;85.5;"2023-08-17"
8364453;"CUST_08";"Butchers";3;37;109.5;"2023-02-28"
8364629;"CUST_09";"Butchers";10;31;305.0;"2024-01-25"
8365008;"CUST_05";"Electric household essentials";3;19;55.5;"2023-01-01"
8367191;"CUST_24";"Butchers";3;5;15.0;"2022-02-19"
8367212;"CUST_13";"Beverages";8;25;196.0;"2023-10-01"
8367781;"CUST_09";"Food";10;23;230.0;"2022-02-06"
8369234;"CUST_24";"Computers and electric accessories";2;14;28.0;"2022-11-22"
8370135;"CUST_25";"Electric household essentials";4;23;92.0;"2024-01-30"
8371014;"CUST_10";"Electric household essentials";10;34;335.0;"2023-11-24"
8372453;"CUST_25";"Beverages";8;37;292.0;"2024-11-30"
8372883;"CUST_07";"Patisserie";9;17;153.0;"2024-06-24"
8373098;"CUST_18";"Butchers";7;34;234.5;"2024-04-02"
8373559;"CUST_23";"Computers and electric accessories";3;17;51.0;"2022-11-19"
8375614;"CUST_25";"Computers and electric accessories";6;34;201.0;"2022-01-07"
8376000;"CUST_09";"Patisserie";5;38;190.0;"2022-03-01"
8376407;"CUST_02";"Milk Products";8;37;292.0;"2024-04-03"
8376834;"CUST_16";"Computers and electric accessories";6;13;75.0;"2023-02-03"
8377069;"CUST_20";"Milk Products";6;38;228.0;"2023-11-26"
8377166;"CUST_06";"Butchers";2;34;67.0;"2024-03-27"
8377185;"CUST_21";"Electric household essentials";8;38;304.0;"2024-02-04"
8377286;"CUST_16";"Electric household essentials";5;26;130.0;"2024-06-25"
8377623;"CUST_15";"Beverages";2;41;82.0;"2024-07-17"
8378538;"CUST_06";"Food";9;40;355.5;"2023-11-17"
8378613;"CUST_01";"Patisserie";9;22;193.5;"2023-03-01"
8380333;"CUST_23";"Beverages";6;13;75.0;"2022-02-05"
8381171;"CUST_03";"Food";8;13;100.0;"2023-03-19"
8383421;"CUST_15";"Furniture";7;40;276.5;"2023-10-19"
8384530;"CUST_02";"Electric household essentials";10;41;410.0;"2023-12-25"
8384866;"CUST_03";"Milk Products";8;7;52.0;"2022-06-24"
8385458;"CUST_17";"Electric household essentials";8;17;136.0;"2022-06-18"
8385569;"CUST_11";"Beverages";1;8;8.0;"2023-04-13"
8386061;"CUST_06";"Food";9;22;193.5;"2023-12-16"
8387771;"CUST_09";"Patisserie";8;23;184.0;"2024-10-05"
8388138;"CUST_25";"Milk Products";5;8;40.0;"2023-07-29"
8388501;"CUST_19";"Furniture";0;0;0.0;"2022-04-24"
8388538;"CUST_06";"Butchers";7;38;266.0;"2022-07-11"
8389178;"CUST_05";"Beverages";1;40;39.5;"2022-11-13"
8389190;"CUST_12";"Furniture";10;10;95.0;"2024-09-28"
8390000;"CUST_07";"Patisserie";0;0;0.0;"2022-11-09"
8390560;"CUST_24";"Butchers";1;8;8.0;"2023-01-15"
8392495;"CUST_06";"Milk Products";6;25;147.0;"2024-12-15"
8393572;"CUST_05";"Computers and electric accessories";6;22;129.0;"2024-08-09"
8393738;"CUST_10";"Computers and electric accessories";3;32;96.0;"2023-01-07"
8393818;"CUST_13";"Butchers";1;40;39.5;"2023-12-31"
8393896;"CUST_06";"Computers and electric accessories";8;26;208.0;"2022-05-26"
8396647;"CUST_18";"Electric household essentials";5;41;205.0;"2023-02-24"
8397219;"CUST_24";"Milk Products";9;37;328.5;"2022-10-16"
8397249;"CUST_15";"Electric household essentials";1;23;23.0;"2022-10-10"
8400840;"CUST_03";"Butchers";2;20;40.0;"2023-01-24"
8401176;"CUST_17";"Computers and electric accessories";7;17;119.0;"2023-12-14"
8401547;"CUST_22";"Computers and electric accessories";8;14;112.0;"2024-07-22"
8402013;"CUST_19";"Electric household essentials";8;22;172.0;"2023-09-23"
8402437;"CUST_12";"Milk Products";1;32;32.0;"2024-08-04"
8402616;"CUST_11";"Patisserie";9;29;261.0;"2024-08-15"
8402938;"CUST_24";"Butchers";4;22;86.0;"2022-07-29"
8403235;"CUST_05";"Milk Products";4;8;32.0;"2024-05-26"
8403668;"CUST_22";"Furniture";3;38;114.0;"2024-04-27"
8404205;"CUST_25";"Beverages";3;41;123.0;"2022-04-28"
8404227;"CUST_03";"Beverages";9;7;58.5;"2023-12-29"
8404647;"CUST_10";"Food";0;0;0.0;"2024-05-14"
8405843;"CUST_23";"Butchers";6;11;66.0;"2022-01-06"
8405875;"CUST_12";"Milk Products";7;5;35.0;"2024-04-03"
8405907;"CUST_04";"Food";7;29;203.0;"2022-10-09"
8406652;"CUST_10";"Food";2;13;25.0;"2023-02-24"
8406856;"CUST_17";"Beverages";7;5;35.0;"2023-08-25"
8407265;"CUST_08";"Furniture";0;0;0.0;"2024-08-30"
8408205;"CUST_11";"Milk Products";6;23;138.0;"2023-05-24"
8409953;"CUST_20";"Electric household essentials";2;26;52.0;"2024-01-15"
8411721;"CUST_08";"Food";7;26;182.0;"2024-09-15"
8413369;"CUST_23";"Computers and electric accessories";6;11;66.0;"2024-03-09"
8414071;"CUST_20";"Patisserie";9;22;193.5;"2023-05-02"
8414334;"CUST_23";"Furniture";8;14;112.0;"2024-11-27"
8414492;"CUST_07";"Milk Products";2;5;10.0;"2024-07-24"
8416020;"CUST_02";"Patisserie";0;0;0.0;"2024-03-05"
8416846;"CUST_15";"Beverages";0;0;0.0;"2024-05-28"
8417758;"CUST_14";"Computers and electric accessories";5;41;205.0;"2022-04-28"
8417983;"CUST_25";"Milk Products";7;16;108.5;"2023-05-19"
8418594;"CUST_23";"Food";9;10;85.5;"2024-12-10"
8419008;"CUST_25";"Butchers";9;26;234.0;"2022-09-27"
8420021;"CUST_03";"Milk Products";6;16;93.0;"2022-03-23"
8420316;"CUST_07";"Food";7;25;171.5;"2024-02-21"
8421665;"CUST_15";"Computers and electric accessories";10;22;215.0;"2022-08-03"
8421920;"CUST_04";"Food";2;11;22.0;"2023-02-09"
8423167;"CUST_11";"Milk Products";8;32;256.0;"2023-03-21"
8423309;"CUST_16";"Computers and electric accessories";9;8;72.0;"2022-05-30"
8424225;"CUST_08";"Milk Products";9;37;328.5;"2022-05-28"
8424740;"CUST_13";"Furniture";7;19;129.5;"2023-10-04"
8425168;"CUST_25";"Milk Products";7;28;192.5;"2022-03-12"
8425366;"CUST_18";"Computers and electric accessories";9;17;153.0;"2022-01-08"
8426341;"CUST_05";"Computers and electric accessories";7;11;77.0;"2023-02-08"
8426490;"CUST_07";"Patisserie";7;40;276.5;"2023-04-07"
8427033;"CUST_19";"Food";2;13;25.0;"2024-06-23"
8427493;"CUST_24";"Butchers";5;31;152.5;"2023-10-30"
8429586;"CUST_19";"Milk Products";4;14;56.0;"2023-02-05"
8430322;"CUST_01";"Patisserie";10;7;65.0;"2022-03-06"
8430438;"CUST_18";"Furniture";1;26;26.0;"2025-01-14"
8431366;"CUST_12";"Butchers";9;41;369.0;"2024-01-01"
8431681;"CUST_18";"Patisserie";8;22;172.0;"2022-04-30"
8431895;"CUST_12";"Butchers";1;16;15.5;"2022-07-31"
8431956;"CUST_01";"Beverages";3;8;24.0;"2022-10-26"
8433240;"CUST_01";"Milk Products";0;0;0.0;"2024-03-28"
8433395;"CUST_14";"Patisserie";8;16;124.0;"2023-07-03"
8434417;"CUST_03";"Food";7;34;234.5;"2022-11-20"
8435121;"CUST_25";"Computers and electric accessories";10;31;305.0;"2024-11-20"
8436107;"CUST_21";"Milk Products";3;5;15.0;"2024-04-08"
8437276;"CUST_19";"Patisserie";5;20;100.0;"2024-03-05"
8437474;"CUST_20";"Computers and electric accessories";10;7;65.0;"2022-05-25"
8437627;"CUST_05";"Furniture";10;13;125.0;"2024-07-12"
8438563;"CUST_17";"Food";10;37;365.0;"2023-07-15"
8438783;"CUST_04";"Electric household essentials";7;34;234.5;"2022-02-04"
8439298;"CUST_24";"Food";2;31;61.0;"2024-10-13"
8439414;"CUST_24";"Patisserie";7;16;108.5;"2023-08-09"
8439426;"CUST_19";"Food";9;11;99.0;"2025-01-09"
8441291;"CUST_18";"Food";9;16;139.5;"2024-03-02"
8441709;"CUST_10";"Electric household essentials";8;38;304.0;"2024-05-25"
8444117;"CUST_05";"Milk Products";6;20;120.0;"2023-07-03"
8444157;"CUST_11";"Patisserie";0;0;0.0;"2023-07-17"
8445231;"CUST_03";"Food";7;41;287.0;"2023-11-17"
8445692;"CUST_14";"Patisserie";7;16;108.5;"2024-11-04"
8446206;"CUST_11";"Food";3;13;37.5;"2023-08-09"
8447456;"CUST_16";"Electric household essentials";3;31;91.5;"2024-08-12"
8447557;"CUST_15";"Milk Products";1;5;5.0;"2024-08-16"
8448458;"CUST_10";"Beverages";7;41;287.0;"2022-12-12"
8449935;"CUST_06";"Furniture";7;16;108.5;"2024-12-13"
8449990;"CUST_12";"Butchers";3;34;100.5;"2025-01-02"
8451193;"CUST_19";"Patisserie";3;38;114.0;"2024-02-29"
8451329;"CUST_20";"Furniture";1;25;24.5;"2024-11-02"
8454077;"CUST_11";"Computers and electric accessories";2;8;16.0;"2023-02-15"
8454270;"CUST_01";"Computers and electric accessories";10;11;110.0;"2024-09-13"
8454614;"CUST_21";"Food";5;10;47.5;"2022-10-07"
8454618;"CUST_18";"Patisserie";4;22;86.0;"2024-04-16"
8456166;"CUST_11";"Furniture";1;26;26.0;"2023-08-08"
8460432;"CUST_15";"Furniture";8;11;88.0;"2022-02-05"
8461471;"CUST_13";"Food";3;20;60.0;"2023-10-16"
8461564;"CUST_08";"Electric household essentials";1;19;18.5;"2024-08-18"
8462959;"CUST_19";"Butchers";4;8;32.0;"2023-09-03"
8463034;"CUST_02";"Electric household essentials";9;23;207.0;"2023-09-30"
8463040;"CUST_16";"Milk Products";8;32;256.0;"2022-12-11"
8463949;"CUST_12";"Butchers";5;19;92.5;"2022-04-16"
8464199;"CUST_14";"Butchers";3;23;69.0;"2024-03-31"
8464397;"CUST_09";"Food";0;0;0.0;"2022-05-18"
8465227;"CUST_08";"Food";5;29;145.0;"2022-07-03"
8466158;"CUST_06";"Patisserie";4;38;152.0;"2023-04-08"
8466219;"CUST_25";"Butchers";4;28;110.0;"2022-05-15"
8466225;"CUST_01";"Electric household essentials";10;32;320.0;"2022-06-06"
8467501;"CUST_17";"Beverages";3;7;19.5;"2024-07-14"
8467828;"CUST_13";"Food";3;8;24.0;"2023-11-28"
8469057;"CUST_06";"Food";5;19;92.5;"2024-11-29"
8469419;"CUST_24";"Food";0;0;0.0;"2023-03-25"
8470431;"CUST_15";"Patisserie";9;11;99.0;"2023-08-19"
8470761;"CUST_25";"Furniture";5;13;62.5;"2022-04-22"
8471690;"CUST_11";"Electric household essentials";3;28;82.5;"2022-04-05"
8471781;"CUST_22";"Computers and electric accessories";5;35;175.0;"2024-04-12"
8473780;"CUST_14";"Beverages";8;7;52.0;"2022-06-04"
8473783;"CUST_13";"Food";1;25;24.5;"2024-12-29"
8474989;"CUST_06";"Beverages";3;7;19.5;"2022-06-22"
8475452;"CUST_17";"Electric household essentials";2;31;61.0;"2022-07-04"
8475688;"CUST_05";"Furniture";4;40;158.0;"2023-05-20"
8476669;"CUST_17";"Butchers";5;31;152.5;"2022-06-29"
8477564;"CUST_23";"Electric household essentials";7;29;203.0;"2024-07-18"
8477874;"CUST_11";"Electric household essentials";10;19;185.0;"2022-04-22"
8480994;"CUST_18";"Butchers";7;31;213.5;"2024-02-21"
8481601;"CUST_23";"Furniture";2;7;13.0;"2022-06-29"
8482271;"CUST_23";"Patisserie";0;0;0.0;"2022-01-05"
8483818;"CUST_15";"Furniture";4;41;164.0;"2024-03-03"
8485060;"CUST_01";"Furniture";6;20;120.0;"2024-07-08"
8486925;"CUST_08";"Furniture";2;34;67.0;"2023-08-27"
8486938;"CUST_20";"Computers and electric accessories";7;7;45.5;"2022-07-10"
8487424;"CUST_23";"Milk Products";6;29;174.0;"2023-10-18"
8487509;"CUST_03";"Beverages";5;40;197.5;"2022-05-04"
8487838;"CUST_18";"Computers and electric accessories";4;11;44.0;"2023-02-04"
8489499;"CUST_12";"Butchers";3;38;114.0;"2024-04-28"
8489525;"CUST_12";"Computers and electric accessories";2;32;64.0;"2023-09-20"
8489843;"CUST_06";"Food";7;31;213.5;"2022-03-20"
8490314;"CUST_24";"Electric household essentials";3;26;78.0;"2024-12-28"
8491772;"CUST_07";"Electric household essentials";3;38;114.0;"2022-10-21"
8493109;"CUST_07";"Food";1;34;33.5;"2022-03-21"
8493772;"CUST_18";"Butchers";8;13;100.0;"2023-09-04"
8494360;"CUST_04";"Patisserie";2;26;52.0;"2024-09-27"
8494899;"CUST_12";"Electric household essentials";8;22;172.0;"2024-08-25"
8496149;"CUST_23";"Milk Products";0;0;0.0;"2023-03-17"
8498323;"CUST_18";"Food";10;19;185.0;"2025-01-17"
8500248;"CUST_12";"Beverages";5;29;145.0;"2022-08-10"
8500549;"CUST_17";"Butchers";9;23;207.0;"2023-12-09"
8501609;"CUST_16";"Milk Products";9;37;328.5;"2022-11-29"
8502497;"CUST_18";"Beverages";1;26;26.0;"2022-12-08"
8503614;"CUST_12";"Electric household essentials";3;35;105.0;"2022-12-14"
8504230;"CUST_25";"Milk Products";5;10;47.5;"2024-11-01"
8504691;"CUST_08";"Milk Products";1;5;5.0;"2023-12-21"
8505513;"CUST_18";"Electric household essentials";8;5;40.0;"2023-07-21"
8506371;"CUST_10";"Electric household essentials";4;11;44.0;"2024-05-20"
8506676;"CUST_18";"Food";3;19;55.5;"2024-09-19"
8507665;"CUST_13";"Butchers";8;31;244.0;"2023-04-08"
8508332;"CUST_13";"Milk Products";10;8;80.0;"2022-06-23"
8508384;"CUST_18";"Food";3;10;28.5;"2022-01-29"
8508878;"CUST_03";"Computers and electric accessories";9;7;58.5;"2023-10-05"
8509739;"CUST_10";"Food";2;22;43.0;"2024-06-11"
8509815;"CUST_08";"Electric household essentials";7;16;108.5;"2023-03-09"
8510020;"CUST_16";"Computers and electric accessories";7;22;150.5;"2024-10-24"
8512141;"CUST_07";"Electric household essentials";5;20;100.0;"2023-09-30"
8512354;"CUST_23";"Milk Products";3;37;109.5;"2023-12-04"
8514144;"CUST_06";"Computers and electric accessories";10;34;335.0;"2023-07-04"
8514175;"CUST_10";"Patisserie";1;11;11.0;"2024-12-28"
8514415;"CUST_03";"Furniture";8;16;124.0;"2022-12-21"
8514486;"CUST_06";"Computers and electric accessories";8;14;112.0;"2023-02-23"
8515639;"CUST_01";"Milk Products";5;23;115.0;"2022-03-30"
8516678;"CUST_22";"Beverages";1;38;38.0;"2024-03-30"
8517307;"CUST_17";"Patisserie";7;41;287.0;"2024-10-04"
8517369;"CUST_01";"Computers and electric accessories";10;11;110.0;"2024-07-09"
8519447;"CUST_20";"Electric household essentials";4;26;104.0;"2024-07-31"
8519777;"CUST_16";"Beverages";3;40;118.5;"2022-07-02"
8520280;"CUST_23";"Patisserie";1;38;38.0;"2023-01-25"
8520397;"CUST_12";"Electric household essentials";10;41;410.0;"2024-03-27"
8521009;"CUST_12";"Food";8;5;40.0;"2023-01-02"
8522671;"CUST_03";"Electric household essentials";6;41;246.0;"2022-12-01"
8523870;"CUST_16";"Patisserie";5;29;145.0;"2024-03-15"
8524452;"CUST_15";"Patisserie";2;37;73.0;"2023-07-19"
8524977;"CUST_19";"Computers and electric accessories";8;7;52.0;"2024-06-05"
8527006;"CUST_25";"Food";9;22;193.5;"2024-10-31"
8527621;"CUST_11";"Beverages";1;8;8.0;"2023-04-06"
8528517;"CUST_02";"Food";9;20;180.0;"2022-07-13"
8528791;"CUST_22";"Butchers";7;26;182.0;"2022-10-28"
8529373;"CUST_24";"Butchers";6;40;237.0;"2022-01-01"
8529406;"CUST_15";"Electric household essentials";4;35;140.0;"2023-07-18"
8531399;"CUST_18";"Patisserie";0;0;0.0;"2024-12-05"
8532994;"CUST_17";"Electric household essentials";1;22;21.5;"2022-05-04"
8533361;"CUST_07";"Food";7;23;161.0;"2024-12-14"
8534316;"CUST_13";"Patisserie";10;40;395.0;"2023-03-12"
8534609;"CUST_14";"Food";5;29;145.0;"2023-03-08"
8535067;"CUST_17";"Computers and electric accessories";8;25;196.0;"2022-04-12"
8535621;"CUST_25";"Butchers";9;11;99.0;"2024-07-29"
8535735;"CUST_11";"Patisserie";8;34;268.0;"2022-02-15"
8535791;"CUST_17";"Milk Products";10;23;230.0;"2023-12-06"
8536076;"CUST_07";"Furniture";9;41;369.0;"2022-02-12"
8536324;"CUST_21";"Beverages";5;31;152.5;"2023-11-09"
8536550;"CUST_03";"Beverages";2;25;49.0;"2023-01-11"
8536862;"CUST_11";"Furniture";5;38;190.0;"2024-03-02"
8537042;"CUST_20";"Electric household essentials";4;28;110.0;"2024-06-08"
8537066;"CUST_03";"Milk Products";10;20;200.0;"2024-06-11"
8537294;"CUST_22";"Patisserie";2;29;58.0;"2022-02-13"
8539518;"CUST_24";"Computers and electric accessories";8;23;184.0;"2022-03-31"
8539572;"CUST_01";"Beverages";9;8;72.0;"2025-01-01"
8540228;"CUST_11";"Patisserie";4;23;92.0;"2024-05-12"
8540247;"CUST_21";"Butchers";7;37;255.5;"2023-02-18"
8540496;"CUST_24";"Electric household essentials";5;23;115.0;"2022-05-09"
8540896;"CUST_20";"Patisserie";7;20;140.0;"2024-04-09"
8543296;"CUST_16";"Beverages";8;7;52.0;"2022-01-11"
8543627;"CUST_23";"Electric household essentials";6;22;129.0;"2022-06-24"
8543967;"CUST_06";"Food";7;34;234.5;"2024-05-16"
8545700;"CUST_11";"Patisserie";7;28;192.5;"2022-05-13"
8546325;"CUST_19";"Butchers";7;13;87.5;"2024-06-07"
8547248;"CUST_12";"Beverages";3;22;64.5;"2022-06-29"
8547389;"CUST_11";"Electric household essentials";4;29;116.0;"2022-05-26"
8549366;"CUST_03";"Food";3;25;73.5;"2023-08-03"
8551130;"CUST_19";"Furniture";7;41;287.0;"2022-03-23"
8551782;"CUST_14";"Patisserie";4;38;152.0;"2023-11-06"
8551912;"CUST_12";"Milk Products";6;29;174.0;"2024-11-09"
8552028;"CUST_13";"Patisserie";0;0;0.0;"2022-01-23"
8552732;"CUST_02";"Furniture";8;41;328.0;"2024-03-28"
8552795;"CUST_06";"Beverages";6;41;246.0;"2022-02-21"
8555137;"CUST_21";"Butchers";2;5;10.0;"2023-09-16"
8557209;"CUST_22";"Food";8;17;136.0;"2024-05-30"
8557302;"CUST_02";"Furniture";6;14;84.0;"2024-03-26"
8559920;"CUST_23";"Food";8;23;184.0;"2023-07-26"
8560915;"CUST_05";"Butchers";9;41;369.0;"2024-11-03"
8562646;"CUST_05";"Beverages";7;29;203.0;"2024-09-06"
8562933;"CUST_22";"Beverages";8;25;196.0;"2024-06-23"
8564216;"CUST_24";"Patisserie";3;25;73.5;"2023-06-18"
8566128;"CUST_22";"Patisserie";6;26;156.0;"2024-02-02"
8566964;"CUST_15";"Patisserie";7;16;108.5;"2022-08-30"
8568204;"CUST_23";"Food";10;31;305.0;"2022-12-08"
8568373;"CUST_05";"Furniture";4;28;110.0;"2022-03-23"
8568584;"CUST_14";"Butchers";4;34;134.0;"2024-09-25"
8568991;"CUST_05";"Computers and electric accessories";10;5;50.0;"2024-10-10"
8569061;"CUST_13";"Butchers";3;14;42.0;"2023-02-15"
8570954;"CUST_16";"Electric household essentials";9;32;288.0;"2024-04-23"
8571165;"CUST_04";"Butchers";2;7;13.0;"2023-05-14"
8571416;"CUST_04";"Electric household essentials";4;38;152.0;"2024-08-12"
8572389;"CUST_14";"Patisserie";1;16;15.5;"2022-07-07"
8572474;"CUST_17";"Food";4;29;116.0;"2024-11-19"
8572635;"CUST_24";"Furniture";1;26;26.0;"2024-05-19"
8573044;"CUST_23";"Beverages";8;35;280.0;"2023-02-18"
8573178;"CUST_13";"Computers and electric accessories";9;16;139.5;"2023-11-17"
8574272;"CUST_13";"Electric household essentials";7;26;182.0;"2022-04-14"
8574406;"CUST_16";"Furniture";5;16;77.5;"2024-05-23"
8574556;"CUST_13";"Milk Products";4;32;128.0;"2023-04-17"
8574907;"CUST_14";"Patisserie";9;10;85.5;"2024-06-16"
8575100;"CUST_16";"Furniture";10;7;65.0;"2024-04-21"
8576039;"CUST_20";"Milk Products";2;28;55.0;"2024-08-20"
8576669;"CUST_24";"Butchers";2;34;67.0;"2024-06-27"
8578826;"CUST_24";"Computers and electric accessories";3;17;51.0;"2024-08-15"
8580799;"CUST_05";"Food";5;25;122.5;"2024-10-28"
8581857;"CUST_05";"Patisserie";0;0;0.0;"2024-08-20"
8581920;"CUST_24";"Patisserie";4;28;110.0;"2024-03-14"
8582247;"CUST_17";"Furniture";4;34;134.0;"2024-07-20"
8583404;"CUST_25";"Patisserie";9;20;180.0;"2024-01-27"
8583496;"CUST_18";"Butchers";1;41;41.0;"2023-10-06"
8583611;"CUST_17";"Computers and electric accessories";10;26;260.0;"2024-12-01"
8584185;"CUST_08";"Patisserie";4;41;164.0;"2022-02-11"
8584427;"CUST_08";"Butchers";9;37;328.5;"2023-03-04"
8585525;"CUST_18";"Food";6;10;57.0;"2022-02-01"
8585970;"CUST_06";"Electric household essentials";4;26;104.0;"2023-09-19"
8586265;"CUST_14";"Milk Products";1;14;14.0;"2023-03-03"
8586300;"CUST_11";"Computers and electric accessories";0;0;0.0;"2022-02-08"
8588500;"CUST_17";"Food";1;34;33.5;"2024-09-22"
8588818;"CUST_17";"Electric household essentials";3;29;87.0;"2022-12-18"
8589807;"CUST_21";"Patisserie";0;0;0.0;"2022-09-09"
8591439;"CUST_07";"Beverages";3;8;24.0;"2024-05-16"
8591611;"CUST_21";"Electric household essentials";9;23;207.0;"2024-08-14"
8592371;"CUST_02";"Patisserie";10;7;65.0;"2022-06-14"
8593519;"CUST_23";"Beverages";9;41;369.0;"2024-03-18"
8593945;"CUST_11";"Computers and electric accessories";9;22;193.5;"2024-09-02"
8594564;"CUST_21";"Beverages";6;22;129.0;"2023-10-16"
8595309;"CUST_02";"Patisserie";3;37;109.5;"2022-03-14"
8595871;"CUST_12";"Butchers";0;0;0.0;"2023-06-20"
8596049;"CUST_05";"Butchers";9;34;301.5;"2024-04-18"
8596178;"CUST_04";"Furniture";2;16;31.0;"2022-10-25"
8596731;"CUST_18";"Computers and electric accessories";3;16;46.5;"2023-04-09"
8598964;"CUST_05";"Furniture";5;14;70.0;"2023-04-29"
8600677;"CUST_21";"Computers and electric accessories";1;32;32.0;"2023-08-29"
8602784;"CUST_06";"Electric household essentials";10;22;215.0;"2023-08-20"
8603145;"CUST_15";"Electric household essentials";2;11;22.0;"2024-02-15"
8605252;"CUST_01";"Milk Products";7;38;266.0;"2022-12-05"
8605439;"CUST_06";"Electric household essentials";3;29;87.0;"2025-01-14"
8607752;"CUST_21";"Milk Products";2;14;28.0;"2022-04-18"
8608354;"CUST_08";"Patisserie";1;37;36.5;"2024-04-09"
8609493;"CUST_17";"Food";9;37;328.5;"2024-04-09"
8610139;"CUST_14";"Butchers";6;41;246.0;"2023-11-15"
8611391;"CUST_01";"Beverages";1;34;33.5;"2023-03-24"
8613508;"CUST_08";"Butchers";1;14;14.0;"2024-11-24"
8614470;"CUST_20";"Computers and electric accessories";8;26;208.0;"2024-11-22"
8615053;"CUST_01";"Computers and electric accessories";7;20;140.0;"2024-09-08"
8615080;"CUST_14";"Milk Products";6;29;174.0;"2022-06-14"
8615445;"CUST_01";"Beverages";0;0;0.0;"2022-12-22"
8615825;"CUST_19";"Furniture";1;41;41.0;"2022-03-20"
8616546;"CUST_09";"Beverages";8;35;280.0;"2023-04-01"
8616642;"CUST_20";"Milk Products";4;37;146.0;"2023-11-06"
8617279;"CUST_17";"Food";2;7;13.0;"2022-04-05"
8618296;"CUST_12";"Butchers";8;40;316.0;"2023-08-27"
8619328;"CUST_02";"Electric household essentials";4;10;38.0;"2025-01-11"
8619540;"CUST_11";"Electric household essentials";5;41;205.0;"2022-07-17"
8620480;"CUST_03";"Electric household essentials";2;10;19.0;"2023-09-01"
8620953;"CUST_14";"Furniture";6;29;174.0;"2022-11-10"
8622091;"CUST_14";"Beverages";3;7;19.5;"2023-03-21"
8622375;"CUST_13";"Milk Products";4;10;38.0;"2022-03-17"
8622563;"CUST_18";"Furniture";7;5;35.0;"2024-12-06"
8623799;"CUST_24";"Electric household essentials";1;11;11.0;"2024-04-24"
8624218;"CUST_16";"Beverages";8;20;160.0;"2022-08-03"
8624505;"CUST_19";"Food";9;23;207.0;"2023-09-15"
8625188;"CUST_13";"Furniture";8;7;52.0;"2024-11-13"
8625449;"CUST_06";"Patisserie";2;25;49.0;"2024-03-05"
8625757;"CUST_02";"Beverages";5;7;32.5;"2022-06-29"
8625922;"CUST_08";"Beverages";10;13;125.0;"2023-12-22"
8626137;"CUST_08";"Furniture";9;25;220.5;"2024-07-20"
8627287;"CUST_21";"Milk Products";2;22;43.0;"2024-01-11"
8628417;"CUST_09";"Furniture";5;10;47.5;"2022-10-09"
8628627;"CUST_16";"Electric household essentials";9;32;288.0;"2023-01-18"
8629942;"CUST_20";"Beverages";4;40;158.0;"2024-12-08"
8630147;"CUST_11";"Furniture";10;20;200.0;"2024-02-28"
8630301;"CUST_16";"Milk Products";9;5;45.0;"2024-08-10"
8630960;"CUST_02";"Furniture";2;13;25.0;"2023-05-19"
8631188;"CUST_06";"Beverages";8;22;172.0;"2023-11-17"
8631297;"CUST_23";"Butchers";10;31;305.0;"2022-02-15"
8631389;"CUST_13";"Computers and electric accessories";6;29;174.0;"2024-12-09"
8631857;"CUST_11";"Food";0;0;0.0;"2022-04-13"
8634272;"CUST_03";"Patisserie";7;16;108.5;"2023-01-23"
8635339;"CUST_09";"Milk Products";0;0;0.0;"2024-10-31"
8635580;"CUST_22";"Electric household essentials";6;32;192.0;"2024-02-07"
8635748;"CUST_23";"Milk Products";1;5;5.0;"2023-01-22"
8636007;"CUST_06";"Beverages";10;23;230.0;"2022-09-04"
8636216;"CUST_19";"Butchers";1;29;29.0;"2024-04-14"
8637678;"CUST_16";"Patisserie";2;13;25.0;"2023-12-08"
8637763;"CUST_23";"Beverages";8;8;64.0;"2024-07-03"
8638277;"CUST_16";"Electric household essentials";2;17;34.0;"2024-04-09"
8639124;"CUST_02";"Food";3;31;91.5;"2023-05-27"
8639287;"CUST_03";"Computers and electric accessories";10;20;200.0;"2024-03-13"
8640039;"CUST_12";"Milk Products";5;37;182.5;"2024-10-26"
8640842;"CUST_07";"Furniture";3;20;60.0;"2024-09-22"
8641832;"CUST_03";"Furniture";6;41;246.0;"2024-08-18"
8642140;"CUST_01";"Beverages";1;29;29.0;"2022-07-02"
8642580;"CUST_23";"Butchers";9;38;342.0;"2022-12-13"
8643512;"CUST_09";"Furniture";10;25;245.0;"2022-02-18"
8644182;"CUST_09";"Electric household essentials";1;20;20.0;"2024-08-03"
8645893;"CUST_23";"Beverages";3;25;73.5;"2023-07-06"
8648358;"CUST_16";"Milk Products";8;16;124.0;"2022-01-09"
8648672;"CUST_04";"Electric household essentials";6;7;39.0;"2022-07-01"
8648929;"CUST_01";"Butchers";1;23;23.0;"2022-08-17"
8649002;"CUST_25";"Furniture";5;38;190.0;"2022-03-02"
8650516;"CUST_17";"Furniture";8;41;328.0;"2023-06-22"
8652929;"CUST_19";"Furniture";8;20;160.0;"2023-05-05"
8653248;"CUST_21";"Computers and electric accessories";10;7;65.0;"2022-04-07"
8653580;"CUST_15";"Milk Products";8;14;112.0;"2022-11-25"
8653690;"CUST_18";"Patisserie";4;23;92.0;"2022-06-24"
8653885;"CUST_12";"Food";7;26;182.0;"2022-03-29"
8653997;"CUST_20";"Beverages";8;28;220.0;"2023-01-18"
8654066;"CUST_19";"Computers and electric accessories";7;20;140.0;"2024-01-25"
8655378;"CUST_12";"Milk Products";4;38;152.0;"2023-07-16"
8655450;"CUST_15";"Patisserie";5;20;100.0;"2024-10-10"
8655514;"CUST_04";"Computers and electric accessories";2;11;22.0;"2022-04-16"
8655596;"CUST_15";"Computers and electric accessories";6;23;138.0;"2024-12-29"
8655955;"CUST_09";"Beverages";6;40;237.0;"2023-04-29"
8658665;"CUST_22";"Patisserie";5;10;47.5;"2022-09-09"
8658857;"CUST_07";"Beverages";2;8;16.0;"2024-05-19"
8659226;"CUST_21";"Computers and electric accessories";10;35;350.0;"2024-07-19"
8660082;"CUST_08";"Beverages";1;34;33.5;"2024-05-18"
8660754;"CUST_01";"Computers and electric accessories";2;17;34.0;"2022-03-24"
8661004;"CUST_13";"Beverages";6;7;39.0;"2025-01-08"
8662127;"CUST_11";"Food";4;41;164.0;"2024-03-18"
8662660;"CUST_14";"Furniture";10;7;65.0;"2022-05-29"
8664749;"CUST_24";"Milk Products";7;14;98.0;"2024-08-17"
8666461;"CUST_20";"Food";7;11;77.0;"2024-01-13"
8666651;"CUST_03";"Furniture";8;14;112.0;"2023-08-02"
8666705;"CUST_06";"Food";3;34;100.5;"2023-03-02"
8667891;"CUST_11";"Electric household essentials";5;16;77.5;"2022-03-22"
8669054;"CUST_24";"Milk Products";7;13;87.5;"2022-08-28"
8670643;"CUST_11";"Milk Products";1;37;36.5;"2022-12-18"
8673519;"CUST_09";"Beverages";7;26;182.0;"2023-01-16"
8673963;"CUST_13";"Computers and electric accessories";3;19;55.5;"2023-08-19"
8674282;"CUST_23";"Butchers";8;41;328.0;"2023-05-20"
8674510;"CUST_17";"Milk Products";2;20;40.0;"2023-11-22"
8674521;"CUST_19";"Food";9;13;112.5;"2023-01-22"
8674901;"CUST_17";"Furniture";1;26;26.0;"2022-07-02"
8676808;"CUST_06";"Butchers";8;5;40.0;"2024-02-17"
8677921;"CUST_09";"Computers and electric accessories";3;11;33.0;"2022-05-09"
8678538;"CUST_16";"Food";5;23;115.0;"2023-01-24"
8678715;"CUST_21";"Milk Products";6;31;183.0;"2023-08-21"
8678788;"CUST_24";"Computers and electric accessories";7;32;224.0;"2023-08-25"
8678885;"CUST_21";"Milk Products";6;8;48.0;"2022-06-01"
8680983;"CUST_02";"Food";9;40;355.5;"2022-11-29"
8681656;"CUST_19";"Furniture";8;41;328.0;"2022-05-21"
8682802;"CUST_25";"Patisserie";4;38;152.0;"2022-02-06"
8683777;"CUST_03";"Electric household essentials";2;31;61.0;"2023-07-05"
8684883;"CUST_01";"Computers and electric accessories";6;13;75.0;"2022-11-15"
8685338;"CUST_15";"Milk Products";3;35;105.0;"2023-10-29"
8685497;"CUST_13";"Electric household essentials";8;38;304.0;"2022-08-22"
8685820;"CUST_05";"Beverages";10;5;50.0;"2023-03-23"
8686018;"CUST_07";"Patisserie";8;20;160.0;"2024-07-29"
8686778;"CUST_19";"Butchers";9;5;45.0;"2024-12-17"
8688342;"CUST_12";"Furniture";10;41;410.0;"2024-04-20"
8688377;"CUST_25";"Milk Products";1;22;21.5;"2024-02-10"
8688591;"CUST_18";"Food";9;17;153.0;"2024-12-19"
8689221;"CUST_07";"Electric household essentials";2;41;82.0;"2023-04-22"
8689399;"CUST_22";"Beverages";2;25;49.0;"2022-02-04"
8689868;"CUST_18";"Butchers";1;20;20.0;"2024-01-20"
8690631;"CUST_09";"Food";6;20;120.0;"2024-03-03"
8691499;"CUST_05";"Milk Products";8;29;232.0;"2022-07-19"
8692837;"CUST_10";"Computers and electric accessories";3;34;100.5;"2025-01-02"
8692872;"CUST_03";"Computers and electric accessories";3;20;60.0;"2024-04-29"
8693268;"CUST_19";"Computers and electric accessories";5;40;197.5;"2022-05-31"
8694029;"CUST_07";"Food";9;31;274.5;"2023-03-11"
8694089;"CUST_25";"Computers and electric accessories";1;37;36.5;"2024-07-22"
8694108;"CUST_16";"Electric household essentials";4;37;146.0;"2022-11-20"
8694760;"CUST_15";"Furniture";3;40;118.5;"2024-02-22"
8694833;"CUST_18";"Milk Products";7;23;161.0;"2023-09-30"
8696709;"CUST_12";"Patisserie";7;10;66.5;"2022-09-10"
8697140;"CUST_03";"Beverages";0;0;0.0;"2022-11-08"
8697234;"CUST_05";"Furniture";4;16;62.0;"2023-02-27"
8697688;"CUST_12";"Computers and electric accessories";0;0;0.0;"2022-06-08"
8699307;"CUST_09";"Food";10;25;245.0;"2022-06-11"
8699780;"CUST_10";"Butchers";1;34;33.5;"2023-01-14"
8699943;"CUST_07";"Butchers";6;8;48.0;"2022-04-27"
8700100;"CUST_12";"Patisserie";7;34;234.5;"2024-01-20"
8700769;"CUST_01";"Butchers";10;34;335.0;"2024-05-14"
8701391;"CUST_04";"Electric household essentials";5;19;92.5;"2023-02-24"
8702111;"CUST_02";"Computers and electric accessories";7;23;161.0;"2024-02-03"
8702969;"CUST_25";"Beverages";7;7;45.5;"2023-02-19"
8704721;"CUST_09";"Beverages";10;25;245.0;"2023-02-16"
8705051;"CUST_07";"Butchers";4;23;92.0;"2024-01-20"
8705070;"CUST_03";"Patisserie";7;13;87.5;"2022-02-28"
8705609;"CUST_24";"Electric household essentials";6;37;219.0;"2022-01-08"
8707599;"CUST_07";"Food";10;13;125.0;"2022-01-26"
8711676;"CUST_19";"Furniture";8;25;196.0;"2022-01-09"
8713017;"CUST_02";"Computers and electric accessories";7;23;161.0;"2024-12-02"
8713672;"CUST_04";"Patisserie";5;26;130.0;"2022-09-17"
8713743;"CUST_07";"Milk Products";8;31;244.0;"2024-05-29"
8714034;"CUST_09";"Electric household essentials";4;13;50.0;"2023-01-07"
8714514;"CUST_04";"Patisserie";7;14;98.0;"2022-08-19"
8715323;"CUST_09";"Butchers";2;34;67.0;"2023-03-12"
8715500;"CUST_03";"Computers and electric accessories";10;17;170.0;"2023-02-18"
8716794;"CUST_13";"Food";10;41;410.0;"2024-05-29"
8717697;"CUST_20";"Furniture";6;20;120.0;"2024-05-21"
8718529;"CUST_21";"Electric household essentials";2;34;67.0;"2023-10-05"
8720680;"CUST_14";"Beverages";9;41;369.0;"2024-10-07"
8721418;"CUST_01";"Beverages";9;25;220.5;"2022-02-20"
8722334;"CUST_20";"Patisserie";3;38;114.0;"2024-06-26"
8722582;"CUST_11";"Beverages";10;17;170.0;"2022-09-18"
8722597;"CUST_01";"Electric household essentials";6;11;66.0;"2024-10-30"
8723631;"CUST_18";"Furniture";10;5;50.0;"2023-10-04"
8724047;"CUST_05";"Computers and electric accessories";6;11;66.0;"2024-09-16"
8724276;"CUST_02";"Furniture";6;11;66.0;"2022-04-01"
8724290;"CUST_23";"Food";8;5;40.0;"2023-03-29"
8725442;"CUST_08";"Butchers";10;40;395.0;"2022-08-20"
8727312;"CUST_15";"Food";5;11;55.0;"2023-05-22"
8728894;"CUST_10";"Furniture";10;16;155.0;"2023-03-24"
8729164;"CUST_13";"Milk Products";5;28;137.5;"2023-06-24"
8730858;"CUST_20";"Milk Products";10;31;305.0;"2023-12-22"
8731910;"CUST_01";"Beverages";6;34;201.0;"2022-07-30"
8732067;"CUST_16";"Computers and electric accessories";2;7;13.0;"2023-05-27"
8732641;"CUST_03";"Electric household essentials";10;23;230.0;"2023-09-30"
8733845;"CUST_04";"Patisserie";8;26;208.0;"2024-06-16"
8735696;"CUST_06";"Butchers";7;26;182.0;"2024-02-05"
8736071;"CUST_02";"Butchers";5;29;145.0;"2023-02-14"
8736526;"CUST_21";"Electric household essentials";6;37;219.0;"2023-04-09"
8736586;"CUST_10";"Milk Products";5;5;25.0;"2022-04-01"
8737201;"CUST_24";"Furniture";7;28;192.5;"2023-09-11"
8737583;"CUST_01";"Milk Products";7;23;161.0;"2023-02-21"
8737677;"CUST_24";"Butchers";0;0;0.0;"2024-12-06"
8737799;"CUST_16";"Food";2;13;25.0;"2022-08-20"
8738852;"CUST_22";"Beverages";8;16;124.0;"2022-03-30"
8739336;"CUST_23";"Furniture";2;28;55.0;"2023-10-21"
8739719;"CUST_15";"Patisserie";7;22;150.5;"2022-07-24"
8741487;"CUST_23";"Patisserie";7;25;171.5;"2022-04-10"
8741691;"CUST_19";"Beverages";1;7;6.5;"2024-05-24"
8742206;"CUST_18";"Food";7;10;66.5;"2023-09-08"
8743787;"CUST_03";"Electric household essentials";3;37;109.5;"2024-03-05"
8744270;"CUST_03";"Butchers";8;7;52.0;"2024-06-11"
8744758;"CUST_19";"Computers and electric accessories";10;20;200.0;"2023-11-24"
8746397;"CUST_09";"Milk Products";3;20;60.0;"2022-11-14"
8746609;"CUST_23";"Computers and electric accessories";1;5;5.0;"2022-04-12"
8746722;"CUST_25";"Beverages";10;22;215.0;"2022-11-24"
8747203;"CUST_17";"Butchers";6;10;57.0;"2022-10-16"
8747801;"CUST_12";"Butchers";7;13;87.5;"2023-06-29"
8748461;"CUST_06";"Beverages";3;16;46.5;"2022-04-18"
8749312;"CUST_02";"Patisserie";7;25;171.5;"2022-08-24"
8749911;"CUST_14";"Furniture";1;29;29.0;"2023-11-17"
8750639;"CUST_21";"Computers and electric accessories";10;7;65.0;"2024-06-14"
8750712;"CUST_22";"Computers and electric accessories";9;35;315.0;"2025-01-10"
8751139;"CUST_06";"Butchers";5;26;130.0;"2022-11-15"
8751570;"CUST_02";"Beverages";6;41;246.0;"2024-03-13"
8751626;"CUST_12";"Computers and electric accessories";8;13;100.0;"2022-02-14"
8752043;"CUST_17";"Patisserie";4;34;134.0;"2022-12-17"
8753170;"CUST_18";"Butchers";4;26;104.0;"2022-10-24"
8754458;"CUST_18";"Food";8;11;88.0;"2024-01-03"
8754747;"CUST_24";"Beverages";1;28;27.5;"2022-07-01"
8755760;"CUST_10";"Milk Products";9;23;207.0;"2024-10-22"
8756425;"CUST_16";"Patisserie";1;16;15.5;"2024-12-20"
8756781;"CUST_11";"Furniture";4;16;62.0;"2024-01-14"
8756884;"CUST_07";"Patisserie";7;11;77.0;"2023-07-11"
8757042;"CUST_17";"Butchers";0;0;0.0;"2022-11-30"
8757048;"CUST_11";"Electric household essentials";3;38;114.0;"2024-05-22"
8757431;"CUST_14";"Electric household essentials";9;17;153.0;"2024-10-23"
8759839;"CUST_10";"Milk Products";1;7;6.5;"2024-06-03"
8760288;"CUST_17";"Food";2;19;37.0;"2022-10-30"
8760430;"CUST_12";"Food";8;22;172.0;"2023-01-14"
8760856;"CUST_06";"Furniture";8;5;40.0;"2023-11-01"
8761612;"CUST_08";"Furniture";5;29;145.0;"2022-06-25"
8762559;"CUST_19";"Patisserie";10;38;380.0;"2023-07-23"
8762760;"CUST_09";"Milk Products";9;14;126.0;"2024-09-13"
8763482;"CUST_13";"Butchers";4;28;110.0;"2023-12-24"
8763870;"CUST_06";"Electric household essentials";8;41;328.0;"2024-07-26"
8764735;"CUST_04";"Computers and electric accessories";4;28;110.0;"2024-05-26"
8765485;"CUST_02";"Milk Products";6;16;93.0;"2022-09-15"
8766170;"CUST_04";"Patisserie";8;19;148.0;"2024-09-28"
8768180;"CUST_17";"Milk Products";7;31;213.5;"2022-05-22"
8768337;"CUST_06";"Beverages";6;31;183.0;"2022-06-15"
8768729;"CUST_19";"Beverages";6;14;84.0;"2022-04-09"
8769384;"CUST_02";"Patisserie";6;17;102.0;"2023-07-20"
8769977;"CUST_04";"Computers and electric accessories";5;5;25.0;"2024-07-03"
8771271;"CUST_15";"Computers and electric accessories";8;32;256.0;"2023-01-26"
8773638;"CUST_12";"Butchers";4;14;56.0;"2024-11-14"
8773755;"CUST_21";"Furniture";7;19;129.5;"2024-08-09"
8774399;"CUST_23";"Furniture";1;41;41.0;"2022-01-24"
8775269;"CUST_20";"Patisserie";9;32;288.0;"2022-01-28"
8775503;"CUST_08";"Computers and electric accessories";2;13;25.0;"2024-10-11"
8776416;"CUST_22";"Butchers";9;8;72.0;"2024-12-14"
8776539;"CUST_03";"Patisserie";9;20;180.0;"2024-09-27"
8776916;"CUST_09";"Patisserie";9;10;85.5;"2023-01-05"
8777313;"CUST_20";"Food";3;41;123.0;"2023-04-20"
8778302;"CUST_20";"Patisserie";9;11;99.0;"2023-11-14"
8778726;"CUST_22";"Food";3;25;73.5;"2022-02-14"
8781758;"CUST_20";"Furniture";5;11;55.0;"2024-02-13"
8781897;"CUST_02";"Milk Products";2;23;46.0;"2024-09-02"
8782115;"CUST_14";"Food";9;32;288.0;"2023-11-28"
8782397;"CUST_24";"Electric household essentials";2;32;64.0;"2023-04-20"
8782421;"CUST_05";"Food";2;25;49.0;"2024-03-17"
8782678;"CUST_01";"Furniture";4;25;98.0;"2023-01-21"
8782783;"CUST_05";"Food";4;31;122.0;"2022-03-06"
8783459;"CUST_19";"Beverages";8;7;52.0;"2023-05-06"
8784273;"CUST_25";"Computers and electric accessories";4;25;98.0;"2022-05-02"
8784908;"CUST_17";"Electric household essentials";6;41;246.0;"2023-07-20"
8785041;"CUST_13";"Beverages";5;32;160.0;"2022-03-05"
8785418;"CUST_07";"Patisserie";9;5;45.0;"2023-02-12"
8786372;"CUST_25";"Electric household essentials";8;16;124.0;"2022-04-22"
8786633;"CUST_16";"Patisserie";3;40;118.5;"2022-09-14"
8786976;"CUST_01";"Milk Products";1;5;5.0;"2022-04-12"
8787072;"CUST_25";"Beverages";9;14;126.0;"2024-08-14"
8788021;"CUST_25";"Food";3;29;87.0;"2024-11-26"
8789017;"CUST_13";"Milk Products";2;16;31.0;"2023-02-21"
8789507;"CUST_01";"Electric household essentials";4;41;164.0;"2023-09-30"
8789567;"CUST_21";"Electric household essentials";8;13;100.0;"2023-05-20"
8789796;"CUST_10";"Electric household essentials";3;17;51.0;"2024-12-01"
8790118;"CUST_08";"Milk Products";5;34;167.5;"2023-07-16"
8792621;"CUST_19";"Patisserie";5;28;137.5;"2024-09-28"
8793256;"CUST_06";"Beverages";8;22;172.0;"2024-04-11"
8793391;"CUST_16";"Beverages";8;7;52.0;"2024-04-14"
8794900;"CUST_18";"Computers and electric accessories";0;0;0.0;"2022-11-19"
8794922;"CUST_06";"Computers and electric accessories";3;11;33.0;"2024-05-28"
8796188;"CUST_20";"Electric household essentials";7;11;77.0;"2023-06-23"
8796421;"CUST_20";"Computers and electric accessories";6;38;228.0;"2023-04-08"
8796772;"CUST_22";"Computers and electric accessories";10;22;215.0;"2024-06-14"
8797238;"CUST_24";"Milk Products";2;28;55.0;"2023-05-23"
8799154;"CUST_07";"Electric household essentials";8;34;268.0;"2023-10-10"
8799205;"CUST_10";"Food";8;19;148.0;"2024-09-04"
8799969;"CUST_04";"Computers and electric accessories";10;17;170.0;"2024-05-16"
8800567;"CUST_13";"Computers and electric accessories";0;0;0.0;"2023-10-05"
8801583;"CUST_24";"Butchers";7;28;192.5;"2022-09-18"
8802193;"CUST_02";"Milk Products";2;22;43.0;"2022-08-05"
8802679;"CUST_25";"Electric household essentials";7;37;255.5;"2022-04-25"
8802743;"CUST_23";"Milk Products";6;32;192.0;"2023-09-17"
8803385;"CUST_15";"Furniture";5;26;130.0;"2023-08-07"
8804358;"CUST_22";"Furniture";10;25;245.0;"2022-01-23"
8804518;"CUST_02";"Milk Products";4;23;92.0;"2023-12-25"
8804764;"CUST_02";"Beverages";9;22;193.5;"2025-01-16"
8804809;"CUST_20";"Beverages";6;31;183.0;"2024-08-07"
8805006;"CUST_12";"Patisserie";2;14;28.0;"2022-01-13"
8805325;"CUST_04";"Patisserie";7;10;66.5;"2024-06-19"
8805576;"CUST_11";"Milk Products";7;5;35.0;"2024-12-09"
8805699;"CUST_16";"Milk Products";9;32;288.0;"2022-04-23"
8808139;"CUST_17";"Butchers";9;29;261.0;"2022-11-15"
8809000;"CUST_23";"Milk Products";3;8;24.0;"2023-01-10"
8810062;"CUST_07";"Electric household essentials";8;13;100.0;"2024-10-10"
8810408;"CUST_16";"Patisserie";7;22;150.5;"2022-08-15"
8812902;"CUST_10";"Computers and electric accessories";0;0;0.0;"2022-11-17"
8813563;"CUST_24";"Food";3;34;100.5;"2023-01-20"
8814811;"CUST_14";"Food";1;11;11.0;"2024-05-31"
8815455;"CUST_18";"Beverages";2;25;49.0;"2023-06-18"
8817119;"CUST_22";"Butchers";5;34;167.5;"2024-04-27"
8817845;"CUST_13";"Patisserie";3;10;28.5;"2023-07-29"
8818340;"CUST_04";"Electric household essentials";7;35;245.0;"2022-04-30"
8819433;"CUST_06";"Computers and electric accessories";8;22;172.0;"2024-04-15"
8819907;"CUST_21";"Milk Products";10;32;320.0;"2023-07-19"
8820879;"CUST_23";"Food";10;23;230.0;"2022-01-19"
8821770;"CUST_17";"Butchers";4;41;164.0;"2023-01-26"
8822878;"CUST_18";"Beverages";1;17;17.0;"2022-12-01"
8822985;"CUST_18";"Butchers";1;14;14.0;"2024-08-22"
8823017;"CUST_06";"Electric household essentials";10;32;320.0;"2023-04-10"
8824211;"CUST_22";"Patisserie";8;17;136.0;"2024-03-19"
8824415;"CUST_10";"Computers and electric accessories";4;19;74.0;"2023-06-11"
8825993;"CUST_06";"Electric household essentials";3;5;15.0;"2024-05-02"
8826135;"CUST_01";"Milk Products";5;22;107.5;"2024-05-25"
8826475;"CUST_07";"Beverages";1;35;35.0;"2023-07-02"
8827064;"CUST_02";"Food";2;11;22.0;"2022-11-10"
8828761;"CUST_08";"Butchers";2;34;67.0;"2025-01-17"
8828780;"CUST_08";"Furniture";10;26;260.0;"2024-12-16"
8830035;"CUST_17";"Furniture";10;41;410.0;"2022-07-05"
8830578;"CUST_18";"Electric household essentials";9;13;112.5;"2023-04-17"
8830893;"CUST_02";"Food";7;35;245.0;"2024-06-30"
8831168;"CUST_25";"Electric household essentials";3;22;64.5;"2023-11-12"
8831425;"CUST_12";"Butchers";3;10;28.5;"2023-09-08"
8831517;"CUST_08";"Computers and electric accessories";1;34;33.5;"2022-04-21"
8831675;"CUST_14";"Milk Products";7;13;87.5;"2023-12-22"
8831976;"CUST_19";"Furniture";5;17;85.0;"2022-07-15"
8832056;"CUST_22";"Butchers";1;28;27.5;"2022-10-31"
8833136;"CUST_10";"Food";8;41;328.0;"2025-01-13"
8834253;"CUST_01";"Patisserie";7;28;192.5;"2024-02-06"
8834540;"CUST_25";"Beverages";5;22;107.5;"2023-02-24"
8834665;"CUST_15";"Food";6;19;111.0;"2023-08-24"
8834965;"CUST_08";"Butchers";9;41;369.0;"2024-06-29"
8835062;"CUST_10";"Patisserie";9;16;139.5;"2022-11-02"
8836103;"CUST_23";"Electric household essentials";5;25;122.5;"2023-07-17"
8836430;"CUST_08";"Milk Products";6;16;93.0;"2025-01-01"
8836671;"CUST_15";"Milk Products";5;40;197.5;"2024-11-11"
8837607;"CUST_15";"Food";10;41;410.0;"2022-11-05"
8837653;"CUST_14";"Patisserie";1;34;33.5;"2024-06-28"
8837973;"CUST_18";"Computers and electric accessories";9;38;342.0;"2024-12-29"
8838210;"CUST_06";"Butchers";1;26;26.0;"2022-12-30"
8838487;"CUST_13";"Milk Products";6;32;192.0;"2024-12-30"
8838958;"CUST_01";"Computers and electric accessories";0;0;0.0;"2024-11-08"
8838987;"CUST_25";"Butchers";3;28;82.5;"2024-09-28"
8839212;"CUST_22";"Beverages";3;38;114.0;"2023-01-10"
8839295;"CUST_07";"Milk Products";4;28;110.0;"2023-11-25"
8839706;"CUST_15";"Patisserie";10;13;125.0;"2024-11-28"
8840155;"CUST_11";"Milk Products";3;5;15.0;"2024-12-15"
8840201;"CUST_23";"Food";5;10;47.5;"2024-02-19"
8842339;"CUST_22";"Beverages";8;22;172.0;"2023-05-14"
8842777;"CUST_23";"Patisserie";7;23;161.0;"2024-11-08"
8844263;"CUST_21";"Computers and electric accessories";8;5;40.0;"2023-06-29"
8845175;"CUST_06";"Food";7;32;224.0;"2023-10-05"
8845178;"CUST_15";"Furniture";3;26;78.0;"2023-09-16"
8846106;"CUST_19";"Beverages";0;0;0.0;"2024-10-16"
8846213;"CUST_24";"Milk Products";9;28;247.5;"2024-08-09"
8846502;"CUST_25";"Patisserie";6;17;102.0;"2024-08-07"
8846811;"CUST_21";"Butchers";1;35;35.0;"2022-09-06"
8847004;"CUST_08";"Computers and electric accessories";3;41;123.0;"2024-12-14"
8847569;"CUST_16";"Electric household essentials";5;35;175.0;"2023-07-19"
8848656;"CUST_14";"Butchers";3;13;37.5;"2023-06-01"
8848865;"CUST_12";"Patisserie";6;23;138.0;"2022-04-21"
8849152;"CUST_05";"Food";1;22;21.5;"2022-08-15"
8849165;"CUST_25";"Computers and electric accessories";7;11;77.0;"2023-07-19"
8851227;"CUST_08";"Patisserie";4;13;50.0;"2023-08-10"
8851575;"CUST_02";"Milk Products";10;23;230.0;"2024-04-30"
8852168;"CUST_16";"Food";6;29;174.0;"2024-07-12"
8852595;"CUST_20";"Butchers";4;20;80.0;"2022-04-19"
8853331;"CUST_25";"Butchers";5;22;107.5;"2024-06-01"
8855788;"CUST_11";"Food";4;10;38.0;"2024-12-28"
8858265;"CUST_14";"Electric household essentials";1;38;38.0;"2024-04-18"
8858571;"CUST_08";"Milk Products";8;28;220.0;"2023-04-02"
8860703;"CUST_04";"Beverages";2;22;43.0;"2023-08-09"
8861404;"CUST_05";"Computers and electric accessories";4;22;86.0;"2023-11-01"
8863517;"CUST_11";"Patisserie";1;25;24.5;"2023-01-21"
8863568;"CUST_22";"Furniture";2;35;70.0;"2022-05-25"
8863955;"CUST_01";"Patisserie";6;34;201.0;"2022-08-15"
8864012;"CUST_11";"Furniture";6;11;66.0;"2024-12-24"
8864272;"CUST_09";"Butchers";10;22;215.0;"2023-06-30"
8865856;"CUST_05";"Beverages";0;0;0.0;"2023-04-11"
8866340;"CUST_18";"Milk Products";7;8;56.0;"2023-01-22"
8866685;"CUST_13";"Electric household essentials";1;35;35.0;"2022-08-04"
8866836;"CUST_08";"Food";6;23;138.0;"2024-06-22"
8866842;"CUST_11";"Computers and electric accessories";10;25;245.0;"2023-04-01"
8867435;"CUST_04";"Beverages";8;7;52.0;"2023-10-06"
8867982;"CUST_18";"Food";8;35;280.0;"2022-11-01"
8868040;"CUST_21";"Butchers";6;31;183.0;"2023-01-23"
8868085;"CUST_19";"Furniture";0;0;0.0;"2024-03-07"
8868134;"CUST_20";"Beverages";1;23;23.0;"2022-02-21"
8868169;"CUST_07";"Food";0;0;0.0;"2023-01-05"
8869237;"CUST_08";"Patisserie";2;31;61.0;"2023-05-27"
8869702;"CUST_06";"Computers and electric accessories";9;13;112.5;"2023-07-14"
8870473;"CUST_17";"Milk Products";1;23;23.0;"2023-05-29"
8872470;"CUST_02";"Electric household essentials";1;32;32.0;"2024-12-18"
8874047;"CUST_05";"Beverages";10;19;185.0;"2022-03-31"
8874924;"CUST_13";"Milk Products";9;13;112.5;"2024-04-25"
8875381;"CUST_07";"Electric household essentials";1;23;23.0;"2024-12-14"
8875914;"CUST_22";"Electric household essentials";8;17;136.0;"2024-07-18"
8876899;"CUST_22";"Butchers";3;29;87.0;"2022-09-05"
8877404;"CUST_24";"Food";2;29;58.0;"2022-12-24"
8877890;"CUST_13";"Electric household essentials";1;38;38.0;"2022-09-08"
8878037;"CUST_23";"Furniture";5;5;25.0;"2022-05-04"
8878104;"CUST_05";"Furniture";2;16;31.0;"2024-08-22"
8878131;"CUST_11";"Milk Products";5;10;47.5;"2024-12-19"
8878269;"CUST_05";"Computers and electric accessories";4;32;128.0;"2024-12-08"
8878406;"CUST_12";"Patisserie";9;29;261.0;"2022-12-18"
8878797;"CUST_07";"Electric household essentials";8;26;208.0;"2023-04-09"
8879321;"CUST_24";"Electric household essentials";7;26;182.0;"2024-04-28"
8879706;"CUST_15";"Patisserie";8;28;220.0;"2024-12-26"
8879779;"CUST_15";"Furniture";10;10;95.0;"2024-10-31"
8879912;"CUST_15";"Patisserie";1;34;33.5;"2024-10-31"
8880741;"CUST_22";"Furniture";7;20;140.0;"2023-07-03"
8881867;"CUST_23";"Computers and electric accessories";7;7;45.5;"2024-01-08"
8882076;"CUST_25";"Computers and electric accessories";0;0;0.0;"2022-03-31"
8883231;"CUST_04";"Computers and electric accessories";0;0;0.0;"2024-12-12"
8883302;"CUST_23";"Food";2;38;76.0;"2023-08-06"
8883555;"CUST_12";"Furniture";3;5;15.0;"2022-10-12"
8884438;"CUST_02";"Furniture";5;26;130.0;"2024-03-21"
8885115;"CUST_06";"Furniture";1;41;41.0;"2024-01-03"
8885533;"CUST_09";"Butchers";1;40;39.5;"2023-12-12"
8886427;"CUST_03";"Food";2;8;16.0;"2023-01-02"
8886498;"CUST_16";"Electric household essentials";5;20;100.0;"2023-08-15"
8887105;"CUST_15";"Electric household essentials";9;7;58.5;"2024-11-14"
8887502;"CUST_21";"Food";8;20;160.0;"2023-04-01"
8887517;"CUST_20";"Computers and electric accessories";10;17;170.0;"2024-01-22"
8887696;"CUST_10";"Butchers";1;40;39.5;"2023-07-08"
8888063;"CUST_10";"Patisserie";8;38;304.0;"2024-02-22"
8889008;"CUST_09";"Furniture";1;16;15.5;"2022-04-13"
8889522;"CUST_21";"Milk Products";0;0;0.0;"2023-09-21"
8890505;"CUST_21";"Food";6;11;66.0;"2022-11-21"
8890563;"CUST_03";"Food";10;8;80.0;"2022-05-26"
8890587;"CUST_04";"Furniture";7;16;108.5;"2023-03-30"
8890901;"CUST_17";"Furniture";6;7;39.0;"2023-09-07"
8891020;"CUST_13";"Computers and electric accessories";5;37;182.5;"2022-12-10"
8892083;"CUST_11";"Food";8;20;160.0;"2023-02-03"
8892525;"CUST_19";"Computers and electric accessories";5;31;152.5;"2023-02-18"
8894971;"CUST_09";"Electric household essentials";8;29;232.0;"2023-12-28"
8895462;"CUST_22";"Electric household essentials";8;26;208.0;"2023-02-16"
8896457;"CUST_20";"Beverages";5;40;197.5;"2024-06-29"
8897254;"CUST_07";"Food";8;29;232.0;"2024-08-25"
8897537;"CUST_02";"Milk Products";4;37;146.0;"2023-05-17"
8898496;"CUST_08";"Food";2;10;19.0;"2023-12-13"
8899500;"CUST_08";"Computers and electric accessories";9;22;193.5;"2022-11-23"
8900578;"CUST_01";"Butchers";5;31;152.5;"2024-09-30"
8904317;"CUST_15";"Food";6;10;57.0;"2023-05-18"
8904495;"CUST_07";"Butchers";9;13;112.5;"2023-09-26"
8905031;"CUST_22";"Milk Products";1;29;29.0;"2023-09-10"
8905154;"CUST_09";"Butchers";5;23;115.0;"2022-10-24"
8906015;"CUST_13";"Computers and electric accessories";8;23;184.0;"2022-03-01"
8908031;"CUST_25";"Butchers";8;11;88.0;"2023-01-20"
8908411;"CUST_05";"Electric household essentials";7;29;203.0;"2023-09-22"
8909732;"CUST_21";"Computers and electric accessories";4;34;134.0;"2023-08-06"
8910219;"CUST_19";"Furniture";10;8;80.0;"2023-08-18"
8911952;"CUST_23";"Electric household essentials";7;17;119.0;"2024-06-07"
8912049;"CUST_15";"Butchers";5;28;137.5;"2024-08-07"
8912070;"CUST_03";"Butchers";5;14;70.0;"2022-07-18"
8912253;"CUST_22";"Computers and electric accessories";10;35;350.0;"2022-12-11"
8912384;"CUST_05";"Electric household essentials";9;41;369.0;"2022-07-18"
8912717;"CUST_05";"Milk Products";10;7;65.0;"2022-07-28"
8913051;"CUST_02";"Furniture";3;40;118.5;"2022-06-18"
8914114;"CUST_16";"Milk Products";8;14;112.0;"2023-09-22"
8914458;"CUST_25";"Patisserie";3;41;123.0;"2024-10-21"
8915425;"CUST_14";"Butchers";6;35;210.0;"2023-03-20"
8917078;"CUST_18";"Computers and electric accessories";8;34;268.0;"2022-10-15"
8917842;"CUST_05";"Patisserie";8;29;232.0;"2024-03-19"
8918509;"CUST_14";"Butchers";8;35;280.0;"2024-08-16"
8919663;"CUST_21";"Electric household essentials";8;10;76.0;"2022-01-09"
8919975;"CUST_05";"Milk Products";6;8;48.0;"2023-01-04"
8920500;"CUST_20";"Beverages";6;32;192.0;"2022-01-18"
8921373;"CUST_23";"Butchers";9;35;315.0;"2022-08-24"
8921717;"CUST_17";"Computers and electric accessories";8;17;136.0;"2022-04-18"
8924913;"CUST_19";"Butchers";3;37;109.5;"2023-07-17"
8925408;"CUST_22";"Computers and electric accessories";0;0;0.0;"2024-11-30"
8926018;"CUST_11";"Furniture";8;11;88.0;"2023-09-04"
8926156;"CUST_11";"Milk Products";5;14;70.0;"2025-01-15"
8927323;"CUST_25";"Beverages";1;25;24.5;"2024-01-21"
8927407;"CUST_24";"Food";0;0;0.0;"2023-10-26"
8927647;"CUST_15";"Patisserie";6;22;129.0;"2023-01-20"
8928987;"CUST_16";"Computers and electric accessories";6;13;75.0;"2022-03-01"
8929732;"CUST_17";"Furniture";9;11;99.0;"2022-05-30"
8930302;"CUST_14";"Butchers";5;37;182.5;"2022-07-08"
8930734;"CUST_08";"Beverages";1;29;29.0;"2023-04-04"
8931910;"CUST_15";"Computers and electric accessories";2;32;64.0;"2024-01-03"
8931933;"CUST_17";"Food";4;22;86.0;"2024-07-05"
8932184;"CUST_04";"Beverages";2;34;67.0;"2023-12-22"
8932922;"CUST_23";"Patisserie";10;22;215.0;"2022-09-02"
8933445;"CUST_06";"Food";5;23;115.0;"2025-01-16"
8934602;"CUST_06";"Milk Products";2;14;28.0;"2022-10-10"
8935391;"CUST_16";"Milk Products";1;28;27.5;"2022-09-06"
8935474;"CUST_08";"Computers and electric accessories";0;0;0.0;"2024-12-26"
8935590;"CUST_06";"Beverages";6;7;39.0;"2022-08-18"
8936010;"CUST_14";"Furniture";3;26;78.0;"2024-04-10"
8937395;"CUST_21";"Furniture";9;41;369.0;"2022-03-03"
8937865;"CUST_19";"Furniture";2;28;55.0;"2024-07-09"
8938382;"CUST_14";"Milk Products";1;28;27.5;"2023-03-06"
8940025;"CUST_11";"Milk Products";0;0;0.0;"2022-07-24"
8941172;"CUST_02";"Electric household essentials";0;0;0.0;"2022-07-09"
8941189;"CUST_14";"Milk Products";2;13;25.0;"2022-09-20"
8941388;"CUST_19";"Beverages";8;29;232.0;"2022-05-09"
8941913;"CUST_24";"Butchers";8;34;268.0;"2022-11-20"
8943178;"CUST_21";"Patisserie";7;38;266.0;"2023-03-18"
8943264;"CUST_22";"Electric household essentials";2;17;34.0;"2023-02-28"
8943969;"CUST_17";"Butchers";5;26;130.0;"2023-02-05"
8944875;"CUST_15";"Patisserie";7;37;255.5;"2023-06-12"
8944954;"CUST_14";"Butchers";1;26;26.0;"2023-10-27"
8944977;"CUST_08";"Furniture";10;13;125.0;"2024-11-14"
8945171;"CUST_05";"Food";10;17;170.0;"2022-10-19"
8945922;"CUST_18";"Beverages";10;14;140.0;"2024-07-20"
8947708;"CUST_04";"Butchers";2;11;22.0;"2023-03-20"
8948224;"CUST_12";"Food";10;20;200.0;"2023-03-14"
8948545;"CUST_01";"Beverages";3;22;64.5;"2023-10-27"
8948810;"CUST_05";"Furniture";5;41;205.0;"2022-09-29"
8949319;"CUST_20";"Milk Products";10;38;380.0;"2022-12-31"
8949666;"CUST_01";"Patisserie";2;29;58.0;"2022-11-16"
8949747;"CUST_21";"Milk Products";10;20;200.0;"2022-01-29"
8950168;"CUST_08";"Computers and electric accessories";4;11;44.0;"2024-08-17"
8951116;"CUST_07";"Electric household essentials";4;13;50.0;"2023-01-23"
8952212;"CUST_12";"Electric household essentials";5;29;145.0;"2022-03-29"
8953962;"CUST_18";"Computers and electric accessories";3;25;73.5;"2023-04-18"
8954012;"CUST_13";"Patisserie";6;40;237.0;"2025-01-04"
8954299;"CUST_18";"Patisserie";8;28;220.0;"2023-06-20"
8954821;"CUST_14";"Milk Products";9;5;45.0;"2024-06-12"
8954835;"CUST_19";"Beverages";4;10;38.0;"2024-06-03"
8955481;"CUST_07";"Furniture";9;14;126.0;"2024-05-25"
8955685;"CUST_24";"Food";2;34;67.0;"2023-04-24"
8955882;"CUST_09";"Milk Products";10;23;230.0;"2023-12-03"
8956524;"CUST_05";"Beverages";9;28;247.5;"2022-12-10"
8957817;"CUST_22";"Butchers";6;38;228.0;"2024-12-05"
8957827;"CUST_22";"Computers and electric accessories";2;29;58.0;"2023-11-21"
8958850;"CUST_03";"Food";8;19;148.0;"2022-04-14"
8959624;"CUST_09";"Milk Products";7;5;35.0;"2024-12-18"
8959752;"CUST_11";"Patisserie";7;34;234.5;"2023-09-04"
8959917;"CUST_22";"Electric household essentials";2;29;58.0;"2024-05-20"
8960682;"CUST_25";"Electric household essentials";2;5;10.0;"2023-06-10"
8961010;"CUST_07";"Computers and electric accessories";7;23;161.0;"2024-09-03"
8961064;"CUST_16";"Butchers";10;10;95.0;"2024-06-22"
8961982;"CUST_25";"Butchers";6;34;201.0;"2022-11-02"
8962338;"CUST_20";"Butchers";10;34;335.0;"2024-07-31"
8962804;"CUST_04";"Electric household essentials";5;14;70.0;"2022-03-13"
8963284;"CUST_09";"Furniture";10;40;395.0;"2024-12-05"
8963699;"CUST_04";"Furniture";1;10;9.5;"2023-12-19"
8963861;"CUST_23";"Patisserie";7;25;171.5;"2024-06-12"
8963866;"CUST_07";"Milk Products";0;0;0.0;"2022-12-09"
8964461;"CUST_15";"Butchers";5;37;182.5;"2022-06-21"
8964634;"CUST_02";"Food";5;35;175.0;"2022-10-22"
8965991;"CUST_02";"Electric household essentials";1;34;33.5;"2022-06-16"
8966314;"CUST_19";"Milk Products";0;0;0.0;"2023-04-14"
8967003;"CUST_07";"Patisserie";1;28;27.5;"2024-10-29"
8967409;"CUST_16";"Patisserie";7;22;150.5;"2023-03-13"
8969383;"CUST_18";"Computers and electric accessories";6;20;120.0;"2024-08-21"
8969654;"CUST_10";"Furniture";5;40;197.5;"2023-09-21"
8969664;"CUST_24";"Beverages";10;17;170.0;"2023-09-25"
8970327;"CUST_06";"Patisserie";0;0;0.0;"2024-07-16"
8971441;"CUST_23";"Furniture";2;11;22.0;"2024-11-27"
8972051;"CUST_10";"Electric household essentials";1;29;29.0;"2024-02-28"
8972502;"CUST_12";"Food";0;0;0.0;"2024-05-05"
8972521;"CUST_07";"Food";5;25;122.5;"2023-05-16"
8972820;"CUST_19";"Furniture";4;41;164.0;"2024-12-17"
8973416;"CUST_13";"Butchers";6;23;138.0;"2022-09-10"
8974501;"CUST_24";"Milk Products";1;20;20.0;"2023-06-22"
8974716;"CUST_13";"Milk Products";9;13;112.5;"2024-09-29"
8976767;"CUST_13";"Butchers";10;23;230.0;"2022-10-28"
8977030;"CUST_09";"Beverages";5;22;107.5;"2023-11-22"
8978701;"CUST_20";"Beverages";7;17;119.0;"2023-05-31"
8982011;"CUST_23";"Beverages";10;38;380.0;"2022-01-14"
8983531;"CUST_16";"Furniture";1;11;11.0;"2023-03-09"
8984027;"CUST_12";"Electric household essentials";4;35;140.0;"2023-10-05"
8984050;"CUST_10";"Electric household essentials";6;41;246.0;"2023-07-21"
8984720;"CUST_06";"Computers and electric accessories";9;10;85.5;"2024-01-26"
8984987;"CUST_18";"Furniture";9;7;58.5;"2022-04-23"
8987229;"CUST_13";"Patisserie";7;16;108.5;"2022-11-05"
8987298;"CUST_22";"Beverages";2;5;10.0;"2023-06-16"
8987762;"CUST_22";"Computers and electric accessories";9;29;261.0;"2024-11-18"
8988049;"CUST_01";"Milk Products";0;0;0.0;"2023-06-27"
8988079;"CUST_19";"Computers and electric accessories";9;38;342.0;"2023-06-10"
8989283;"CUST_24";"Furniture";3;28;82.5;"2024-05-01"
8990776;"CUST_13";"Food";6;11;66.0;"2024-10-13"
8992034;"CUST_05";"Patisserie";3;14;42.0;"2023-01-24"
8994166;"CUST_02";"Food";4;28;110.0;"2022-09-26"
8994229;"CUST_07";"Milk Products";4;31;122.0;"2024-06-01"
8994247;"CUST_02";"Patisserie";3;26;78.0;"2024-09-09"
8994966;"CUST_14";"Butchers";5;11;55.0;"2024-12-25"
8996070;"CUST_20";"Butchers";8;28;220.0;"2023-05-23"
8996671;"CUST_20";"Butchers";5;40;197.5;"2023-06-21"
8997863;"CUST_20";"Butchers";1;29;29.0;"2024-10-10"
8999132;"CUST_15";"Butchers";9;19;166.5;"2022-09-10"
9001718;"CUST_17";"Butchers";5;7;32.5;"2024-11-18"
9002809;"CUST_23";"Food";7;22;150.5;"2023-09-04"
9003488;"CUST_11";"Computers and electric accessories";7;10;66.5;"2022-10-22"
9003520;"CUST_21";"Furniture";5;40;197.5;"2023-10-13"
9004658;"CUST_11";"Patisserie";4;34;134.0;"2023-05-15"
9007323;"CUST_12";"Furniture";9;16;139.5;"2022-05-08"
9007776;"CUST_11";"Electric household essentials";2;17;34.0;"2023-01-05"
9008414;"CUST_23";"Electric household essentials";2;32;64.0;"2022-06-05"
9008981;"CUST_11";"Butchers";1;40;39.5;"2022-02-09"
9009459;"CUST_17";"Food";1;10;9.5;"2023-06-10"
9012270;"CUST_18";"Beverages";4;29;116.0;"2022-10-17"
9012548;"CUST_23";"Butchers";0;0;0.0;"2023-11-28"
9012822;"CUST_03";"Electric household essentials";8;29;232.0;"2022-09-02"
9013444;"CUST_12";"Food";10;8;80.0;"2023-07-23"
9013787;"CUST_19";"Patisserie";4;20;80.0;"2024-10-27"
9013941;"CUST_22";"Milk Products";2;32;64.0;"2022-07-12"
9013951;"CUST_09";"Milk Products";9;16;139.5;"2024-07-11"
9013971;"CUST_23";"Furniture";3;25;73.5;"2022-11-08"
9014066;"CUST_01";"Butchers";3;22;64.5;"2022-11-20"
9014397;"CUST_19";"Electric household essentials";3;26;78.0;"2022-04-22"
9014477;"CUST_08";"Food";7;35;245.0;"2022-07-29"
9015176;"CUST_01";"Furniture";7;26;182.0;"2023-03-01"
9016578;"CUST_03";"Patisserie";9;8;72.0;"2023-10-29"
9016705;"CUST_25";"Patisserie";5;13;62.5;"2022-10-24"
9017295;"CUST_04";"Milk Products";3;23;69.0;"2024-03-04"
9017500;"CUST_09";"Furniture";3;20;60.0;"2022-12-03"
9017628;"CUST_19";"Food";5;11;55.0;"2022-10-10"
9017801;"CUST_06";"Milk Products";0;0;0.0;"2022-01-29"
9017855;"CUST_09";"Milk Products";6;10;57.0;"2023-09-10"
9018335;"CUST_15";"Patisserie";6;17;102.0;"2022-08-29"
9019672;"CUST_10";"Patisserie";3;32;96.0;"2024-09-15"
9020000;"CUST_09";"Electric household essentials";1;17;17.0;"2022-02-22"
9020139;"CUST_19";"Computers and electric accessories";2;31;61.0;"2024-04-15"
9021131;"CUST_11";"Computers and electric accessories";7;22;150.5;"2022-09-21"
9023234;"CUST_25";"Computers and electric accessories";3;31;91.5;"2024-01-03"
9023603;"CUST_08";"Milk Products";9;16;139.5;"2025-01-16"
9024754;"CUST_06";"Furniture";2;41;82.0;"2022-10-04"
9024860;"CUST_04";"Computers and electric accessories";2;32;64.0;"2024-12-21"
9025071;"CUST_09";"Furniture";1;7;6.5;"2024-09-13"
9025455;"CUST_01";"Butchers";7;32;224.0;"2022-05-13"
9025948;"CUST_21";"Beverages";0;0;0.0;"2023-12-25"
9026045;"CUST_17";"Butchers";4;32;128.0;"2022-08-08"
9026058;"CUST_01";"Food";8;17;136.0;"2024-12-12"
9026093;"CUST_21";"Computers and electric accessories";1;25;24.5;"2024-01-04"
9026226;"CUST_23";"Electric household essentials";9;20;180.0;"2022-08-13"
9027302;"CUST_05";"Furniture";3;5;15.0;"2022-12-26"
9027424;"CUST_14";"Furniture";10;29;290.0;"2022-01-13"
9027497;"CUST_19";"Computers and electric accessories";10;16;155.0;"2024-01-24"
9027643;"CUST_01";"Patisserie";10;11;110.0;"2024-10-25"
9028823;"CUST_01";"Furniture";6;40;237.0;"2023-10-15"
9029187;"CUST_16";"Food";5;35;175.0;"2022-08-15"
9030177;"CUST_14";"Milk Products";3;34;100.5;"2023-04-16"
9032264;"CUST_10";"Beverages";6;26;156.0;"2024-05-26"
9032468;"CUST_01";"Beverages";3;34;100.5;"2022-01-27"
9032953;"CUST_23";"Beverages";7;10;66.5;"2022-04-19"
9034288;"CUST_01";"Furniture";1;11;11.0;"2022-04-09"
9035121;"CUST_18";"Beverages";3;7;19.5;"2023-03-26"
9035158;"CUST_17";"Computers and electric accessories";2;11;22.0;"2022-07-28"
9036387;"CUST_01";"Beverages";7;7;45.5;"2022-10-03"
9036403;"CUST_25";"Furniture";8;26;208.0;"2024-08-15"
9036436;"CUST_15";"Patisserie";5;20;100.0;"2024-09-08"
9037115;"CUST_06";"Patisserie";1;34;33.5;"2024-01-10"
9037382;"CUST_05";"Electric household essentials";2;16;31.0;"2023-03-29"
9038096;"CUST_25";"Electric household essentials";0;0;0.0;"2024-05-08"
9038605;"CUST_09";"Milk Products";2;10;19.0;"2024-12-25"
9038879;"CUST_16";"Butchers";1;26;26.0;"2022-03-22"
9040250;"CUST_01";"Patisserie";6;23;138.0;"2022-02-18"
9041908;"CUST_22";"Electric household essentials";8;41;328.0;"2022-06-22"
9042764;"CUST_18";"Patisserie";1;5;5.0;"2024-07-14"
9043280;"CUST_12";"Computers and electric accessories";7;20;140.0;"2023-06-22"
9044453;"CUST_01";"Patisserie";2;5;10.0;"2024-10-06"
9044784;"CUST_21";"Electric household essentials";5;41;205.0;"2024-03-22"
9045372;"CUST_16";"Beverages";9;34;301.5;"2024-04-18"
9045446;"CUST_15";"Butchers";7;22;150.5;"2025-01-16"
9045570;"CUST_15";"Butchers";1;37;36.5;"2023-05-22"
9045946;"CUST_15";"Food";8;28;220.0;"2024-01-05"
9047724;"CUST_11";"Patisserie";8;20;160.0;"2024-09-01"
9047932;"CUST_08";"Butchers";10;13;125.0;"2022-02-02"
9048177;"CUST_08";"Patisserie";2;13;25.0;"2023-11-03"
9049150;"CUST_09";"Computers and electric accessories";7;25;171.5;"2022-12-18"
9049596;"CUST_11";"Furniture";4;7;26.0;"2023-07-26"
9049713;"CUST_03";"Patisserie";6;22;129.0;"2023-07-17"
9049794;"CUST_19";"Computers and electric accessories";7;22;150.5;"2023-06-22"
9050173;"CUST_09";"Furniture";2;26;52.0;"2024-07-29"
9052265;"CUST_05";"Beverages";1;25;24.5;"2024-04-25"
9052463;"CUST_04";"Beverages";2;8;16.0;"2022-03-28"
9053395;"CUST_11";"Electric household essentials";10;23;230.0;"2022-08-27"
9054315;"CUST_12";"Beverages";4;28;110.0;"2022-12-30"
9056792;"CUST_12";"Milk Products";4;32;128.0;"2024-10-30"
9057009;"CUST_24";"Furniture";9;41;369.0;"2022-03-28"
9057609;"CUST_18";"Butchers";4;34;134.0;"2022-03-16"
9059235;"CUST_12";"Beverages";7;7;45.5;"2022-08-28"
9060638;"CUST_08";"Patisserie";3;14;42.0;"2024-05-08"
9060698;"CUST_02";"Computers and electric accessories";7;25;171.5;"2023-03-24"
9061738;"CUST_14";"Milk Products";6;7;39.0;"2023-06-02"
9062805;"CUST_15";"Food";5;29;145.0;"2022-01-03"
9063254;"CUST_04";"Furniture";9;20;180.0;"2022-04-02"
9065245;"CUST_02";"Food";2;38;76.0;"2024-03-10"
9065545;"CUST_08";"Milk Products";10;20;200.0;"2023-11-06"
9065992;"CUST_16";"Electric household essentials";8;40;316.0;"2024-02-12"
9066396;"CUST_09";"Furniture";2;19;37.0;"2023-03-21"
9066614;"CUST_18";"Computers and electric accessories";3;23;69.0;"2023-12-19"
9066835;"CUST_17";"Food";2;19;37.0;"2024-04-03"
9067549;"CUST_15";"Patisserie";3;19;55.5;"2022-08-18"
9067738;"CUST_16";"Electric household essentials";5;23;115.0;"2024-01-28"
9068188;"CUST_07";"Food";4;31;122.0;"2024-02-09"
9069024;"CUST_06";"Patisserie";9;20;180.0;"2022-01-27"
9069543;"CUST_10";"Furniture";4;37;146.0;"2024-03-13"
9069875;"CUST_12";"Patisserie";1;34;33.5;"2022-05-21"
9070334;"CUST_25";"Furniture";2;7;13.0;"2024-05-15"
9071198;"CUST_05";"Beverages";8;7;52.0;"2022-10-31"
9072239;"CUST_01";"Butchers";6;22;129.0;"2022-10-09"
9074150;"CUST_16";"Beverages";1;37;36.5;"2024-02-05"
9074576;"CUST_05";"Patisserie";2;13;25.0;"2022-08-24"
9074980;"CUST_02";"Food";0;0;0.0;"2024-10-07"
9075046;"CUST_09";"Furniture";2;38;76.0;"2022-11-03"
9076233;"CUST_08";"Furniture";9;26;234.0;"2023-07-09"
9077055;"CUST_25";"Food";0;0;0.0;"2023-05-15"
9077506;"CUST_22";"Milk Products";1;23;23.0;"2023-07-11"
9078821;"CUST_18";"Milk Products";9;13;112.5;"2023-02-02"
9080064;"CUST_05";"Butchers";6;31;183.0;"2023-07-20"
9080405;"CUST_05";"Food";8;20;160.0;"2022-07-15"
9080551;"CUST_21";"Beverages";2;14;28.0;"2022-07-21"
9081402;"CUST_03";"Butchers";10;37;365.0;"2024-01-10"
9082199;"CUST_09";"Beverages";9;25;220.5;"2024-09-02"
9083605;"CUST_20";"Butchers";4;29;116.0;"2023-08-16"
9086462;"CUST_10";"Furniture";1;13;12.5;"2024-08-27"
9087734;"CUST_23";"Beverages";7;7;45.5;"2023-03-20"
9088118;"CUST_15";"Beverages";1;28;27.5;"2024-06-05"
9088597;"CUST_05";"Beverages";8;10;76.0;"2023-07-23"
9090610;"CUST_10";"Butchers";10;14;140.0;"2023-05-16"
9090630;"CUST_22";"Patisserie";7;22;150.5;"2022-02-03"
9090898;"CUST_15";"Computers and electric accessories";2;22;43.0;"2023-05-18"
9093222;"CUST_02";"Butchers";1;20;20.0;"2022-03-11"
9093693;"CUST_02";"Beverages";10;28;275.0;"2022-04-18"
9093964;"CUST_19";"Electric household essentials";3;41;123.0;"2024-12-24"
9094247;"CUST_06";"Beverages";4;7;26.0;"2022-09-03"
9094922;"CUST_23";"Electric household essentials";5;32;160.0;"2022-07-12"
9096772;"CUST_21";"Furniture";3;13;37.5;"2022-12-30"
9097846;"CUST_14";"Butchers";10;38;380.0;"2022-09-06"
9097911;"CUST_25";"Patisserie";7;40;276.5;"2022-05-05"
9098606;"CUST_01";"Electric household essentials";5;10;47.5;"2023-02-20"
9099042;"CUST_16";"Furniture";6;13;75.0;"2024-02-24"
9099328;"CUST_12";"Electric household essentials";10;38;380.0;"2023-02-28"
9099567;"CUST_15";"Computers and electric accessories";1;34;33.5;"2023-06-14"
9099608;"CUST_14";"Beverages";1;38;38.0;"2022-02-23"
9100315;"CUST_06";"Beverages";10;32;320.0;"2024-12-11"
9101308;"CUST_09";"Butchers";5;37;182.5;"2024-10-12"
9101686;"CUST_14";"Food";5;40;197.5;"2023-05-07"
9102090;"CUST_21";"Patisserie";7;14;98.0;"2022-08-16"
9102221;"CUST_13";"Furniture";2;38;76.0;"2023-02-13"
9102543;"CUST_13";"Butchers";3;34;100.5;"2024-05-28"
9102767;"CUST_14";"Food";9;23;207.0;"2024-05-31"
9102833;"CUST_18";"Beverages";3;20;60.0;"2024-05-08"
9103065;"CUST_03";"Food";0;0;0.0;"2022-05-21"
9104482;"CUST_10";"Computers and electric accessories";8;19;148.0;"2022-03-09"
9104951;"CUST_07";"Milk Products";1;16;15.5;"2024-04-27"
9105343;"CUST_12";"Butchers";4;40;158.0;"2023-11-07"
9106695;"CUST_21";"Milk Products";7;38;266.0;"2022-04-26"
9108644;"CUST_24";"Butchers";2;23;46.0;"2022-02-25"
9109677;"CUST_16";"Butchers";9;37;328.5;"2023-04-22"
9109937;"CUST_19";"Milk Products";6;29;174.0;"2022-09-23"
9110304;"CUST_01";"Butchers";2;8;16.0;"2022-01-31"
9110626;"CUST_25";"Electric household essentials";6;37;219.0;"2024-09-22"
9110765;"CUST_19";"Computers and electric accessories";1;25;24.5;"2023-08-14"
9110939;"CUST_14";"Butchers";5;8;40.0;"2023-05-06"
9112753;"CUST_25";"Butchers";3;38;114.0;"2024-04-29"
9113248;"CUST_17";"Patisserie";6;10;57.0;"2024-05-16"
9113601;"CUST_14";"Food";6;25;147.0;"2022-04-07"
9113838;"CUST_24";"Food";8;5;40.0;"2023-06-30"
9114087;"CUST_15";"Computers and electric accessories";7;7;45.5;"2024-02-24"
9114808;"CUST_23";"Food";8;28;220.0;"2023-07-28"
9114949;"CUST_09";"Beverages";0;0;0.0;"2022-04-11"
9115040;"CUST_21";"Patisserie";2;13;25.0;"2023-02-06"
9115473;"CUST_18";"Furniture";5;11;55.0;"2024-03-16"
9115901;"CUST_10";"Computers and electric accessories";6;31;183.0;"2023-08-10"
9116992;"CUST_17";"Milk Products";9;20;180.0;"2023-10-01"
9117114;"CUST_13";"Food";2;23;46.0;"2024-01-05"
9117542;"CUST_14";"Patisserie";10;20;200.0;"2022-02-26"
9118242;"CUST_19";"Food";10;31;305.0;"2022-07-08"
9118930;"CUST_18";"Electric household essentials";6;19;111.0;"2023-10-11"
9120797;"CUST_08";"Food";1;37;36.5;"2024-10-25"
9120906;"CUST_10";"Computers and electric accessories";0;0;0.0;"2024-02-13"
9120971;"CUST_08";"Butchers";9;13;112.5;"2022-07-25"
9122442;"CUST_10";"Butchers";8;37;292.0;"2024-11-26"
9122970;"CUST_18";"Food";7;13;87.5;"2024-08-31"
9123011;"CUST_21";"Butchers";3;31;91.5;"2023-06-09"
9125500;"CUST_21";"Food";5;23;115.0;"2023-03-21"
9126328;"CUST_05";"Patisserie";3;38;114.0;"2024-05-19"
9128895;"CUST_06";"Milk Products";7;32;224.0;"2024-05-27"
9129538;"CUST_10";"Furniture";8;40;316.0;"2023-03-10"
9130896;"CUST_03";"Food";0;0;0.0;"2022-05-17"
9131959;"CUST_01";"Milk Products";1;7;6.5;"2022-01-11"
9133144;"CUST_24";"Computers and electric accessories";10;35;350.0;"2023-03-24"
9135155;"CUST_09";"Milk Products";1;32;32.0;"2024-01-07"
9135173;"CUST_13";"Computers and electric accessories";2;35;70.0;"2022-05-25"
9135404;"CUST_06";"Food";8;35;280.0;"2024-03-25"
9136172;"CUST_22";"Milk Products";7;20;140.0;"2024-05-27"
9136980;"CUST_08";"Beverages";1;28;27.5;"2023-12-12"
9139150;"CUST_08";"Beverages";2;7;13.0;"2024-03-05"
9140667;"CUST_15";"Computers and electric accessories";10;23;230.0;"2023-06-26"
9141699;"CUST_06";"Food";2;37;73.0;"2023-05-04"
9145017;"CUST_15";"Furniture";2;40;79.0;"2022-09-30"
9147712;"CUST_01";"Milk Products";2;13;25.0;"2023-08-07"
9148620;"CUST_12";"Furniture";10;34;335.0;"2024-12-20"
9150129;"CUST_06";"Electric household essentials";10;10;95.0;"2024-06-27"
9150818;"CUST_22";"Beverages";9;41;369.0;"2022-04-13"
9150998;"CUST_22";"Furniture";4;35;140.0;"2024-04-09"
9151048;"CUST_04";"Beverages";4;38;152.0;"2022-01-15"
9152165;"CUST_11";"Milk Products";3;38;114.0;"2024-08-23"
9152328;"CUST_06";"Food";10;23;230.0;"2022-03-30"
9152621;"CUST_14";"Butchers";4;37;146.0;"2025-01-01"
9153686;"CUST_04";"Electric household essentials";1;10;9.5;"2024-04-14"
9155245;"CUST_19";"Milk Products";4;31;122.0;"2024-05-01"
9155538;"CUST_05";"Food";6;16;93.0;"2024-08-04"
9157443;"CUST_20";"Food";10;17;170.0;"2024-10-07"
9158265;"CUST_06";"Butchers";1;7;6.5;"2024-08-07"
9158283;"CUST_21";"Patisserie";0;0;0.0;"2024-09-26"
9159149;"CUST_20";"Beverages";8;32;256.0;"2024-05-21"
9160094;"CUST_15";"Furniture";1;20;20.0;"2022-12-06"
9160928;"CUST_11";"Patisserie";1;14;14.0;"2022-08-03"
9161445;"CUST_11";"Beverages";6;29;174.0;"2023-11-03"
9161608;"CUST_17";"Patisserie";4;37;146.0;"2022-05-23"
9161684;"CUST_16";"Computers and electric accessories";5;38;190.0;"2024-07-29"
9161960;"CUST_09";"Computers and electric accessories";5;32;160.0;"2023-08-20"
9163687;"CUST_19";"Computers and electric accessories";3;34;100.5;"2024-06-21"
9163817;"CUST_20";"Butchers";9;31;274.5;"2022-01-29"
9164663;"CUST_14";"Furniture";4;28;110.0;"2023-02-11"
9164821;"CUST_24";"Food";0;0;0.0;"2024-11-17"
9165480;"CUST_15";"Milk Products";3;5;15.0;"2023-05-18"
9165564;"CUST_02";"Milk Products";3;34;100.5;"2023-03-31"
9166176;"CUST_17";"Patisserie";2;29;58.0;"2024-12-20"
9166705;"CUST_10";"Beverages";7;5;35.0;"2023-08-02"
9167311;"CUST_01";"Computers and electric accessories";4;11;44.0;"2024-10-03"
9169164;"CUST_10";"Beverages";8;26;208.0;"2024-10-09"
9169456;"CUST_17";"Food";9;22;193.5;"2023-02-18"
9170078;"CUST_01";"Butchers";6;29;174.0;"2022-11-30"
9170556;"CUST_16";"Milk Products";7;5;35.0;"2023-05-28"
9170840;"CUST_05";"Electric household essentials";6;22;129.0;"2022-08-10"
9171042;"CUST_16";"Beverages";7;38;266.0;"2024-05-10"
9171196;"CUST_05";"Food";7;17;119.0;"2023-05-22"
9171710;"CUST_23";"Butchers";10;10;95.0;"2024-07-02"
9173181;"CUST_05";"Patisserie";1;38;38.0;"2024-02-07"
9173957;"CUST_09";"Furniture";7;35;245.0;"2023-04-23"
9174058;"CUST_09";"Beverages";6;34;201.0;"2023-02-18"
9174227;"CUST_19";"Butchers";4;26;104.0;"2023-02-28"
9174524;"CUST_03";"Furniture";9;20;180.0;"2023-05-23"
9174754;"CUST_05";"Electric household essentials";7;17;119.0;"2024-07-10"
9175988;"CUST_15";"Butchers";5;14;70.0;"2023-06-02"
9177662;"CUST_15";"Furniture";0;0;0.0;"2024-09-30"
9177670;"CUST_25";"Computers and electric accessories";0;0;0.0;"2024-10-20"
9178330;"CUST_20";"Food";4;19;74.0;"2022-07-30"
9178438;"CUST_04";"Beverages";7;17;119.0;"2023-01-20"
9179801;"CUST_23";"Patisserie";3;37;109.5;"2023-12-05"
9180138;"CUST_08";"Milk Products";4;19;74.0;"2022-01-13"
9180432;"CUST_15";"Food";1;25;24.5;"2024-01-28"
9180837;"CUST_24";"Milk Products";3;14;42.0;"2025-01-06"
9181921;"CUST_16";"Furniture";2;38;76.0;"2023-06-22"
9182264;"CUST_20";"Milk Products";3;20;60.0;"2022-12-09"
9183177;"CUST_24";"Beverages";5;16;77.5;"2024-07-09"
9183760;"CUST_12";"Electric household essentials";1;28;27.5;"2024-05-04"
9184251;"CUST_04";"Computers and electric accessories";10;22;215.0;"2023-07-15"
9185169;"CUST_14";"Computers and electric accessories";2;7;13.0;"2023-05-12"
9185495;"CUST_13";"Electric household essentials";1;26;26.0;"2022-10-22"
9185602;"CUST_04";"Electric household essentials";5;26;130.0;"2023-06-10"
9186802;"CUST_11";"Computers and electric accessories";6;26;156.0;"2022-06-26"
9187149;"CUST_18";"Butchers";6;40;237.0;"2022-01-13"
9187405;"CUST_14";"Milk Products";4;26;104.0;"2022-12-02"
9188139;"CUST_05";"Food";3;25;73.5;"2024-07-28"
9188702;"CUST_25";"Milk Products";2;13;25.0;"2024-07-20"
9189148;"CUST_15";"Butchers";10;29;290.0;"2024-03-20"
9190979;"CUST_24";"Electric household essentials";6;41;246.0;"2022-10-08"
9191575;"CUST_01";"Milk Products";7;10;66.5;"2024-01-28"
9192184;"CUST_01";"Food";6;25;147.0;"2024-12-15"
9193687;"CUST_25";"Beverages";8;19;148.0;"2022-12-18"
9193765;"CUST_11";"Milk Products";10;28;275.0;"2023-09-13"
9195331;"CUST_25";"Butchers";9;17;153.0;"2022-03-23"
9195906;"CUST_02";"Electric household essentials";0;0;0.0;"2022-05-20"
9196283;"CUST_25";"Food";9;17;153.0;"2023-09-09"
9196494;"CUST_25";"Electric household essentials";5;41;205.0;"2024-12-28"
9197284;"CUST_11";"Electric household essentials";5;35;175.0;"2024-06-02"
9197649;"CUST_16";"Milk Products";5;31;152.5;"2023-10-21"
9198301;"CUST_04";"Computers and electric accessories";8;32;256.0;"2024-06-25"
9199451;"CUST_23";"Electric household essentials";7;34;234.5;"2022-11-08"
9199770;"CUST_24";"Furniture";2;10;19.0;"2022-11-25"
9200603;"CUST_08";"Beverages";8;35;280.0;"2022-12-11"
9201978;"CUST_21";"Butchers";4;8;32.0;"2024-01-08"
9202193;"CUST_02";"Computers and electric accessories";2;25;49.0;"2022-05-09"
9202573;"CUST_19";"Beverages";3;7;19.5;"2023-07-07"
9203083;"CUST_07";"Butchers";6;10;57.0;"2022-11-14"
9204093;"CUST_21";"Butchers";6;16;93.0;"2023-02-14"
9204828;"CUST_07";"Computers and electric accessories";7;41;287.0;"2022-03-05"
9205349;"CUST_24";"Furniture";7;14;98.0;"2022-10-24"
9205887;"CUST_20";"Computers and electric accessories";1;28;27.5;"2024-02-14"
9205907;"CUST_23";"Milk Products";7;38;266.0;"2022-11-11"
9207641;"CUST_24";"Milk Products";7;23;161.0;"2024-12-20"
9208311;"CUST_06";"Electric household essentials";0;0;0.0;"2023-04-12"
9209383;"CUST_12";"Electric household essentials";9;14;126.0;"2024-09-16"
9209672;"CUST_05";"Furniture";3;29;87.0;"2024-06-05"
9210011;"CUST_22";"Furniture";2;20;40.0;"2024-08-05"
9210652;"CUST_24";"Beverages";10;14;140.0;"2023-11-06"
9210943;"CUST_02";"Furniture";8;25;196.0;"2022-05-22"
9211823;"CUST_08";"Milk Products";6;8;48.0;"2022-07-29"
9211870;"CUST_25";"Beverages";10;32;320.0;"2024-09-30"
9211951;"CUST_10";"Furniture";6;16;93.0;"2024-02-16"
9212134;"CUST_25";"Furniture";1;41;41.0;"2024-07-14"
9212145;"CUST_07";"Furniture";6;20;120.0;"2024-03-16"
9212186;"CUST_12";"Milk Products";6;11;66.0;"2023-03-20"
9212341;"CUST_02";"Butchers";9;23;207.0;"2023-08-23"
9213019;"CUST_22";"Patisserie";7;22;150.5;"2023-03-29"
9216601;"CUST_05";"Patisserie";1;5;5.0;"2024-08-02"
9216790;"CUST_15";"Computers and electric accessories";2;7;13.0;"2024-09-06"
9217819;"CUST_16";"Furniture";8;7;52.0;"2022-11-04"
9217850;"CUST_03";"Food";9;19;166.5;"2022-10-07"
9218401;"CUST_01";"Butchers";7;23;161.0;"2023-05-22"
9218611;"CUST_01";"Milk Products";8;14;112.0;"2023-12-16"
9218985;"CUST_07";"Butchers";7;41;287.0;"2023-11-09"
9219085;"CUST_21";"Butchers";5;41;205.0;"2024-12-27"
9220117;"CUST_19";"Food";8;35;280.0;"2022-07-09"
9220270;"CUST_19";"Furniture";10;16;155.0;"2024-12-24"
9220439;"CUST_25";"Patisserie";4;26;104.0;"2023-12-12"
9221528;"CUST_22";"Beverages";6;14;84.0;"2024-06-11"
9222292;"CUST_15";"Furniture";9;40;355.5;"2024-12-25"
9224310;"CUST_03";"Computers and electric accessories";0;0;0.0;"2023-11-21"
9224384;"CUST_10";"Food";6;10;57.0;"2023-06-23"
9224464;"CUST_12";"Computers and electric accessories";0;0;0.0;"2024-05-04"
9224494;"CUST_09";"Beverages";2;25;49.0;"2024-02-11"
9224762;"CUST_03";"Furniture";10;10;95.0;"2022-01-10"
9226101;"CUST_21";"Beverages";2;25;49.0;"2023-09-30"
9228328;"CUST_05";"Furniture";1;34;33.5;"2022-09-29"
9228573;"CUST_03";"Butchers";8;29;232.0;"2022-03-19"
9229067;"CUST_17";"Beverages";5;25;122.5;"2023-07-11"
9229474;"CUST_22";"Beverages";4;20;80.0;"2023-05-23"
9230065;"CUST_10";"Butchers";6;41;246.0;"2023-12-06"
9231727;"CUST_23";"Food";6;5;30.0;"2023-09-10"
9232100;"CUST_05";"Butchers";3;37;109.5;"2024-09-21"
9233022;"CUST_24";"Food";6;19;111.0;"2023-06-13"
9233065;"CUST_02";"Food";10;25;245.0;"2022-02-17"
9233461;"CUST_07";"Beverages";3;28;82.5;"2024-03-15"
9234343;"CUST_01";"Electric household essentials";7;25;171.5;"2022-08-04"
9234803;"CUST_10";"Butchers";8;20;160.0;"2022-02-14"
9235569;"CUST_18";"Patisserie";6;13;75.0;"2023-10-01"
9235754;"CUST_10";"Electric household essentials";2;38;76.0;"2024-05-03"
9236082;"CUST_19";"Computers and electric accessories";8;20;160.0;"2024-03-29"
9236550;"CUST_22";"Furniture";7;5;35.0;"2022-02-20"
9237182;"CUST_12";"Milk Products";8;29;232.0;"2023-09-16"
9237454;"CUST_13";"Electric household essentials";5;32;160.0;"2024-08-15"
9237487;"CUST_22";"Computers and electric accessories";0;0;0.0;"2022-08-11"
9238218;"CUST_08";"Furniture";1;19;18.5;"2022-10-14"
9238807;"CUST_09";"Patisserie";4;23;92.0;"2022-08-24"
9239185;"CUST_13";"Milk Products";7;34;234.5;"2023-04-10"
9240994;"CUST_16";"Furniture";8;32;256.0;"2024-06-25"
9241557;"CUST_17";"Patisserie";9;25;220.5;"2022-09-14"
9245105;"CUST_12";"Computers and electric accessories";7;17;119.0;"2023-09-28"
9245240;"CUST_03";"Computers and electric accessories";2;5;10.0;"2024-08-24"
9245633;"CUST_08";"Furniture";8;14;112.0;"2022-01-07"
9246169;"CUST_14";"Electric household essentials";0;0;0.0;"2023-08-16"
9246983;"CUST_09";"Electric household essentials";0;0;0.0;"2024-07-24"
9247444;"CUST_21";"Patisserie";0;0;0.0;"2022-03-20"
9247458;"CUST_25";"Butchers";6;5;30.0;"2023-05-04"
9248009;"CUST_06";"Computers and electric accessories";7;20;140.0;"2023-06-10"
9248288;"CUST_22";"Electric household essentials";6;26;156.0;"2023-11-02"
9248541;"CUST_16";"Furniture";1;41;41.0;"2024-10-17"
9249556;"CUST_11";"Furniture";4;16;62.0;"2022-06-18"
9250095;"CUST_10";"Patisserie";6;20;120.0;"2022-01-27"
9250241;"CUST_05";"Beverages";1;19;18.5;"2024-11-17"
9250753;"CUST_02";"Computers and electric accessories";9;14;126.0;"2023-09-29"
9251125;"CUST_11";"Electric household essentials";5;32;160.0;"2022-11-29"
9252739;"CUST_23";"Milk Products";10;31;305.0;"2023-01-13"
9252945;"CUST_24";"Computers and electric accessories";1;34;33.5;"2023-06-23"
9253623;"CUST_08";"Patisserie";2;5;10.0;"2023-01-06"
9253735;"CUST_23";"Furniture";1;26;26.0;"2023-05-10"
9254604;"CUST_21";"Patisserie";2;11;22.0;"2024-04-19"
9255329;"CUST_01";"Furniture";7;41;287.0;"2022-03-02"
9255550;"CUST_07";"Milk Products";1;34;33.5;"2024-09-04"
9256189;"CUST_20";"Butchers";2;26;52.0;"2023-09-09"
9256493;"CUST_22";"Milk Products";2;23;46.0;"2024-05-17"
9257483;"CUST_14";"Patisserie";7;17;119.0;"2023-01-25"
9258508;"CUST_01";"Milk Products";6;5;30.0;"2024-03-01"
9259125;"CUST_22";"Furniture";7;40;276.5;"2022-02-01"
9259738;"CUST_25";"Food";8;41;328.0;"2022-11-14"
9260389;"CUST_05";"Milk Products";5;19;92.5;"2024-01-23"
9261258;"CUST_05";"Milk Products";9;14;126.0;"2024-03-02"
9261462;"CUST_16";"Patisserie";6;40;237.0;"2022-02-01"
9262032;"CUST_20";"Food";4;31;122.0;"2023-05-16"
9262610;"CUST_17";"Patisserie";7;13;87.5;"2024-01-17"
9262722;"CUST_18";"Butchers";7;35;245.0;"2024-03-21"
9263121;"CUST_20";"Food";7;31;213.5;"2024-10-07"
9263134;"CUST_10";"Milk Products";3;32;96.0;"2024-10-12"
9263298;"CUST_09";"Butchers";4;32;128.0;"2022-05-16"
9265528;"CUST_24";"Butchers";2;29;58.0;"2024-10-10"
9265726;"CUST_21";"Food";3;31;91.5;"2022-11-19"
9266601;"CUST_12";"Food";7;7;45.5;"2024-04-30"
9268528;"CUST_13";"Electric household essentials";8;38;304.0;"2024-03-25"
9268839;"CUST_16";"Milk Products";4;20;80.0;"2023-07-05"
9268865;"CUST_10";"Butchers";10;26;260.0;"2023-06-07"
9269245;"CUST_07";"Butchers";1;13;12.5;"2024-12-15"
9270142;"CUST_15";"Milk Products";4;10;38.0;"2024-03-26"
9270410;"CUST_02";"Milk Products";1;29;29.0;"2024-04-28"
9271252;"CUST_13";"Furniture";1;38;38.0;"2022-04-21"
9271260;"CUST_05";"Beverages";7;16;108.5;"2022-10-07"
9271504;"CUST_02";"Butchers";3;38;114.0;"2023-05-26"
9272394;"CUST_12";"Food";3;29;87.0;"2023-10-11"
9272728;"CUST_19";"Milk Products";1;32;32.0;"2022-06-13"
9273608;"CUST_22";"Butchers";8;16;124.0;"2023-03-19"
9275757;"CUST_19";"Electric household essentials";1;23;23.0;"2024-06-16"
9275938;"CUST_19";"Butchers";6;28;165.0;"2025-01-06"
9275968;"CUST_19";"Food";8;41;328.0;"2024-11-30"
9276040;"CUST_20";"Food";10;38;380.0;"2023-12-09"
9276432;"CUST_13";"Butchers";0;0;0.0;"2022-01-14"
9276926;"CUST_09";"Butchers";1;37;36.5;"2022-10-25"
9277068;"CUST_16";"Patisserie";6;38;228.0;"2023-06-16"
9279462;"CUST_25";"Furniture";3;11;33.0;"2022-02-05"
9279531;"CUST_04";"Patisserie";9;23;207.0;"2022-09-23"
9279646;"CUST_08";"Milk Products";7;17;119.0;"2022-10-11"
9279731;"CUST_10";"Furniture";6;13;75.0;"2023-02-23"
9279801;"CUST_03";"Furniture";0;0;0.0;"2022-05-27"
9280381;"CUST_04";"Milk Products";1;20;20.0;"2022-08-16"
9280425;"CUST_06";"Butchers";6;19;111.0;"2023-11-16"
9281229;"CUST_07";"Butchers";6;22;129.0;"2022-03-08"
9282140;"CUST_20";"Milk Products";5;38;190.0;"2024-10-28"
9282380;"CUST_09";"Butchers";5;38;190.0;"2024-09-22"
9283748;"CUST_16";"Patisserie";6;28;165.0;"2023-06-01"
9284320;"CUST_09";"Electric household essentials";10;22;215.0;"2023-03-05"
9284513;"CUST_06";"Butchers";2;8;16.0;"2024-10-23"
9284796;"CUST_11";"Electric household essentials";9;26;234.0;"2024-05-08"
9285106;"CUST_23";"Computers and electric accessories";10;34;335.0;"2024-06-18"
9285109;"CUST_20";"Computers and electric accessories";2;32;64.0;"2023-12-26"
9287206;"CUST_12";"Food";1;16;15.5;"2022-07-25"
9290596;"CUST_06";"Beverages";8;40;316.0;"2024-11-06"
9290887;"CUST_21";"Milk Products";1;20;20.0;"2023-04-13"
9291336;"CUST_19";"Electric household essentials";10;38;380.0;"2022-12-10"
9291514;"CUST_02";"Butchers";3;11;33.0;"2024-03-10"
9292794;"CUST_09";"Food";2;22;43.0;"2023-10-04"
9293724;"CUST_18";"Electric household essentials";6;13;75.0;"2022-11-13"
9295319;"CUST_07";"Patisserie";0;0;0.0;"2023-06-04"
9296085;"CUST_25";"Beverages";8;23;184.0;"2024-12-08"
9297266;"CUST_16";"Patisserie";1;14;14.0;"2024-07-17"
9297702;"CUST_13";"Butchers";3;40;118.5;"2024-08-29"
9298092;"CUST_09";"Electric household essentials";0;0;0.0;"2022-11-14"
9298154;"CUST_23";"Patisserie";9;34;301.5;"2023-10-26"
9299095;"CUST_10";"Beverages";3;16;46.5;"2024-05-07"
9299347;"CUST_01";"Computers and electric accessories";2;25;49.0;"2024-11-14"
9299802;"CUST_03";"Patisserie";1;29;29.0;"2023-03-25"
9301691;"CUST_12";"Furniture";4;38;152.0;"2023-04-29"
9302123;"CUST_04";"Food";3;23;69.0;"2022-11-26"
9303719;"CUST_02";"Butchers";2;22;43.0;"2022-10-05"
9305312;"CUST_03";"Patisserie";4;38;152.0;"2023-07-04"
9305851;"CUST_09";"Computers and electric accessories";2;11;22.0;"2022-05-04"
9306598;"CUST_24";"Computers and electric accessories";10;35;350.0;"2022-09-01"
9307798;"CUST_05";"Patisserie";2;10;19.0;"2023-07-05"
9310005;"CUST_07";"Beverages";8;32;256.0;"2023-07-17"
9311214;"CUST_02";"Electric household essentials";5;22;107.5;"2023-06-22"
9312502;"CUST_11";"Furniture";8;34;268.0;"2022-09-28"
9312548;"CUST_11";"Computers and electric accessories";4;26;104.0;"2022-01-28"
9312667;"CUST_14";"Milk Products";8;25;196.0;"2022-01-27"
9313276;"CUST_22";"Electric household essentials";6;41;246.0;"2023-02-02"
9314258;"CUST_06";"Furniture";2;34;67.0;"2022-11-14"
9314890;"CUST_03";"Beverages";1;34;33.5;"2023-02-02"
9315060;"CUST_07";"Furniture";7;40;276.5;"2024-10-14"
9315342;"CUST_23";"Computers and electric accessories";8;26;208.0;"2024-07-18"
9315594;"CUST_25";"Butchers";2;23;46.0;"2024-07-22"
9316296;"CUST_13";"Patisserie";9;34;301.5;"2022-06-18"
9316310;"CUST_15";"Computers and electric accessories";4;22;86.0;"2024-12-10"
9319671;"CUST_22";"Beverages";4;28;110.0;"2022-02-18"
9321451;"CUST_10";"Furniture";1;5;5.0;"2022-11-21"
9321578;"CUST_09";"Beverages";10;22;215.0;"2022-02-18"
9321773;"CUST_20";"Butchers";8;29;232.0;"2023-06-10"
9322958;"CUST_17";"Milk Products";5;34;167.5;"2022-09-29"
9323166;"CUST_25";"Milk Products";3;14;42.0;"2023-05-12"
9323213;"CUST_22";"Computers and electric accessories";3;7;19.5;"2024-12-02"
9324731;"CUST_14";"Milk Products";1;16;15.5;"2022-08-08"
9325414;"CUST_07";"Milk Products";6;8;48.0;"2022-10-14"
9326253;"CUST_25";"Computers and electric accessories";5;20;100.0;"2024-09-29"
9328310;"CUST_11";"Computers and electric accessories";1;17;17.0;"2023-04-30"
9328530;"CUST_19";"Furniture";10;22;215.0;"2023-06-28"
9329582;"CUST_11";"Furniture";6;7;39.0;"2024-06-20"
9331528;"CUST_23";"Electric household essentials";4;32;128.0;"2023-12-22"
9331642;"CUST_12";"Patisserie";4;20;80.0;"2022-07-06"
9331694;"CUST_13";"Computers and electric accessories";8;7;52.0;"2023-12-09"
9333110;"CUST_15";"Computers and electric accessories";2;11;22.0;"2024-07-03"
9333754;"CUST_09";"Patisserie";6;13;75.0;"2022-10-22"
9340241;"CUST_21";"Patisserie";10;14;140.0;"2022-04-11"
9340286;"CUST_19";"Milk Products";2;13;25.0;"2024-08-13"
9340588;"CUST_12";"Computers and electric accessories";3;28;82.5;"2023-10-02"
9341596;"CUST_22";"Beverages";8;16;124.0;"2024-05-28"
9341645;"CUST_02";"Food";5;23;115.0;"2023-05-21"
9341849;"CUST_25";"Electric household essentials";7;35;245.0;"2024-11-16"
9342543;"CUST_22";"Patisserie";8;40;316.0;"2023-03-20"
9344133;"CUST_13";"Beverages";2;26;52.0;"2024-03-27"
9344795;"CUST_12";"Milk Products";1;14;14.0;"2024-10-20"
9344833;"CUST_20";"Butchers";2;7;13.0;"2022-05-28"
9345275;"CUST_09";"Patisserie";5;38;190.0;"2024-10-20"
9347481;"CUST_18";"Patisserie";4;38;152.0;"2023-09-03"
9348084;"CUST_04";"Electric household essentials";2;11;22.0;"2024-04-07"
9349221;"CUST_09";"Butchers";0;0;0.0;"2023-05-02"
9350176;"CUST_21";"Furniture";3;7;19.5;"2023-11-19"
9350355;"CUST_04";"Electric household essentials";7;41;287.0;"2023-10-05"
9350737;"CUST_10";"Milk Products";2;28;55.0;"2023-11-29"
9352178;"CUST_24";"Patisserie";8;7;52.0;"2023-03-24"
9352732;"CUST_05";"Butchers";4;10;38.0;"2022-02-12"
9353467;"CUST_13";"Furniture";7;22;150.5;"2024-10-07"
9355349;"CUST_19";"Butchers";4;22;86.0;"2022-08-03"
9357539;"CUST_14";"Food";1;34;33.5;"2025-01-08"
9358058;"CUST_07";"Food";7;26;182.0;"2022-10-31"
9358684;"CUST_17";"Beverages";6;20;120.0;"2024-04-24"
9359126;"CUST_08";"Beverages";6;28;165.0;"2023-02-25"
9361186;"CUST_25";"Patisserie";1;25;24.5;"2022-04-11"
9361358;"CUST_13";"Food";5;23;115.0;"2023-05-11"
9362268;"CUST_20";"Computers and electric accessories";1;20;20.0;"2022-12-23"
9362305;"CUST_07";"Food";7;8;56.0;"2022-01-30"
9362588;"CUST_09";"Food";2;37;73.0;"2023-03-03"
9364068;"CUST_16";"Butchers";8;31;244.0;"2024-10-08"
9364474;"CUST_19";"Food";3;37;109.5;"2022-01-01"
9364579;"CUST_25";"Beverages";3;14;42.0;"2023-04-26"
9364997;"CUST_25";"Furniture";2;7;13.0;"2022-08-02"
9365217;"CUST_23";"Butchers";8;34;268.0;"2024-05-11"
9365954;"CUST_24";"Furniture";6;34;201.0;"2024-03-29"
9367468;"CUST_25";"Milk Products";4;29;116.0;"2024-07-12"
9368743;"CUST_24";"Patisserie";6;13;75.0;"2025-01-09"
9369104;"CUST_24";"Furniture";4;14;56.0;"2024-03-17"
9369177;"CUST_07";"Electric household essentials";5;7;32.5;"2022-10-05"
9369677;"CUST_19";"Patisserie";4;32;128.0;"2024-03-05"
9370181;"CUST_20";"Butchers";9;26;234.0;"2022-11-30"
9371539;"CUST_20";"Food";4;29;116.0;"2024-12-26"
9371962;"CUST_12";"Electric household essentials";2;41;82.0;"2022-12-30"
9372793;"CUST_17";"Food";9;16;139.5;"2023-11-11"
9373460;"CUST_14";"Electric household essentials";8;11;88.0;"2023-06-11"
9373920;"CUST_24";"Beverages";5;25;122.5;"2022-05-25"
9374739;"CUST_05";"Computers and electric accessories";0;0;0.0;"2022-07-24"
9377177;"CUST_18";"Electric household essentials";2;40;79.0;"2023-11-12"
9377257;"CUST_06";"Food";6;41;246.0;"2024-03-04"
9377315;"CUST_06";"Furniture";10;40;395.0;"2023-03-28"
9379089;"CUST_04";"Computers and electric accessories";4;35;140.0;"2025-01-09"
9379358;"CUST_25";"Furniture";0;0;0.0;"2022-04-07"
9379604;"CUST_13";"Computers and electric accessories";3;17;51.0;"2024-08-15"
9381194;"CUST_01";"Furniture";6;32;192.0;"2023-02-10"
9382641;"CUST_06";"Milk Products";0;0;0.0;"2022-07-05"
9384430;"CUST_21";"Milk Products";7;38;266.0;"2022-04-27"
9384720;"CUST_19";"Food";6;22;129.0;"2024-12-30"
9385378;"CUST_05";"Food";8;19;148.0;"2024-11-08"
9385722;"CUST_25";"Food";10;25;245.0;"2023-01-30"
9386058;"CUST_25";"Electric household essentials";8;17;136.0;"2022-06-18"
9386080;"CUST_05";"Computers and electric accessories";3;7;19.5;"2023-04-27"
9386377;"CUST_07";"Butchers";9;14;126.0;"2024-02-27"
9387439;"CUST_03";"Patisserie";10;25;245.0;"2024-10-27"
9388162;"CUST_25";"Electric household essentials";5;13;62.5;"2023-08-01"
9389278;"CUST_09";"Computers and electric accessories";10;8;80.0;"2023-08-12"
9389617;"CUST_21";"Butchers";4;14;56.0;"2024-12-18"
9391758;"CUST_07";"Furniture";6;26;156.0;"2024-09-23"
9392209;"CUST_07";"Patisserie";8;28;220.0;"2023-02-28"
9393828;"CUST_04";"Furniture";5;29;145.0;"2023-02-12"
9394458;"CUST_22";"Patisserie";1;40;39.5;"2022-08-18"
9395578;"CUST_10";"Furniture";8;34;268.0;"2022-05-24"
9397079;"CUST_05";"Electric household essentials";7;38;266.0;"2022-10-02"
9397196;"CUST_14";"Furniture";7;26;182.0;"2023-03-29"
9397356;"CUST_23";"Furniture";7;20;140.0;"2022-02-09"
9397999;"CUST_12";"Electric household essentials";8;22;172.0;"2023-12-30"
9398224;"CUST_18";"Electric household essentials";5;16;77.5;"2024-02-16"
9398789;"CUST_13";"Milk Products";9;5;45.0;"2022-10-01"
9398801;"CUST_13";"Beverages";6;31;183.0;"2024-02-28"
9401576;"CUST_18";"Furniture";7;32;224.0;"2023-01-01"
9402474;"CUST_16";"Milk Products";7;37;255.5;"2023-09-15"
9403273;"CUST_18";"Electric household essentials";7;22;150.5;"2023-11-01"
9403595;"CUST_11";"Milk Products";0;0;0.0;"2023-12-12"
9403711;"CUST_23";"Furniture";9;41;369.0;"2022-08-21"
9403833;"CUST_13";"Food";5;38;190.0;"2023-11-06"
9404072;"CUST_10";"Electric household essentials";4;13;50.0;"2022-05-05"
9404791;"CUST_05";"Electric household essentials";9;41;369.0;"2023-08-31"
9407903;"CUST_06";"Computers and electric accessories";2;7;13.0;"2023-09-14"
9408214;"CUST_15";"Milk Products";6;13;75.0;"2024-01-10"
9408487;"CUST_11";"Patisserie";8;14;112.0;"2022-02-09"
9408663;"CUST_21";"Beverages";8;5;40.0;"2024-10-12"
9409545;"CUST_05";"Electric household essentials";7;37;255.5;"2022-02-24"
9410325;"CUST_25";"Electric household essentials";9;26;234.0;"2023-09-13"
9410689;"CUST_04";"Computers and electric accessories";10;16;155.0;"2022-07-10"
9410785;"CUST_24";"Furniture";0;0;0.0;"2024-01-14"
9410980;"CUST_02";"Milk Products";9;13;112.5;"2022-06-30"
9412012;"CUST_22";"Computers and electric accessories";7;22;150.5;"2022-01-12"
9413220;"CUST_09";"Beverages";7;17;119.0;"2022-02-16"
9413455;"CUST_21";"Butchers";9;38;342.0;"2023-03-26"
9413476;"CUST_25";"Electric household essentials";1;17;17.0;"2023-08-17"
9414771;"CUST_07";"Butchers";9;10;85.5;"2023-06-16"
9415292;"CUST_09";"Food";4;23;92.0;"2022-09-12"
9416079;"CUST_24";"Patisserie";4;5;20.0;"2022-03-05"
9416158;"CUST_24";"Butchers";2;13;25.0;"2023-01-27"
9417468;"CUST_20";"Food";2;29;58.0;"2023-08-29"
9418439;"CUST_23";"Food";5;25;122.5;"2022-03-06"
9418798;"CUST_11";"Furniture";1;25;24.5;"2022-03-07"
9419671;"CUST_07";"Butchers";10;34;335.0;"2022-01-05"
9420175;"CUST_11";"Butchers";10;19;185.0;"2024-08-14"
9422407;"CUST_11";"Food";10;23;230.0;"2023-01-10"
9422597;"CUST_04";"Milk Products";9;7;58.5;"2024-04-08"
9423173;"CUST_08";"Food";6;20;120.0;"2022-07-12"
9423890;"CUST_12";"Furniture";9;5;45.0;"2022-04-05"
9424217;"CUST_17";"Furniture";3;13;37.5;"2022-12-21"
9424541;"CUST_21";"Electric household essentials";6;5;30.0;"2023-11-28"
9424650;"CUST_14";"Furniture";4;40;158.0;"2024-09-09"
9425562;"CUST_21";"Food";10;13;125.0;"2024-01-02"
9425683;"CUST_13";"Beverages";10;13;125.0;"2022-02-23"
9427980;"CUST_12";"Beverages";8;16;124.0;"2023-06-22"
9429383;"CUST_22";"Furniture";7;34;234.5;"2024-06-30"
9429754;"CUST_14";"Milk Products";8;17;136.0;"2023-08-27"
9430988;"CUST_13";"Milk Products";0;0;0.0;"2024-05-31"
9431847;"CUST_09";"Food";8;17;136.0;"2024-02-25"
9433964;"CUST_08";"Milk Products";8;37;292.0;"2023-11-13"
9433976;"CUST_19";"Butchers";9;16;139.5;"2022-05-01"
9434303;"CUST_15";"Food";6;10;57.0;"2023-09-30"
9434913;"CUST_18";"Butchers";8;28;220.0;"2023-09-14"
9435490;"CUST_10";"Butchers";10;25;245.0;"2022-11-04"
9435614;"CUST_11";"Patisserie";1;34;33.5;"2024-03-03"
9435818;"CUST_06";"Milk Products";8;23;184.0;"2023-03-10"
9436654;"CUST_08";"Food";10;11;110.0;"2024-08-25"
9438432;"CUST_04";"Electric household essentials";2;17;34.0;"2024-06-26"
9439778;"CUST_05";"Beverages";10;22;215.0;"2024-06-09"
9440172;"CUST_20";"Beverages";9;41;369.0;"2023-10-25"
9441394;"CUST_21";"Beverages";1;14;14.0;"2022-02-12"
9441688;"CUST_03";"Patisserie";10;10;95.0;"2022-08-23"
9442074;"CUST_06";"Butchers";6;14;84.0;"2023-10-24"
9442211;"CUST_25";"Food";7;25;171.5;"2022-09-06"
9442698;"CUST_15";"Furniture";7;7;45.5;"2023-10-20"
9442836;"CUST_17";"Butchers";9;16;139.5;"2023-02-21"
9443022;"CUST_12";"Milk Products";2;26;52.0;"2024-03-27"
9444336;"CUST_13";"Food";10;19;185.0;"2024-10-29"
9444660;"CUST_13";"Electric household essentials";1;35;35.0;"2024-05-24"
9445397;"CUST_06";"Computers and electric accessories";4;11;44.0;"2023-01-01"
9445661;"CUST_08";"Food";7;13;87.5;"2022-01-20"
9446585;"CUST_25";"Milk Products";3;13;37.5;"2024-01-06"
9448053;"CUST_24";"Food";6;34;201.0;"2022-09-11"
9448652;"CUST_15";"Computers and electric accessories";7;29;203.0;"2024-02-01"
9449378;"CUST_10";"Computers and electric accessories";2;20;40.0;"2023-10-30"
9450304;"CUST_20";"Food";2;11;22.0;"2023-04-22"
9450631;"CUST_25";"Patisserie";10;34;335.0;"2024-06-09"
9451154;"CUST_05";"Butchers";8;16;124.0;"2023-06-26"
9451256;"CUST_04";"Patisserie";7;29;203.0;"2023-05-28"
9451794;"CUST_24";"Milk Products";3;32;96.0;"2024-01-28"
9452460;"CUST_08";"Electric household essentials";8;13;100.0;"2022-04-18"
9452917;"CUST_23";"Patisserie";7;22;150.5;"2024-08-02"
9454455;"CUST_22";"Patisserie";5;34;167.5;"2022-01-19"
9454592;"CUST_07";"Milk Products";10;13;125.0;"2023-12-13"
9454633;"CUST_16";"Butchers";5;34;167.5;"2024-04-04"
9454768;"CUST_20";"Electric household essentials";10;26;260.0;"2022-12-16"
9455438;"CUST_17";"Computers and electric accessories";5;32;160.0;"2023-07-01"
9457212;"CUST_17";"Electric household essentials";7;23;161.0;"2022-03-13"
9457772;"CUST_08";"Electric household essentials";8;19;148.0;"2023-05-02"
9458126;"CUST_06";"Beverages";9;28;247.5;"2022-05-07"
9458229;"CUST_17";"Beverages";1;14;14.0;"2022-03-04"
9458655;"CUST_20";"Food";3;17;51.0;"2024-06-30"
9459891;"CUST_05";"Electric household essentials";2;41;82.0;"2024-09-06"
9460439;"CUST_09";"Butchers";5;31;152.5;"2022-04-26"
9460532;"CUST_12";"Computers and electric accessories";7;34;234.5;"2022-06-08"
9462569;"CUST_24";"Food";6;35;210.0;"2023-04-18"
9463303;"CUST_25";"Computers and electric accessories";2;32;64.0;"2024-09-09"
9463668;"CUST_05";"Electric household essentials";2;41;82.0;"2022-06-26"
9464343;"CUST_09";"Milk Products";7;5;35.0;"2022-11-11"
9464391;"CUST_04";"Food";10;31;305.0;"2023-11-17"
9464600;"CUST_11";"Furniture";9;35;315.0;"2024-10-04"
9466601;"CUST_01";"Food";4;34;134.0;"2022-02-15"
9466734;"CUST_15";"Milk Products";8;19;148.0;"2023-11-10"
9468678;"CUST_10";"Electric household essentials";7;7;45.5;"2024-06-03"
9468973;"CUST_05";"Computers and electric accessories";7;7;45.5;"2023-03-21"
9469288;"CUST_13";"Patisserie";8;20;160.0;"2024-11-25"
9469341;"CUST_14";"Milk Products";10;7;65.0;"2022-01-07"
9469569;"CUST_08";"Food";0;0;0.0;"2023-10-09"
9469827;"CUST_21";"Butchers";6;34;201.0;"2022-10-29"
9469962;"CUST_08";"Beverages";6;8;48.0;"2024-02-26"
9471173;"CUST_05";"Furniture";3;41;123.0;"2023-02-27"
9471304;"CUST_16";"Patisserie";8;8;64.0;"2022-08-13"
9471719;"CUST_15";"Furniture";5;32;160.0;"2024-11-09"
9472024;"CUST_17";"Butchers";5;23;115.0;"2024-01-18"
9472056;"CUST_16";"Milk Products";7;16;108.5;"2024-06-22"
9472197;"CUST_23";"Butchers";6;20;120.0;"2024-04-09"
9472812;"CUST_04";"Food";0;0;0.0;"2024-08-16"
9473262;"CUST_24";"Electric household essentials";9;25;220.5;"2023-10-19"
9474347;"CUST_11";"Patisserie";4;7;26.0;"2023-03-22"
9474780;"CUST_09";"Computers and electric accessories";9;37;328.5;"2023-11-15"
9475395;"CUST_08";"Beverages";6;25;147.0;"2024-11-30"
9475737;"CUST_11";"Beverages";8;19;148.0;"2023-08-01"
9477548;"CUST_10";"Milk Products";1;14;14.0;"2022-04-14"
9478594;"CUST_12";"Computers and electric accessories";7;16;108.5;"2023-01-12"
9478901;"CUST_11";"Patisserie";7;22;150.5;"2022-09-23"
9478937;"CUST_05";"Patisserie";0;0;0.0;"2022-11-14"
9479028;"CUST_23";"Patisserie";5;35;175.0;"2024-01-20"
9479679;"CUST_22";"Milk Products";6;37;219.0;"2022-12-31"
9479761;"CUST_03";"Beverages";2;22;43.0;"2024-01-29"
9480196;"CUST_06";"Butchers";9;22;193.5;"2022-01-05"
9481338;"CUST_19";"Furniture";7;34;234.5;"2023-01-20"
9483255;"CUST_23";"Electric household essentials";9;29;261.0;"2023-04-20"
9484134;"CUST_22";"Computers and electric accessories";7;20;140.0;"2023-09-25"
9484621;"CUST_04";"Milk Products";1;38;38.0;"2022-06-10"
9487070;"CUST_11";"Beverages";4;25;98.0;"2024-03-26"
9487221;"CUST_07";"Food";2;13;25.0;"2022-04-09"
9487352;"CUST_14";"Butchers";5;38;190.0;"2023-11-13"
9488694;"CUST_06";"Furniture";4;34;134.0;"2023-06-01"
9489720;"CUST_23";"Milk Products";2;14;28.0;"2023-04-01"
9490394;"CUST_20";"Butchers";3;13;37.5;"2022-07-16"
9490479;"CUST_07";"Butchers";8;28;220.0;"2024-06-13"
9491535;"CUST_04";"Electric household essentials";4;23;92.0;"2023-02-17"
9493303;"CUST_13";"Computers and electric accessories";10;35;350.0;"2023-11-04"
9493348;"CUST_17";"Food";10;5;50.0;"2022-06-11"
9493430;"CUST_02";"Furniture";4;16;62.0;"2024-08-06"
9493702;"CUST_06";"Computers and electric accessories";6;35;210.0;"2023-09-14"
9493723;"CUST_22";"Butchers";4;37;146.0;"2022-05-28"
9493727;"CUST_07";"Milk Products";0;0;0.0;"2023-09-20"
9494162;"CUST_11";"Electric household essentials";10;37;365.0;"2022-06-13"
9495051;"CUST_10";"Electric household essentials";10;35;350.0;"2022-03-10"
9495725;"CUST_07";"Milk Products";1;23;23.0;"2023-08-13"
9496190;"CUST_18";"Computers and electric accessories";3;31;91.5;"2024-02-24"
9496210;"CUST_07";"Computers and electric accessories";8;29;232.0;"2024-04-10"
9497226;"CUST_16";"Furniture";3;35;105.0;"2024-04-25"
9499247;"CUST_03";"Computers and electric accessories";8;34;268.0;"2023-01-09"
9501007;"CUST_03";"Patisserie";6;23;138.0;"2022-09-26"
9501320;"CUST_24";"Beverages";8;20;160.0;"2022-07-14"
9501460;"CUST_11";"Milk Products";5;26;130.0;"2023-03-25"
9501990;"CUST_04";"Milk Products";5;5;25.0;"2022-02-18"
9502131;"CUST_12";"Beverages";3;5;15.0;"2023-07-19"
9504371;"CUST_22";"Butchers";3;5;15.0;"2024-06-14"
9506859;"CUST_13";"Computers and electric accessories";0;0;0.0;"2022-10-28"
9508915;"CUST_16";"Computers and electric accessories";6;34;201.0;"2022-06-07"
9509119;"CUST_15";"Food";1;17;17.0;"2023-11-12"
9509161;"CUST_19";"Computers and electric accessories";9;13;112.5;"2023-12-13"
9509705;"CUST_20";"Computers and electric accessories";10;34;335.0;"2024-07-15"
9509818;"CUST_13";"Furniture";6;25;147.0;"2022-01-11"
9509879;"CUST_06";"Electric household essentials";8;38;304.0;"2023-03-07"
9510703;"CUST_11";"Food";8;14;112.0;"2022-05-24"
9514147;"CUST_11";"Electric household essentials";4;28;110.0;"2024-11-23"
9514388;"CUST_22";"Food";5;37;182.5;"2023-01-31"
9515378;"CUST_09";"Butchers";6;11;66.0;"2022-01-23"
9515774;"CUST_15";"Milk Products";5;8;40.0;"2024-09-20"
9516413;"CUST_01";"Computers and electric accessories";1;34;33.5;"2025-01-09"
9517045;"CUST_09";"Electric household essentials";0;0;0.0;"2023-05-20"
9518180;"CUST_02";"Beverages";7;29;203.0;"2023-09-08"
9518220;"CUST_05";"Beverages";0;0;0.0;"2024-02-04"
9518234;"CUST_12";"Beverages";5;34;167.5;"2022-04-30"
9518640;"CUST_06";"Computers and electric accessories";8;13;100.0;"2024-12-24"
9519628;"CUST_02";"Electric household essentials";3;32;96.0;"2023-12-07"
9520489;"CUST_18";"Beverages";8;22;172.0;"2022-06-01"
9520604;"CUST_08";"Butchers";3;16;46.5;"2022-10-22"
9521709;"CUST_12";"Patisserie";10;25;245.0;"2022-07-11"
9522195;"CUST_19";"Food";3;8;24.0;"2023-11-21"
9522873;"CUST_25";"Computers and electric accessories";9;11;99.0;"2022-12-27"
9523274;"CUST_12";"Electric household essentials";2;14;28.0;"2024-02-04"
9525639;"CUST_20";"Milk Products";3;14;42.0;"2023-07-27"
9527872;"CUST_03";"Electric household essentials";3;35;105.0;"2024-07-14"
9531173;"CUST_21";"Beverages";8;37;292.0;"2022-03-27"
9531274;"CUST_12";"Computers and electric accessories";5;32;160.0;"2024-10-21"
9531538;"CUST_14";"Computers and electric accessories";9;35;315.0;"2022-07-17"
9532159;"CUST_03";"Computers and electric accessories";5;14;70.0;"2022-10-21"
9532162;"CUST_16";"Beverages";1;28;27.5;"2023-09-23"
9532815;"CUST_17";"Milk Products";6;13;75.0;"2023-12-25"
9533237;"CUST_23";"Computers and electric accessories";1;38;38.0;"2024-03-18"
9534133;"CUST_20";"Milk Products";7;34;234.5;"2022-04-14"
9534194;"CUST_08";"Beverages";2;25;49.0;"2023-11-30"
9534348;"CUST_19";"Food";1;19;18.5;"2023-09-09"
9534833;"CUST_22";"Electric household essentials";2;10;19.0;"2022-05-14"
9534913;"CUST_24";"Electric household essentials";9;16;139.5;"2022-02-27"
9535314;"CUST_18";"Milk Products";7;11;77.0;"2023-11-20"
9535889;"CUST_08";"Electric household essentials";1;29;29.0;"2024-03-20"
9536103;"CUST_23";"Furniture";10;7;65.0;"2023-01-02"
9536237;"CUST_20";"Furniture";9;20;180.0;"2023-09-12"
9537013;"CUST_21";"Furniture";10;26;260.0;"2024-07-10"
9537792;"CUST_15";"Milk Products";9;16;139.5;"2023-04-25"
9538128;"CUST_23";"Computers and electric accessories";8;25;196.0;"2024-02-22"
9538673;"CUST_15";"Butchers";6;38;228.0;"2022-01-21"
9538956;"CUST_10";"Computers and electric accessories";5;11;55.0;"2022-02-22"
9539536;"CUST_10";"Beverages";1;37;36.5;"2023-04-27"
9540418;"CUST_05";"Electric household essentials";5;8;40.0;"2024-04-13"
9540741;"CUST_14";"Milk Products";2;14;28.0;"2022-03-06"
9542148;"CUST_24";"Butchers";5;11;55.0;"2022-08-03"
9544241;"CUST_15";"Food";9;14;126.0;"2023-07-07"
9544902;"CUST_25";"Beverages";9;40;355.5;"2024-02-01"
9545024;"CUST_09";"Furniture";4;29;116.0;"2024-04-03"
9546049;"CUST_21";"Butchers";3;11;33.0;"2022-03-10"
9547089;"CUST_21";"Milk Products";4;31;122.0;"2023-01-14"
9550434;"CUST_08";"Furniture";3;26;78.0;"2024-10-18"
9550516;"CUST_09";"Butchers";9;31;274.5;"2024-08-06"
9550546;"CUST_15";"Patisserie";6;37;219.0;"2024-10-15"
9550618;"CUST_23";"Beverages";7;40;276.5;"2022-11-07"
9551364;"CUST_11";"Butchers";0;0;0.0;"2022-06-27"
9551621;"CUST_16";"Electric household essentials";4;37;146.0;"2023-03-21"
9553069;"CUST_03";"Butchers";9;41;369.0;"2022-07-24"
9553259;"CUST_20";"Food";10;41;410.0;"2023-05-01"
9554139;"CUST_19";"Food";9;22;193.5;"2022-09-27"
9554512;"CUST_01";"Butchers";5;28;137.5;"2024-11-21"
9554941;"CUST_15";"Patisserie";6;23;138.0;"2024-08-17"
9555119;"CUST_15";"Food";7;16;108.5;"2023-03-29"
9556376;"CUST_04";"Computers and electric accessories";4;20;80.0;"2023-07-11"
9556639;"CUST_23";"Computers and electric accessories";7;11;77.0;"2023-04-29"
9557968;"CUST_14";"Patisserie";1;22;21.5;"2023-10-13"
9558666;"CUST_22";"Food";4;25;98.0;"2024-07-01"
9558785;"CUST_05";"Furniture";4;22;86.0;"2022-01-17"
9559442;"CUST_20";"Food";8;29;232.0;"2022-08-12"
9560060;"CUST_04";"Food";2;25;49.0;"2023-05-20"
9560804;"CUST_23";"Butchers";4;20;80.0;"2024-04-15"
9561541;"CUST_06";"Furniture";8;41;328.0;"2024-04-20"
9564689;"CUST_18";"Patisserie";4;25;98.0;"2022-04-06"
9565718;"CUST_22";"Computers and electric accessories";4;37;146.0;"2022-01-20"
9567750;"CUST_19";"Electric household essentials";7;34;234.5;"2023-06-21"
9568940;"CUST_24";"Patisserie";5;22;107.5;"2025-01-02"
9569469;"CUST_08";"Beverages";8;41;328.0;"2024-02-12"
9570129;"CUST_10";"Patisserie";7;5;35.0;"2024-07-13"
9571758;"CUST_01";"Furniture";4;8;32.0;"2024-01-23"
9571910;"CUST_07";"Electric household essentials";6;16;93.0;"2023-10-24"
9572486;"CUST_16";"Food";10;23;230.0;"2022-07-10"
9573978;"CUST_14";"Computers and electric accessories";10;29;290.0;"2022-03-03"
9574817;"CUST_11";"Food";9;23;207.0;"2022-11-10"
9575417;"CUST_04";"Furniture";2;22;43.0;"2022-05-15"
9575437;"CUST_02";"Milk Products";10;40;395.0;"2023-02-23"
9576418;"CUST_15";"Beverages";8;20;160.0;"2022-07-14"
9576699;"CUST_24";"Beverages";2;7;13.0;"2024-08-21"
9576872;"CUST_01";"Computers and electric accessories";3;22;64.5;"2022-11-15"
9577293;"CUST_22";"Electric household essentials";5;31;152.5;"2023-03-04"
9579049;"CUST_08";"Furniture";10;19;185.0;"2024-12-23"
9579739;"CUST_11";"Food";4;10;38.0;"2024-04-06"
9579985;"CUST_11";"Furniture";8;20;160.0;"2022-02-23"
9580748;"CUST_08";"Food";5;31;152.5;"2023-06-28"
9580760;"CUST_08";"Computers and electric accessories";7;20;140.0;"2023-11-20"
9580803;"CUST_14";"Computers and electric accessories";5;23;115.0;"2023-07-13"
9581850;"CUST_16";"Beverages";4;22;86.0;"2022-08-27"
9582745;"CUST_06";"Furniture";6;7;39.0;"2022-03-16"
9583443;"CUST_03";"Furniture";10;16;155.0;"2023-05-01"
9583800;"CUST_17";"Electric household essentials";2;22;43.0;"2023-09-18"
9583903;"CUST_19";"Beverages";2;41;82.0;"2024-10-08"
9584772;"CUST_14";"Computers and electric accessories";3;7;19.5;"2023-12-03"
9586952;"CUST_11";"Computers and electric accessories";3;14;42.0;"2023-06-19"
9587075;"CUST_03";"Computers and electric accessories";3;14;42.0;"2023-09-13"
9587085;"CUST_15";"Furniture";5;5;25.0;"2023-12-01"
9587232;"CUST_20";"Food";5;22;107.5;"2023-02-28"
9587605;"CUST_08";"Butchers";7;11;77.0;"2022-11-20"
9588085;"CUST_08";"Beverages";1;22;21.5;"2024-06-23"
9589484;"CUST_11";"Furniture";5;40;197.5;"2023-03-23"
9590838;"CUST_13";"Electric household essentials";6;11;66.0;"2023-06-15"
9590909;"CUST_03";"Electric household essentials";10;31;305.0;"2024-12-29"
9592651;"CUST_08";"Electric household essentials";2;32;64.0;"2024-01-11"
9592834;"CUST_08";"Patisserie";5;26;130.0;"2022-07-22"
9594076;"CUST_21";"Patisserie";7;5;35.0;"2022-09-15"
9594272;"CUST_14";"Beverages";4;25;98.0;"2025-01-02"
9594561;"CUST_23";"Computers and electric accessories";5;29;145.0;"2024-12-22"
9595549;"CUST_21";"Butchers";6;26;156.0;"2024-07-01"
9599898;"CUST_17";"Butchers";2;5;10.0;"2022-09-17"
9600643;"CUST_19";"Patisserie";5;40;197.5;"2022-09-09"
9601038;"CUST_02";"Patisserie";1;25;24.5;"2024-10-29"
9601122;"CUST_24";"Beverages";9;20;180.0;"2024-01-13"
9601795;"CUST_16";"Beverages";4;22;86.0;"2024-11-25"
9601873;"CUST_21";"Milk Products";2;29;58.0;"2023-11-03"
9602143;"CUST_07";"Butchers";3;22;64.5;"2022-08-01"
9604839;"CUST_16";"Food";6;23;138.0;"2022-07-16"
9605479;"CUST_02";"Electric household essentials";10;37;365.0;"2024-01-13"
9605931;"CUST_16";"Electric household essentials";9;23;207.0;"2022-12-26"
9608154;"CUST_11";"Milk Products";10;32;320.0;"2024-09-04"
9610207;"CUST_04";"Furniture";2;19;37.0;"2023-04-05"
9610510;"CUST_11";"Butchers";9;26;234.0;"2022-01-26"
9610555;"CUST_15";"Beverages";0;0;0.0;"2022-11-15"
9611005;"CUST_09";"Food";5;10;47.5;"2024-11-23"
9611416;"CUST_19";"Butchers";3;8;24.0;"2022-09-02"
9612339;"CUST_16";"Butchers";1;34;33.5;"2024-08-08"
9612422;"CUST_04";"Butchers";6;13;75.0;"2022-01-30"
9612514;"CUST_13";"Computers and electric accessories";6;20;120.0;"2024-06-24"
9614858;"CUST_12";"Patisserie";9;10;85.5;"2023-02-14"
9615048;"CUST_08";"Butchers";6;34;201.0;"2024-01-05"
9616213;"CUST_23";"Furniture";3;40;118.5;"2023-03-11"
9616920;"CUST_05";"Food";9;10;85.5;"2022-09-28"
9618289;"CUST_07";"Patisserie";1;40;39.5;"2024-02-20"
9618417;"CUST_24";"Electric household essentials";10;11;110.0;"2022-10-05"
9618649;"CUST_23";"Beverages";10;25;245.0;"2023-09-12"
9618826;"CUST_05";"Butchers";1;40;39.5;"2024-03-12"
9619028;"CUST_08";"Patisserie";2;20;40.0;"2022-12-24"
9619188;"CUST_06";"Food";4;23;92.0;"2024-01-04"
9619283;"CUST_01";"Butchers";0;0;0.0;"2022-12-11"
9619679;"CUST_05";"Milk Products";4;38;152.0;"2023-04-27"
9619819;"CUST_24";"Milk Products";9;14;126.0;"2022-11-08"
9619859;"CUST_01";"Butchers";4;35;140.0;"2024-04-05"
9620236;"CUST_09";"Beverages";0;0;0.0;"2024-09-16"
9620521;"CUST_14";"Beverages";2;28;55.0;"2022-07-19"
9620768;"CUST_07";"Butchers";0;0;0.0;"2024-04-06"
9621073;"CUST_02";"Food";2;25;49.0;"2023-09-07"
9621491;"CUST_16";"Electric household essentials";3;35;105.0;"2023-02-19"
9622632;"CUST_02";"Furniture";4;20;80.0;"2024-12-26"
9626570;"CUST_10";"Butchers";2;34;67.0;"2024-03-11"
9627402;"CUST_04";"Butchers";10;8;80.0;"2022-02-23"
9627455;"CUST_11";"Electric household essentials";10;26;260.0;"2024-05-02"
9628331;"CUST_04";"Food";10;41;410.0;"2022-09-03"
9629011;"CUST_06";"Butchers";9;37;328.5;"2022-03-04"
9629561;"CUST_11";"Electric household essentials";5;13;62.5;"2023-06-21"
9629777;"CUST_13";"Furniture";9;7;58.5;"2023-11-08"
9631306;"CUST_09";"Electric household essentials";8;34;268.0;"2024-02-18"
9631559;"CUST_04";"Butchers";8;7;52.0;"2022-07-12"
9632054;"CUST_16";"Patisserie";9;26;234.0;"2023-12-14"
9632140;"CUST_11";"Electric household essentials";7;17;119.0;"2022-02-17"
9633310;"CUST_21";"Beverages";2;22;43.0;"2024-06-14"
9633424;"CUST_14";"Beverages";6;25;147.0;"2023-03-20"
9634433;"CUST_03";"Electric household essentials";7;13;87.5;"2024-12-19"
9634891;"CUST_25";"Computers and electric accessories";6;29;174.0;"2022-01-14"
9634894;"CUST_15";"Milk Products";10;28;275.0;"2022-04-17"
9635473;"CUST_01";"Food";6;35;210.0;"2023-06-08"
9635879;"CUST_07";"Food";9;37;328.5;"2023-09-30"
9637396;"CUST_19";"Electric household essentials";0;0;0.0;"2024-09-04"
9637464;"CUST_18";"Furniture";8;16;124.0;"2022-03-25"
9641889;"CUST_03";"Patisserie";3;29;87.0;"2022-10-17"
9643570;"CUST_08";"Food";2;35;70.0;"2022-07-04"
9643714;"CUST_09";"Food";9;41;369.0;"2022-03-13"
9643751;"CUST_08";"Food";8;34;268.0;"2023-11-18"
9644345;"CUST_05";"Computers and electric accessories";2;25;49.0;"2024-05-04"
9644882;"CUST_23";"Beverages";2;14;28.0;"2024-05-17"
9644977;"CUST_17";"Butchers";8;16;124.0;"2022-02-18"
9645168;"CUST_02";"Computers and electric accessories";5;22;107.5;"2025-01-04"
9645461;"CUST_13";"Butchers";3;20;60.0;"2024-08-23"
9646389;"CUST_22";"Beverages";0;0;0.0;"2022-02-17"
9646533;"CUST_21";"Beverages";6;22;129.0;"2023-09-05"
9648410;"CUST_25";"Food";7;11;77.0;"2023-01-09"
9648937;"CUST_19";"Beverages";10;40;395.0;"2022-08-25"
9648976;"CUST_09";"Food";9;34;301.5;"2024-09-26"
9649004;"CUST_11";"Butchers";2;25;49.0;"2022-07-16"
9649394;"CUST_13";"Patisserie";9;34;301.5;"2024-08-23"
9649810;"CUST_04";"Food";7;20;140.0;"2024-03-07"
9649833;"CUST_22";"Furniture";5;14;70.0;"2024-02-07"
9650087;"CUST_16";"Beverages";10;29;290.0;"2022-08-22"
9653552;"CUST_12";"Butchers";8;28;220.0;"2023-08-27"
9654178;"CUST_15";"Food";4;11;44.0;"2022-01-28"
9654199;"CUST_12";"Patisserie";5;38;190.0;"2024-03-04"
9654613;"CUST_10";"Food";8;17;136.0;"2022-10-23"
9655096;"CUST_03";"Butchers";10;34;335.0;"2024-06-30"
9655455;"CUST_02";"Butchers";2;37;73.0;"2022-03-31"
9655788;"CUST_05";"Milk Products";6;14;84.0;"2023-07-25"
9657809;"CUST_17";"Beverages";6;38;228.0;"2022-04-25"
9659189;"CUST_13";"Computers and electric accessories";0;0;0.0;"2024-06-20"
9659420;"CUST_10";"Furniture";6;23;138.0;"2022-01-23"
9659532;"CUST_21";"Furniture";8;10;76.0;"2023-01-08"
9660196;"CUST_13";"Food";3;10;28.5;"2022-07-30"
9661106;"CUST_06";"Furniture";2;16;31.0;"2023-10-11"
9661826;"CUST_05";"Butchers";5;28;137.5;"2022-06-02"
9662222;"CUST_10";"Computers and electric accessories";2;38;76.0;"2024-09-26"
9662767;"CUST_01";"Beverages";9;34;301.5;"2022-01-02"
9663281;"CUST_10";"Milk Products";0;0;0.0;"2024-06-08"
9664075;"CUST_20";"Milk Products";5;5;25.0;"2023-10-29"
9665063;"CUST_14";"Food";9;17;153.0;"2023-05-26"
9665364;"CUST_13";"Butchers";4;20;80.0;"2025-01-04"
9665505;"CUST_25";"Furniture";4;20;80.0;"2022-05-05"
9667841;"CUST_11";"Patisserie";7;37;255.5;"2024-06-05"
9668260;"CUST_15";"Computers and electric accessories";2;37;73.0;"2022-09-25"
9669469;"CUST_11";"Electric household essentials";10;14;140.0;"2022-07-01"
9670800;"CUST_19";"Beverages";10;29;290.0;"2024-06-28"
9671023;"CUST_22";"Computers and electric accessories";0;0;0.0;"2024-11-02"
9671259;"CUST_13";"Furniture";6;16;93.0;"2022-07-08"
9671345;"CUST_21";"Furniture";2;34;67.0;"2022-09-13"
9672266;"CUST_22";"Butchers";3;10;28.5;"2023-06-24"
9672984;"CUST_09";"Beverages";2;35;70.0;"2024-07-06"
9673472;"CUST_15";"Food";3;25;73.5;"2024-01-03"
9675839;"CUST_09";"Patisserie";2;16;31.0;"2023-04-07"
9675873;"CUST_18";"Furniture";8;13;100.0;"2024-12-31"
9676174;"CUST_09";"Milk Products";9;14;126.0;"2023-11-11"
9676475;"CUST_19";"Computers and electric accessories";0;0;0.0;"2025-01-17"
9676576;"CUST_25";"Furniture";0;0;0.0;"2023-06-27"
9677000;"CUST_12";"Beverages";3;37;109.5;"2024-10-21"
9677353;"CUST_13";"Furniture";1;10;9.5;"2023-02-05"
9679439;"CUST_14";"Furniture";9;16;139.5;"2024-03-12"
9680847;"CUST_23";"Electric household essentials";1;5;5.0;"2024-01-14"
9682013;"CUST_13";"Computers and electric accessories";6;22;129.0;"2023-03-02"
9682433;"CUST_16";"Patisserie";1;17;17.0;"2024-11-29"
9682527;"CUST_13";"Electric household essentials";9;28;247.5;"2022-08-07"
9682557;"CUST_05";"Beverages";0;0;0.0;"2022-12-15"
9683320;"CUST_06";"Food";2;19;37.0;"2022-11-15"
9683490;"CUST_24";"Electric household essentials";6;41;246.0;"2023-10-27"
9683912;"CUST_12";"Furniture";7;11;77.0;"2022-02-20"
9684431;"CUST_01";"Food";10;16;155.0;"2024-10-23"
9684520;"CUST_13";"Butchers";7;20;140.0;"2022-09-01"
9684703;"CUST_15";"Computers and electric accessories";1;13;12.5;"2024-02-05"
9685044;"CUST_01";"Computers and electric accessories";6;32;192.0;"2024-04-16"
9686128;"CUST_05";"Computers and electric accessories";4;19;74.0;"2023-10-23"
9686182;"CUST_17";"Beverages";4;35;140.0;"2023-12-12"
9687417;"CUST_02";"Beverages";5;10;47.5;"2023-03-20"
9687573;"CUST_21";"Patisserie";6;25;147.0;"2023-08-13"
9690494;"CUST_09";"Milk Products";2;16;31.0;"2024-06-10"
9692463;"CUST_16";"Milk Products";0;0;0.0;"2022-03-14"
9695022;"CUST_20";"Furniture";5;20;100.0;"2024-02-01"
9695630;"CUST_16";"Butchers";9;34;301.5;"2024-11-04"
9696371;"CUST_14";"Beverages";10;28;275.0;"2024-09-22"
9696593;"CUST_02";"Beverages";4;7;26.0;"2022-03-22"
9697733;"CUST_13";"Beverages";10;8;80.0;"2024-02-10"
9698787;"CUST_09";"Beverages";3;10;28.5;"2024-11-13"
9699186;"CUST_21";"Food";10;13;125.0;"2023-04-02"
9699376;"CUST_06";"Computers and electric accessories";7;28;192.5;"2022-01-24"
9699592;"CUST_24";"Furniture";5;35;175.0;"2023-04-02"
9700363;"CUST_16";"Milk Products";4;31;122.0;"2022-08-05"
9701245;"CUST_03";"Patisserie";9;22;193.5;"2023-09-26"
9701250;"CUST_22";"Butchers";5;41;205.0;"2022-04-08"
9701569;"CUST_04";"Food";6;29;174.0;"2024-06-30"
9702142;"CUST_20";"Electric household essentials";10;20;200.0;"2022-05-03"
9702329;"CUST_15";"Butchers";2;38;76.0;"2022-02-11"
9702562;"CUST_06";"Beverages";9;22;193.5;"2022-05-27"
9703514;"CUST_10";"Electric household essentials";6;26;156.0;"2023-05-20"
9703848;"CUST_15";"Food";4;26;104.0;"2022-06-16"
9704111;"CUST_07";"Beverages";8;25;196.0;"2022-07-15"
9704360;"CUST_06";"Electric household essentials";10;26;260.0;"2024-08-31"
9705594;"CUST_16";"Food";7;14;98.0;"2024-12-11"
9705595;"CUST_11";"Patisserie";10;32;320.0;"2022-01-15"
9706254;"CUST_10";"Food";10;10;95.0;"2023-08-09"
9707152;"CUST_18";"Electric household essentials";6;29;174.0;"2023-02-07"
9707301;"CUST_07";"Computers and electric accessories";5;23;115.0;"2022-09-17"
9708536;"CUST_24";"Computers and electric accessories";1;19;18.5;"2023-08-28"
9708800;"CUST_03";"Patisserie";1;8;8.0;"2022-03-18"
9709127;"CUST_06";"Food";6;38;228.0;"2024-02-19"
9711658;"CUST_09";"Electric household essentials";4;20;80.0;"2022-03-06"
9712639;"CUST_10";"Computers and electric accessories";0;0;0.0;"2023-08-04"
9712699;"CUST_11";"Milk Products";8;13;100.0;"2022-09-08"
9712750;"CUST_15";"Electric household essentials";7;14;98.0;"2023-11-04"
9713065;"CUST_25";"Butchers";9;22;193.5;"2024-08-11"
9713205;"CUST_17";"Butchers";3;32;96.0;"2022-06-15"
9713810;"CUST_14";"Furniture";3;38;114.0;"2022-03-07"
9714531;"CUST_03";"Beverages";10;32;320.0;"2023-01-24"
9714585;"CUST_07";"Food";10;29;290.0;"2024-11-10"
9715411;"CUST_22";"Butchers";9;40;355.5;"2024-06-14"
9716704;"CUST_22";"Patisserie";3;10;28.5;"2024-07-27"
9717005;"CUST_01";"Computers and electric accessories";8;22;172.0;"2022-02-02"
9717609;"CUST_16";"Computers and electric accessories";2;16;31.0;"2022-12-09"
9717999;"CUST_03";"Furniture";2;25;49.0;"2022-04-29"
9718198;"CUST_02";"Electric household essentials";6;34;201.0;"2023-11-22"
9718881;"CUST_11";"Furniture";3;25;73.5;"2022-09-23"
9719161;"CUST_21";"Computers and electric accessories";8;38;304.0;"2024-09-11"
9719760;"CUST_20";"Butchers";7;34;234.5;"2022-10-16"
9720178;"CUST_25";"Electric household essentials";8;7;52.0;"2024-02-07"
9722290;"CUST_19";"Patisserie";9;17;153.0;"2024-12-05"
9723010;"CUST_21";"Milk Products";9;26;234.0;"2022-01-14"
9723263;"CUST_03";"Beverages";1;38;38.0;"2022-06-27"
9724017;"CUST_16";"Computers and electric accessories";2;17;34.0;"2023-12-03"
9724342;"CUST_07";"Milk Products";5;22;107.5;"2022-08-13"
9725690;"CUST_21";"Electric household essentials";6;16;93.0;"2022-08-30"
9726191;"CUST_10";"Furniture";8;41;328.0;"2024-08-28"
9727196;"CUST_04";"Beverages";8;34;268.0;"2025-01-03"
9727406;"CUST_06";"Milk Products";8;8;64.0;"2022-02-06"
9728486;"CUST_23";"Furniture";1;28;27.5;"2023-04-26"
9729422;"CUST_13";"Butchers";6;28;165.0;"2024-12-31"
9729966;"CUST_23";"Electric household essentials";10;19;185.0;"2024-09-19"
9730166;"CUST_20";"Food";9;11;99.0;"2022-10-25"
9730853;"CUST_19";"Beverages";3;20;60.0;"2022-11-16"
9731122;"CUST_15";"Milk Products";6;13;75.0;"2022-04-24"
9731608;"CUST_21";"Patisserie";3;5;15.0;"2024-01-01"
9732293;"CUST_24";"Butchers";3;41;123.0;"2022-08-06"
9733008;"CUST_07";"Furniture";3;40;118.5;"2023-09-19"
9735000;"CUST_05";"Milk Products";7;5;35.0;"2023-07-21"
9735326;"CUST_02";"Food";4;37;146.0;"2025-01-11"
9735952;"CUST_12";"Butchers";1;37;36.5;"2024-01-14"
9736021;"CUST_20";"Furniture";1;20;20.0;"2023-12-27"
9736193;"CUST_10";"Milk Products";8;22;172.0;"2024-05-28"
9737277;"CUST_10";"Patisserie";5;22;107.5;"2022-05-28"
9738373;"CUST_02";"Furniture";8;14;112.0;"2023-09-15"
9738784;"CUST_17";"Food";2;20;40.0;"2023-05-23"
9739067;"CUST_20";"Food";10;31;305.0;"2022-10-18"
9739398;"CUST_11";"Furniture";5;34;167.5;"2022-07-09"
9740238;"CUST_20";"Computers and electric accessories";7;14;98.0;"2022-01-14"
9740911;"CUST_20";"Beverages";3;32;96.0;"2023-10-09"
9741550;"CUST_22";"Butchers";2;31;61.0;"2024-09-05"
9742543;"CUST_09";"Patisserie";5;20;100.0;"2024-04-13"
9742627;"CUST_20";"Electric household essentials";4;41;164.0;"2022-09-30"
9743446;"CUST_24";"Food";2;23;46.0;"2024-05-02"
9743568;"CUST_25";"Butchers";3;7;19.5;"2024-10-23"
9744101;"CUST_10";"Computers and electric accessories";7;19;129.5;"2024-01-11"
9745509;"CUST_01";"Patisserie";10;41;410.0;"2023-08-24"
9746526;"CUST_11";"Food";7;25;171.5;"2025-01-04"
9748731;"CUST_08";"Computers and electric accessories";1;37;36.5;"2024-11-28"
9748964;"CUST_24";"Furniture";2;14;28.0;"2024-02-21"
9749154;"CUST_22";"Butchers";2;13;25.0;"2024-03-17"
9749228;"CUST_03";"Computers and electric accessories";10;28;275.0;"2024-12-26"
9749270;"CUST_05";"Patisserie";10;22;215.0;"2022-03-17"
9749789;"CUST_18";"Milk Products";2;32;64.0;"2024-12-10"
9750057;"CUST_18";"Patisserie";10;5;50.0;"2024-06-05"
9750559;"CUST_18";"Patisserie";2;38;76.0;"2023-01-24"
9752672;"CUST_18";"Computers and electric accessories";1;32;32.0;"2024-09-30"
9753172;"CUST_01";"Computers and electric accessories";9;17;153.0;"2022-01-12"
9753366;"CUST_20";"Butchers";10;28;275.0;"2022-09-02"
9753602;"CUST_18";"Milk Products";0;0;0.0;"2022-03-31"
9753727;"CUST_09";"Beverages";10;35;350.0;"2024-12-27"
9754668;"CUST_10";"Food";2;11;22.0;"2023-02-24"
9754923;"CUST_14";"Food";6;34;201.0;"2023-02-14"
9754957;"CUST_21";"Computers and electric accessories";2;32;64.0;"2024-07-20"
9755184;"CUST_10";"Butchers";5;37;182.5;"2024-11-25"
9755626;"CUST_25";"Patisserie";3;20;60.0;"2023-01-31"
9756944;"CUST_23";"Patisserie";4;22;86.0;"2023-12-16"
9757864;"CUST_24";"Computers and electric accessories";3;29;87.0;"2022-02-10"
9758083;"CUST_05";"Milk Products";7;13;87.5;"2022-08-11"
9758765;"CUST_07";"Electric household essentials";1;41;41.0;"2025-01-02"
9759054;"CUST_20";"Milk Products";8;7;52.0;"2022-12-09"
9759144;"CUST_21";"Food";9;26;234.0;"2023-03-06"
9759459;"CUST_22";"Patisserie";2;23;46.0;"2022-01-07"
9760364;"CUST_16";"Furniture";5;11;55.0;"2022-01-26"
9760482;"CUST_07";"Computers and electric accessories";9;20;180.0;"2023-01-06"
9760684;"CUST_07";"Patisserie";2;25;49.0;"2025-01-10"
9760724;"CUST_19";"Patisserie";10;38;380.0;"2022-03-25"
9760823;"CUST_11";"Beverages";5;5;25.0;"2023-06-14"
9760843;"CUST_17";"Computers and electric accessories";1;23;23.0;"2023-12-28"
9761469;"CUST_12";"Beverages";5;7;32.5;"2023-01-04"
9761735;"CUST_02";"Electric household essentials";7;38;266.0;"2024-10-06"
9762598;"CUST_15";"Milk Products";1;7;6.5;"2024-09-08"
9762811;"CUST_12";"Patisserie";3;16;46.5;"2023-09-11"
9763067;"CUST_18";"Furniture";10;28;275.0;"2024-08-04"
9763661;"CUST_23";"Patisserie";4;16;62.0;"2022-06-21"
9763916;"CUST_22";"Electric household essentials";1;22;21.5;"2024-07-26"
9764772;"CUST_25";"Electric household essentials";5;5;25.0;"2022-05-01"
9766336;"CUST_05";"Beverages";4;25;98.0;"2024-02-21"
9766485;"CUST_15";"Butchers";7;28;192.5;"2023-12-01"
9767779;"CUST_03";"Computers and electric accessories";0;0;0.0;"2022-08-03"
9768625;"CUST_15";"Computers and electric accessories";6;35;210.0;"2023-12-15"
9769588;"CUST_05";"Beverages";9;7;58.5;"2024-09-20"
9770361;"CUST_25";"Furniture";6;25;147.0;"2022-05-18"
9770930;"CUST_05";"Furniture";10;16;155.0;"2023-02-06"
9773944;"CUST_24";"Milk Products";5;25;122.5;"2023-10-21"
9773979;"CUST_05";"Computers and electric accessories";0;0;0.0;"2024-11-04"
9775877;"CUST_11";"Milk Products";6;14;84.0;"2023-03-06"
9776249;"CUST_09";"Computers and electric accessories";1;29;29.0;"2023-01-18"
9776299;"CUST_04";"Beverages";5;31;152.5;"2023-02-26"
9776378;"CUST_16";"Beverages";1;40;39.5;"2023-04-27"
9777000;"CUST_07";"Beverages";1;38;38.0;"2022-07-02"
9777368;"CUST_01";"Food";10;41;410.0;"2023-10-10"
9777501;"CUST_23";"Beverages";4;29;116.0;"2024-08-08"
9777548;"CUST_18";"Patisserie";7;26;182.0;"2023-02-11"
9777557;"CUST_18";"Electric household essentials";9;10;85.5;"2024-11-20"
9777724;"CUST_21";"Food";9;20;180.0;"2024-05-22"
9778912;"CUST_14";"Electric household essentials";8;35;280.0;"2024-08-27"
9779104;"CUST_13";"Electric household essentials";8;38;304.0;"2024-12-05"
9779183;"CUST_22";"Furniture";2;20;40.0;"2023-08-10"
9779243;"CUST_14";"Patisserie";2;10;19.0;"2022-04-24"
9779568;"CUST_17";"Milk Products";4;20;80.0;"2022-06-04"
9779989;"CUST_18";"Milk Products";5;29;145.0;"2022-03-11"
9780001;"CUST_20";"Patisserie";6;17;102.0;"2024-02-17"
9780053;"CUST_20";"Butchers";1;11;11.0;"2023-06-25"
9780180;"CUST_07";"Electric household essentials";8;41;328.0;"2023-10-19"
9783618;"CUST_07";"Electric household essentials";2;19;37.0;"2024-11-03"
9787092;"CUST_16";"Computers and electric accessories";10;32;320.0;"2024-03-11"
9789967;"CUST_19";"Food";10;8;80.0;"2022-08-18"
9790107;"CUST_24";"Patisserie";3;22;64.5;"2022-06-06"
9791556;"CUST_18";"Furniture";10;41;410.0;"2024-01-27"
9791812;"CUST_14";"Food";5;25;122.5;"2022-11-17"
9791851;"CUST_05";"Computers and electric accessories";5;31;152.5;"2023-01-01"
9792470;"CUST_18";"Food";4;8;32.0;"2024-01-22"
9793801;"CUST_13";"Butchers";9;13;112.5;"2024-02-23"
9793935;"CUST_18";"Milk Products";7;31;213.5;"2023-10-04"
9794056;"CUST_05";"Electric household essentials";8;41;328.0;"2023-07-13"
9794272;"CUST_03";"Milk Products";4;28;110.0;"2023-07-04"
9796982;"CUST_05";"Milk Products";6;14;84.0;"2022-03-29"
9799191;"CUST_11";"Butchers";9;23;207.0;"2023-10-19"
9799219;"CUST_22";"Electric household essentials";5;34;167.5;"2024-08-18"
9799570;"CUST_24";"Food";1;7;6.5;"2022-02-05"
9799936;"CUST_13";"Electric household essentials";2;19;37.0;"2024-10-03"
9800440;"CUST_16";"Furniture";6;29;174.0;"2023-12-19"
9800846;"CUST_05";"Furniture";6;10;57.0;"2022-03-15"
9802098;"CUST_04";"Food";7;22;150.5;"2024-03-14"
9803107;"CUST_24";"Electric household essentials";5;34;167.5;"2023-07-22"
9803487;"CUST_13";"Beverages";5;10;47.5;"2023-03-29"
9805058;"CUST_19";"Butchers";7;14;98.0;"2024-06-24"
9806807;"CUST_06";"Furniture";5;28;137.5;"2022-01-22"
9807056;"CUST_19";"Milk Products";4;5;20.0;"2022-03-04"
9807282;"CUST_21";"Food";7;22;150.5;"2023-08-22"
9807861;"CUST_07";"Furniture";10;26;260.0;"2022-10-25"
9810114;"CUST_09";"Milk Products";1;8;8.0;"2023-08-14"
9810444;"CUST_05";"Furniture";6;13;75.0;"2024-08-03"
9810837;"CUST_16";"Computers and electric accessories";3;19;55.5;"2024-10-10"
9811351;"CUST_07";"Electric household essentials";6;7;39.0;"2023-05-22"
9813169;"CUST_20";"Butchers";6;26;156.0;"2025-01-07"
9813497;"CUST_12";"Butchers";1;34;33.5;"2023-04-12"
9815485;"CUST_19";"Butchers";5;28;137.5;"2024-05-02"
9815869;"CUST_17";"Electric household essentials";9;20;180.0;"2022-06-25"
9816119;"CUST_08";"Beverages";8;16;124.0;"2022-08-26"
9816328;"CUST_01";"Butchers";2;14;28.0;"2024-08-27"
9816950;"CUST_03";"Beverages";7;25;171.5;"2024-04-14"
9817044;"CUST_09";"Food";5;23;115.0;"2022-02-27"
9817152;"CUST_07";"Electric household essentials";6;23;138.0;"2024-05-08"
9818603;"CUST_05";"Computers and electric accessories";0;0;0.0;"2023-07-20"
9818960;"CUST_10";"Beverages";5;7;32.5;"2022-04-08"
9820980;"CUST_16";"Food";1;29;29.0;"2024-09-20"
9821381;"CUST_10";"Furniture";10;11;110.0;"2024-06-11"
9821519;"CUST_10";"Electric household essentials";6;35;210.0;"2022-06-07"
9823408;"CUST_05";"Computers and electric accessories";3;17;51.0;"2024-10-20"
9824009;"CUST_16";"Computers and electric accessories";6;11;66.0;"2025-01-16"
9824720;"CUST_11";"Patisserie";1;38;38.0;"2024-05-20"
9824897;"CUST_13";"Patisserie";5;5;25.0;"2024-03-10"
9825203;"CUST_20";"Furniture";3;26;78.0;"2023-04-16"
9826370;"CUST_25";"Furniture";4;13;50.0;"2024-02-21"
9827001;"CUST_15";"Butchers";1;14;14.0;"2023-03-20"
9827245;"CUST_02";"Electric household essentials";5;35;175.0;"2022-04-12"
9827837;"CUST_11";"Electric household essentials";10;7;65.0;"2022-10-16"
9827840;"CUST_03";"Food";6;20;120.0;"2024-11-07"
9828877;"CUST_24";"Butchers";10;23;230.0;"2022-10-08"
9829192;"CUST_21";"Butchers";1;28;27.5;"2023-03-10"
9830364;"CUST_07";"Computers and electric accessories";7;11;77.0;"2024-04-04"
9830435;"CUST_19";"Computers and electric accessories";5;16;77.5;"2022-01-30"
9831254;"CUST_11";"Patisserie";5;32;160.0;"2022-12-04"
9832001;"CUST_05";"Butchers";9;41;369.0;"2023-07-30"
9832770;"CUST_23";"Computers and electric accessories";9;37;328.5;"2024-02-22"
9834766;"CUST_04";"Butchers";9;37;328.5;"2023-10-24"
9835267;"CUST_23";"Milk Products";8;23;184.0;"2023-07-15"
9835299;"CUST_04";"Electric household essentials";2;23;46.0;"2022-11-12"
9836537;"CUST_06";"Food";6;32;192.0;"2024-01-24"
9837294;"CUST_23";"Beverages";4;10;38.0;"2024-06-15"
9837356;"CUST_13";"Food";10;22;215.0;"2023-07-18"
9840878;"CUST_07";"Computers and electric accessories";10;17;170.0;"2023-10-17"
9841782;"CUST_20";"Electric household essentials";7;7;45.5;"2022-07-19"
9841835;"CUST_01";"Computers and electric accessories";1;17;17.0;"2022-02-01"
9844205;"CUST_05";"Furniture";2;29;58.0;"2023-01-12"
9845530;"CUST_25";"Electric household essentials";4;26;104.0;"2022-09-26"
9845980;"CUST_13";"Patisserie";5;10;47.5;"2024-05-13"
9846740;"CUST_03";"Electric household essentials";8;34;268.0;"2023-05-06"
9847074;"CUST_05";"Food";6;41;246.0;"2024-11-14"
9847297;"CUST_25";"Milk Products";7;38;266.0;"2023-12-11"
9848359;"CUST_16";"Butchers";3;26;78.0;"2024-12-19"
9848727;"CUST_05";"Electric household essentials";6;13;75.0;"2023-03-18"
9849482;"CUST_15";"Food";3;22;64.5;"2022-12-08"
9850035;"CUST_21";"Electric household essentials";9;17;153.0;"2024-10-25"
9850588;"CUST_21";"Computers and electric accessories";8;23;184.0;"2023-01-27"
9850952;"CUST_06";"Furniture";1;7;6.5;"2023-09-14"
9851864;"CUST_12";"Computers and electric accessories";5;8;40.0;"2024-12-01"
9852381;"CUST_21";"Furniture";4;35;140.0;"2022-01-05"
9854071;"CUST_06";"Milk Products";10;14;140.0;"2024-03-12"
9855768;"CUST_02";"Milk Products";4;8;32.0;"2024-02-06"
9856733;"CUST_03";"Patisserie";0;0;0.0;"2023-03-15"
9856856;"CUST_17";"Furniture";9;26;234.0;"2024-04-25"
9856909;"CUST_10";"Patisserie";7;25;171.5;"2022-07-10"
9857360;"CUST_05";"Patisserie";10;32;320.0;"2024-05-17"
9858963;"CUST_02";"Furniture";8;35;280.0;"2024-09-27"
9860106;"CUST_17";"Butchers";4;11;44.0;"2024-08-14"
9860184;"CUST_22";"Butchers";1;7;6.5;"2022-04-21"
9860940;"CUST_09";"Furniture";9;37;328.5;"2024-06-11"
9861104;"CUST_02";"Electric household essentials";1;38;38.0;"2024-05-01"
9861492;"CUST_19";"Electric household essentials";2;17;34.0;"2023-10-13"
9861694;"CUST_10";"Beverages";2;34;67.0;"2023-08-01"
9861733;"CUST_08";"Beverages";1;31;30.5;"2022-03-04"
9861930;"CUST_12";"Electric household essentials";2;13;25.0;"2022-04-15"
9862117;"CUST_20";"Patisserie";1;8;8.0;"2022-05-29"
9862250;"CUST_11";"Food";6;13;75.0;"2022-06-04"
9862828;"CUST_18";"Butchers";1;37;36.5;"2025-01-03"
9863257;"CUST_15";"Milk Products";4;28;110.0;"2024-05-04"
9863754;"CUST_09";"Butchers";7;31;213.5;"2022-10-24"
9864135;"CUST_25";"Electric household essentials";1;20;20.0;"2023-08-17"
9864321;"CUST_09";"Computers and electric accessories";5;26;130.0;"2024-04-04"
9864806;"CUST_24";"Milk Products";7;28;192.5;"2023-06-04"
9865472;"CUST_24";"Furniture";1;41;41.0;"2023-05-18"
9867587;"CUST_04";"Food";8;35;280.0;"2023-12-14"
9867797;"CUST_08";"Furniture";2;26;52.0;"2024-11-12"
9868145;"CUST_15";"Patisserie";0;0;0.0;"2023-06-02"
9869914;"CUST_15";"Patisserie";10;13;125.0;"2024-05-28"
9870030;"CUST_23";"Milk Products";4;20;80.0;"2022-08-02"
9870820;"CUST_21";"Electric household essentials";7;41;287.0;"2023-08-18"
9872413;"CUST_21";"Food";8;34;268.0;"2024-06-22"
9874492;"CUST_25";"Furniture";5;25;122.5;"2024-06-26"
9874732;"CUST_07";"Electric household essentials";2;28;55.0;"2022-08-27"
9875507;"CUST_15";"Computers and electric accessories";0;0;0.0;"2022-07-16"
9876893;"CUST_02";"Patisserie";1;10;9.5;"2022-12-29"
9877509;"CUST_14";"Butchers";4;32;128.0;"2024-06-02"
9877876;"CUST_16";"Patisserie";2;22;43.0;"2024-02-07"
9881750;"CUST_01";"Furniture";8;13;100.0;"2024-10-19"
9881966;"CUST_16";"Beverages";10;10;95.0;"2024-12-27"
9882289;"CUST_13";"Patisserie";1;38;38.0;"2024-03-06"
9882558;"CUST_24";"Food";4;29;116.0;"2023-12-21"
9882772;"CUST_09";"Furniture";9;29;261.0;"2023-08-07"
9882976;"CUST_21";"Electric household essentials";10;26;260.0;"2024-05-21"
9884690;"CUST_05";"Butchers";3;8;24.0;"2022-10-24"
9884963;"CUST_19";"Furniture";3;20;60.0;"2024-04-13"
9885558;"CUST_16";"Patisserie";7;14;98.0;"2023-03-15"
9885565;"CUST_21";"Milk Products";10;20;200.0;"2023-01-24"
9885625;"CUST_22";"Beverages";3;19;55.5;"2024-03-23"
9886688;"CUST_08";"Furniture";1;16;15.5;"2022-04-24"
9886800;"CUST_09";"Patisserie";8;11;88.0;"2022-01-27"
9887558;"CUST_13";"Electric household essentials";4;22;86.0;"2022-03-17"
9887959;"CUST_24";"Beverages";0;0;0.0;"2023-08-09"
9888265;"CUST_18";"Butchers";7;26;182.0;"2022-08-09"
9888917;"CUST_05";"Patisserie";9;40;355.5;"2024-10-21"
9889065;"CUST_17";"Milk Products";1;29;29.0;"2023-09-18"
9889424;"CUST_04";"Computers and electric accessories";2;38;76.0;"2025-01-04"
9890204;"CUST_15";"Patisserie";8;10;76.0;"2023-06-09"
9890315;"CUST_21";"Patisserie";10;38;380.0;"2023-06-15"
9891054;"CUST_20";"Computers and electric accessories";10;26;260.0;"2022-10-11"
9891427;"CUST_08";"Food";2;34;67.0;"2024-07-24"
9892104;"CUST_22";"Butchers";10;22;215.0;"2022-10-21"
9892705;"CUST_10";"Butchers";3;29;87.0;"2024-11-06"
9893886;"CUST_17";"Butchers";2;23;46.0;"2022-07-10"
9894424;"CUST_25";"Food";4;25;98.0;"2023-09-27"
9895162;"CUST_09";"Food";1;5;5.0;"2024-05-18"
9896056;"CUST_10";"Electric household essentials";3;34;100.5;"2022-12-29"
9896520;"CUST_01";"Computers and electric accessories";2;37;73.0;"2022-08-26"
9896688;"CUST_12";"Furniture";10;35;350.0;"2022-01-29"
9896775;"CUST_10";"Food";3;8;24.0;"2022-08-16"
9896915;"CUST_22";"Beverages";7;7;45.5;"2024-04-29"
9897293;"CUST_23";"Patisserie";10;40;395.0;"2023-05-26"
9897874;"CUST_11";"Food";7;31;213.5;"2023-03-09"
9898312;"CUST_18";"Electric household essentials";7;28;192.5;"2024-03-06"
9898371;"CUST_01";"Butchers";2;5;10.0;"2024-11-29"
9900913;"CUST_25";"Patisserie";0;0;0.0;"2023-11-15"
9901111;"CUST_23";"Milk Products";3;14;42.0;"2022-11-06"
9901915;"CUST_14";"Beverages";9;31;274.5;"2023-10-28"
9902772;"CUST_12";"Food";4;20;80.0;"2022-06-16"
9904612;"CUST_16";"Patisserie";4;14;56.0;"2024-01-03"
9906846;"CUST_08";"Beverages";0;0;0.0;"2023-10-03"
9906990;"CUST_22";"Butchers";9;8;72.0;"2022-07-11"
9907089;"CUST_21";"Computers and electric accessories";1;11;11.0;"2024-09-27"
9908330;"CUST_19";"Food";4;31;122.0;"2022-09-29"
9909476;"CUST_03";"Food";5;37;182.5;"2023-09-22"
9910150;"CUST_08";"Electric household essentials";4;17;68.0;"2022-05-23"
9911083;"CUST_07";"Electric household essentials";2;28;55.0;"2023-10-18"
9911488;"CUST_25";"Electric household essentials";1;5;5.0;"2024-09-02"
9911848;"CUST_18";"Milk Products";10;13;125.0;"2022-06-08"
9912310;"CUST_01";"Patisserie";10;26;260.0;"2024-09-05"
9914794;"CUST_09";"Furniture";9;20;180.0;"2024-12-12"
9915285;"CUST_05";"Furniture";10;28;275.0;"2022-01-14"
9915974;"CUST_24";"Computers and electric accessories";1;32;32.0;"2024-11-16"
9916842;"CUST_07";"Patisserie";10;34;335.0;"2024-11-15"
9917843;"CUST_11";"Milk Products";10;10;95.0;"2024-03-04"
9917996;"CUST_16";"Food";10;32;320.0;"2023-07-12"
9920471;"CUST_06";"Computers and electric accessories";7;17;119.0;"2023-03-18"
9921931;"CUST_13";"Computers and electric accessories";5;11;55.0;"2023-02-13"
9922518;"CUST_08";"Food";9;37;328.5;"2023-07-30"
9922695;"CUST_21";"Butchers";3;23;69.0;"2023-05-05"
9923470;"CUST_21";"Patisserie";0;0;0.0;"2023-03-08"
9923886;"CUST_08";"Furniture";7;20;140.0;"2024-08-08"
9924831;"CUST_07";"Patisserie";2;17;34.0;"2023-06-03"
9924929;"CUST_24";"Food";10;40;395.0;"2022-11-16"
9925103;"CUST_15";"Computers and electric accessories";10;26;260.0;"2024-02-02"
9925623;"CUST_25";"Beverages";4;41;164.0;"2022-08-20"
9925855;"CUST_03";"Beverages";8;38;304.0;"2024-10-02"
9926710;"CUST_04";"Butchers";7;26;182.0;"2023-02-13"
9928533;"CUST_19";"Beverages";10;22;215.0;"2022-12-01"
9929027;"CUST_14";"Food";5;13;62.5;"2024-06-18"
9929072;"CUST_01";"Patisserie";5;10;47.5;"2024-05-27"
9929561;"CUST_13";"Furniture";5;35;175.0;"2024-02-28"
9930429;"CUST_19";"Electric household essentials";9;29;261.0;"2023-12-02"
9930574;"CUST_14";"Food";7;5;35.0;"2022-03-16"
9930960;"CUST_08";"Milk Products";3;8;24.0;"2023-11-02"
9931237;"CUST_22";"Electric household essentials";7;11;77.0;"2024-11-18"
9931724;"CUST_02";"Electric household essentials";10;28;275.0;"2023-12-13"
9933537;"CUST_02";"Furniture";1;32;32.0;"2022-04-13"
9933625;"CUST_25";"Patisserie";8;34;268.0;"2022-11-02"
9936490;"CUST_23";"Food";5;40;197.5;"2024-10-18"
9937190;"CUST_23";"Food";3;23;69.0;"2023-07-14"
9937931;"CUST_02";"Beverages";5;22;107.5;"2024-05-09"
9937951;"CUST_25";"Milk Products";2;37;73.0;"2022-09-20"
9938063;"CUST_21";"Electric household essentials";4;41;164.0;"2024-01-22"
9938453;"CUST_21";"Butchers";4;16;62.0;"2022-09-09"
9938912;"CUST_07";"Butchers";1;22;21.5;"2023-07-23"
9939063;"CUST_14";"Beverages";9;14;126.0;"2024-01-14"
9940030;"CUST_25";"Beverages";6;32;192.0;"2022-01-19"
9941031;"CUST_05";"Patisserie";5;11;55.0;"2023-04-14"
9941927;"CUST_17";"Electric household essentials";4;13;50.0;"2022-01-16"
9943125;"CUST_16";"Computers and electric accessories";9;38;342.0;"2023-01-20"
9943430;"CUST_20";"Furniture";5;5;25.0;"2022-01-03"
9944467;"CUST_17";"Patisserie";6;17;102.0;"2023-03-13"
9944884;"CUST_25";"Butchers";7;35;245.0;"2024-04-28"
9945795;"CUST_04";"Beverages";7;28;192.5;"2022-05-22"
9945945;"CUST_11";"Patisserie";3;40;118.5;"2023-09-17"
9946325;"CUST_12";"Beverages";6;29;174.0;"2024-06-08"
9946688;"CUST_05";"Milk Products";8;8;64.0;"2023-12-05"
9946792;"CUST_23";"Furniture";6;41;246.0;"2022-09-07"
9947407;"CUST_01";"Computers and electric accessories";3;22;64.5;"2024-09-24"
9948170;"CUST_14";"Electric household essentials";9;41;369.0;"2022-04-27"
9948370;"CUST_15";"Computers and electric accessories";3;17;51.0;"2023-07-04"
9950024;"CUST_08";"Electric household essentials";6;28;165.0;"2024-06-28"
9950204;"CUST_02";"Electric household essentials";6;11;66.0;"2023-11-11"
9951016;"CUST_25";"Patisserie";3;7;19.5;"2022-02-01"
9951192;"CUST_05";"Electric household essentials";7;37;255.5;"2024-06-27"
9951872;"CUST_16";"Electric household essentials";7;40;276.5;"2024-11-10"
9952907;"CUST_09";"Food";1;37;36.5;"2024-10-18"
9957512;"CUST_21";"Milk Products";5;32;160.0;"2025-01-14"
9957726;"CUST_25";"Butchers";1;22;21.5;"2022-06-22"
9957874;"CUST_09";"Computers and electric accessories";9;5;45.0;"2022-06-29"
9958675;"CUST_24";"Electric household essentials";6;20;120.0;"2024-02-27"
9958872;"CUST_22";"Patisserie";7;7;45.5;"2024-06-30"
9959673;"CUST_06";"Electric household essentials";6;29;174.0;"2023-05-05"
9960444;"CUST_05";"Beverages";2;32;64.0;"2024-03-11"
9961587;"CUST_18";"Beverages";3;7;19.5;"2022-11-21"
9963254;"CUST_08";"Furniture";0;0;0.0;"2024-11-14"
9964153;"CUST_07";"Patisserie";2;41;82.0;"2023-05-29"
9964258;"CUST_23";"Electric household essentials";7;13;87.5;"2022-09-17"
9965946;"CUST_02";"Beverages";7;31;213.5;"2023-06-10"
9966592;"CUST_13";"Furniture";7;34;234.5;"2022-05-17"
9967357;"CUST_13";"Beverages";9;7;58.5;"2023-05-24"
9967438;"CUST_02";"Milk Products";2;28;55.0;"2024-02-22"
9967796;"CUST_04";"Butchers";7;32;224.0;"2022-06-15"
9967946;"CUST_22";"Beverages";9;34;301.5;"2024-04-23"
9969248;"CUST_02";"Butchers";2;37;73.0;"2023-05-12"
9969255;"CUST_10";"Computers and electric accessories";4;26;104.0;"2024-06-11"
9969837;"CUST_04";"Furniture";3;7;19.5;"2024-03-17"
9970141;"CUST_10";"Electric household essentials";3;5;15.0;"2023-07-03"
9971279;"CUST_18";"Patisserie";6;5;30.0;"2023-06-14"
9972181;"CUST_22";"Electric household essentials";5;35;175.0;"2024-12-28"
9972948;"CUST_02";"Milk Products";4;20;80.0;"2024-09-02"
9974657;"CUST_15";"Patisserie";7;13;87.5;"2022-09-20"
9974710;"CUST_20";"Furniture";3;19;55.5;"2024-11-06"
9975461;"CUST_11";"Food";8;20;160.0;"2024-01-30"
9976272;"CUST_23";"Milk Products";1;28;27.5;"2023-08-22"
9976541;"CUST_04";"Patisserie";3;16;46.5;"2023-02-22"
9976971;"CUST_14";"Electric household essentials";7;26;182.0;"2022-05-21"
9977844;"CUST_18";"Patisserie";0;0;0.0;"2022-12-27"
9978007;"CUST_14";"Electric household essentials";2;38;76.0;"2022-11-02"
9978020;"CUST_15";"Butchers";5;20;100.0;"2024-08-17"
9978418;"CUST_10";"Butchers";5;25;122.5;"2024-02-24"
9979169;"CUST_17";"Beverages";9;34;301.5;"2022-07-04"
9979272;"CUST_15";"Milk Products";2;20;40.0;"2023-06-05"
9979595;"CUST_14";"Butchers";4;37;146.0;"2023-03-02"
9980491;"CUST_17";"Furniture";4;20;80.0;"2023-11-28"
9980622;"CUST_06";"Food";4;20;80.0;"2023-02-20"
9980683;"CUST_02";"Furniture";3;8;24.0;"2023-07-01"
9980736;"CUST_13";"Furniture";2;25;49.0;"2023-08-29"
9981851;"CUST_03";"Furniture";9;41;369.0;"2024-11-27"
9984609;"CUST_10";"Furniture";1;5;5.0;"2023-10-02"
9986278;"CUST_07";"Food";2;5;10.0;"2024-09-14"
9986809;"CUST_10";"Beverages";6;13;75.0;"2022-08-20"
9986826;"CUST_11";"Beverages";4;8;32.0;"2024-01-30"
9987791;"CUST_08";"Milk Products";2;37;73.0;"2022-10-07"
9988833;"CUST_22";"Furniture";10;25;245.0;"2022-12-12"
9988948;"CUST_25";"Furniture";10;28;275.0;"2023-10-08"
9989291;"CUST_06";"Electric household essentials";8;11;88.0;"2023-07-09"
9989402;"CUST_05";"Beverages";5;26;130.0;"2025-01-01"
9989610;"CUST_20";"Food";7;20;140.0;"2023-11-12"
9991358;"CUST_25";"Electric household essentials";6;31;183.0;"2023-07-17"
9993395;"CUST_22";"Butchers";2;7;13.0;"2023-02-09"
9993420;"CUST_07";"Patisserie";5;26;130.0;"2024-09-29"
9993612;"CUST_01";"Milk Products";6;23;138.0;"2023-09-05"
9994084;"CUST_24";"Food";4;37;146.0;"2022-02-17"
9995284;"CUST_07";"Food";3;29;87.0;"2024-12-22"
9995715;"CUST_11";"Computers and electric accessories";8;16;124.0;"2022-01-20"
9996372;"CUST_25";"Computers and electric accessories";2;20;40.0;"2024-11-11"
9996492;"CUST_22";"Milk Products";8;14;112.0;"2024-07-30"
9996909;"CUST_23";"Furniture";10;16;155.0;"2024-09-06"
9997234;"CUST_02";"Butchers";8;41;328.0;"2024-09-26"
9998575;"CUST_13";"Food";9;13;112.5;"2024-01-02"
9999124;"CUST_02";"Butchers";0;0;0.0;"2024-02-21"
9999729;"CUST_15";"Butchers";5;38;190.0;"2022-10-28"
